gene_raw,contribution,rank,gene,gene_hgnc
ENSG00000230910.2,0.003448023664242826,1,ENSG00000230910,ADGRB3-DT
ENSG00000109906.13,0.003441552516817693,2,ENSG00000109906,ZBTB16
ENSG00000166405.14,0.0032221298529735718,3,ENSG00000166405,RIC3
ENSG00000123560.13,0.0032090235330343706,4,ENSG00000123560,PLP1
ENSG00000071991.8,0.0030177908981210717,5,ENSG00000071991,CDH19
ENSG00000144230.16,0.003005958720864768,6,ENSG00000144230,GPR17
ENSG00000018625.14,0.0029288793633667,7,ENSG00000018625,ATP1A2
ENSG00000166091.19,0.0029287157869723503,8,ENSG00000166091,CMTM5
ENSG00000272573.5,0.002870085261780461,9,ENSG00000272573,MUSTN1
ENSG00000196616.12,0.0028618828064070827,10,ENSG00000196616,ADH1B
ENSG00000009694.13,0.002751562329291441,11,ENSG00000009694,TENM1
ENSG00000235734.4,0.0027259856274096128,12,ENSG00000235734,HMGN1P36
ENSG00000175161.13,0.0027153416772556236,13,ENSG00000175161,CADM2
ENSG00000229237.2,0.0026888758344386383,14,ENSG00000229237,HMGN1P37
ENSG00000164530.13,0.002655986195881389,15,ENSG00000164530,PI16
ENSG00000228168.1,0.0026400506038967,16,ENSG00000228168,HNRNPA1P21
ENSG00000122756.14,0.002618633275382292,17,ENSG00000122756,CNTFR
ENSG00000236333.3,0.0026146779436037786,18,ENSG00000236333,TRHDE-AS1
ENSG00000214548.14,0.0026112077672834117,19,ENSG00000214548,MEG3
ENSG00000092054.12,0.002609144288587087,20,ENSG00000092054,MYH7
ENSG00000226252.1,0.002600580340762999,21,ENSG00000226252,ENSG00000226252
ENSG00000160808.9,0.002600124303635257,22,ENSG00000160808,MYL3
ENSG00000179915.20,0.0025826254757540788,23,ENSG00000179915,NRXN1
ENSG00000120729.9,0.002565535176034566,24,ENSG00000120729,MYOT
ENSG00000240854.1,0.002549377739275783,25,ENSG00000240854,PSMC2P1
ENSG00000265415.1,0.0025434328778889937,26,ENSG00000265415,PRR11-AS1
ENSG00000147588.6,0.002539996544371587,27,ENSG00000147588,PMP2
ENSG00000159251.6,0.0025305607689754847,28,ENSG00000159251,ACTC1
ENSG00000158445.7,0.0025294633474661297,29,ENSG00000158445,KCNB1
ENSG00000167434.9,0.0025157279499768218,30,ENSG00000167434,CA4
ENSG00000169085.11,0.002514325248177517,31,ENSG00000169085,VXN
ENSG00000182836.9,0.002501426543774292,32,ENSG00000182836,PLCXD3
ENSG00000219928.2,0.0024837116127338706,33,ENSG00000219928,ENSG00000219928
ENSG00000236090.2,0.0024589314950335486,34,ENSG00000236090,LDHAP3
ENSG00000135298.13,0.002457130265047485,35,ENSG00000135298,ADGRB3
ENSG00000124440.15,0.0024566662271511878,36,ENSG00000124440,HIF3A
ENSG00000218358.2,0.0024434948902416175,37,ENSG00000218358,RAET1K
ENSG00000136546.13,0.0024345501835387716,38,ENSG00000136546,SCN7A
ENSG00000111245.14,0.002422998725597867,39,ENSG00000111245,MYL2
ENSG00000141744.3,0.0024116376575220944,40,ENSG00000141744,PNMT
ENSG00000157152.16,0.0024095364145262726,41,ENSG00000157152,SYN2
ENSG00000181234.9,0.002398506227762924,42,ENSG00000181234,TMEM132C
ENSG00000170074.19,0.002396947565139856,43,ENSG00000170074,FAM153A
ENSG00000268942.2,0.00239484684071101,44,ENSG00000268942,CKS1BP3
ENSG00000153253.15,0.0023909382950545242,45,ENSG00000153253,SCN3A
ENSG00000155511.17,0.002388629076674793,46,ENSG00000155511,GRIA1
ENSG00000230734.1,0.0023873406196826814,47,ENSG00000230734,RPL10P3
ENSG00000125851.9,0.0023754535417380516,48,ENSG00000125851,PCSK2
ENSG00000172399.5,0.002374888791743242,49,ENSG00000172399,MYOZ2
ENSG00000010282.14,0.002368248521263421,50,ENSG00000010282,HHATL
ENSG00000196747.4,0.0023590266132887793,51,ENSG00000196747,H2AC13
ENSG00000128482.15,0.0023471643650586366,52,ENSG00000128482,RNF112
ENSG00000077522.12,0.0023444817846322253,53,ENSG00000077522,ACTN2
ENSG00000184905.8,0.0023367252188045786,54,ENSG00000184905,TCEAL2
ENSG00000111404.6,0.0023341934732014004,55,ENSG00000111404,RERGL
ENSG00000100146.16,0.002328722669294054,56,ENSG00000100146,SOX10
ENSG00000185130.5,0.0023272781073181825,57,ENSG00000185130,H2BC13
ENSG00000198597.8,0.002311048220925531,58,ENSG00000198597,ZNF536
ENSG00000129596.4,0.0022969830740523795,59,ENSG00000129596,CDO1
ENSG00000141338.13,0.0022956018500629987,60,ENSG00000141338,ABCA8
ENSG00000241431.1,0.00229161741920934,61,ENSG00000241431,RPL37P6
ENSG00000135447.16,0.002290297444061977,62,ENSG00000135447,PPP1R1A
ENSG00000237949.1,0.002289008921847327,63,ENSG00000237949,LOC102724768
ENSG00000149970.14,0.002288118805369667,64,ENSG00000149970,CNKSR2
ENSG00000133169.5,0.00228589488459378,65,ENSG00000133169,BEX1
ENSG00000236304.1,0.0022845044025596958,66,ENSG00000236304,LRRC32-AS1
ENSG00000266964.5,0.0022813084109092174,67,ENSG00000266964,FXYD1
ENSG00000106018.13,0.0022796304941875524,68,ENSG00000106018,VIPR2
ENSG00000111335.12,0.0022732911321001,69,ENSG00000111335,OAS2
ENSG00000184601.10,0.0022633299006264485,70,ENSG00000184601,C14orf180
ENSG00000184226.14,0.002259843173274018,71,ENSG00000184226,PCDH9
ENSG00000206228.4,0.002258465436155765,72,ENSG00000206228,HNRNPA1P4
ENSG00000182230.11,0.002250875107082336,73,ENSG00000182230,ENSG00000182230
ENSG00000175084.11,0.0022482083673836958,74,ENSG00000175084,DES
ENSG00000187922.13,0.0022379367933835293,75,ENSG00000187922,LCN10
ENSG00000141639.11,0.0022356525989273937,76,ENSG00000141639,MAPK4
ENSG00000148795.5,0.0022346469358785486,77,ENSG00000148795,CYP17A1
ENSG00000119147.9,0.0022325275498768496,78,ENSG00000119147,ECRG4
ENSG00000164106.7,0.0022275254152541784,79,ENSG00000164106,SCRG1
ENSG00000157150.4,0.0022268605959755365,80,ENSG00000157150,TIMP4
ENSG00000177301.13,0.0022199517100950066,81,ENSG00000177301,KCNA2
ENSG00000107147.11,0.0022178327043713766,82,ENSG00000107147,KCNT1
ENSG00000274641.1,0.0022164076647427583,83,ENSG00000274641,H2BC17
ENSG00000196091.12,0.0022147315607447316,84,ENSG00000196091,MYBPC1
ENSG00000280237.1,0.0022126646361477886,85,ENSG00000280237,ENSG00000280237
ENSG00000231437.3,0.0022085599336579675,86,ENSG00000231437,LINC01750
ENSG00000109061.9,0.002201398766479186,87,ENSG00000109061,MYH1
ENSG00000272789.1,0.002195547880412879,88,ENSG00000272789,MYO7B-AS1
ENSG00000167281.18,0.002192337103459996,89,ENSG00000167281,RBFOX3
ENSG00000230838.1,0.0021911330704183223,90,ENSG00000230838,LINC01614
ENSG00000163884.3,0.0021894549527780188,91,ENSG00000163884,KLF15
ENSG00000125414.18,0.0021869986533201422,92,ENSG00000125414,MYH2
ENSG00000143520.6,0.0021868604465115024,93,ENSG00000143520,FLG2
ENSG00000205221.12,0.002185950866125243,94,ENSG00000205221,VIT
ENSG00000256210.3,0.0021858019608746683,95,ENSG00000256210,TMEM167AP2
ENSG00000150625.16,0.0021857262691501143,96,ENSG00000150625,GPM6A
ENSG00000170965.9,0.002184764446022877,97,ENSG00000170965,PLAC1
ENSG00000197893.13,0.0021743367423818615,98,ENSG00000197893,NRAP
ENSG00000261701.6,0.0021716766190226352,99,ENSG00000261701,HPR
ENSG00000206077.10,0.0021715071926722107,100,ENSG00000206077,ZDHHC11B
ENSG00000186439.12,0.002170948445965834,101,ENSG00000186439,TRDN
ENSG00000278677.1,0.0021700710082510452,102,ENSG00000278677,H2AC17
ENSG00000214402.6,0.002162827034728967,103,ENSG00000214402,LCNL1
ENSG00000197616.11,0.0021626600055436687,104,ENSG00000197616,MYH6
ENSG00000237594.2,0.0021595606889708153,105,ENSG00000237594,TIAM1-AS1
ENSG00000280073.1,0.0021483993069454426,106,ENSG00000280073,ENSG00000280073
ENSG00000167900.11,0.002146581717910487,107,ENSG00000167900,TK1
ENSG00000154263.17,0.002145628455371145,108,ENSG00000154263,ABCA10
ENSG00000273983.1,0.002145417589664003,109,ENSG00000273983,H3C8
ENSG00000225670.4,0.0021428500290237673,110,ENSG00000225670,CADM3-AS1
ENSG00000223561.6,0.002138879319396555,111,ENSG00000223561,LINC03007
ENSG00000171819.4,0.002137159402145407,112,ENSG00000171819,ANGPTL7
ENSG00000077009.13,0.0021278909401104247,113,ENSG00000077009,NMRK2
ENSG00000204253.4,0.002122382165945983,114,ENSG00000204253,HNRNPCP2
ENSG00000258498.6,0.0021184331071332,115,ENSG00000258498,DIO3OS
ENSG00000262406.2,0.0021166162266599187,116,ENSG00000262406,MMP12
ENSG00000162383.11,0.002113076558878548,117,ENSG00000162383,SLC1A7
ENSG00000140538.16,0.002110651864922598,118,ENSG00000140538,NTRK3
ENSG00000101938.14,0.0021053426394420953,119,ENSG00000101938,CHRDL1
ENSG00000166670.9,0.0021027919930090466,120,ENSG00000166670,MMP10
ENSG00000132702.12,0.0021024815628304548,121,ENSG00000132702,HAPLN2
ENSG00000175206.10,0.002102388219232591,122,ENSG00000175206,NPPA
ENSG00000034971.14,0.002101869494362092,123,ENSG00000034971,MYOC
ENSG00000115361.7,0.002097439995232704,124,ENSG00000115361,ACADL
ENSG00000120057.4,0.0020971728500525427,125,ENSG00000120057,SFRP5
ENSG00000094804.9,0.0020962314578587683,126,ENSG00000094804,CDC6
ENSG00000167768.4,0.0020956936595214457,127,ENSG00000167768,KRT1
ENSG00000117724.12,0.0020936907896219837,128,ENSG00000117724,CENPF
ENSG00000143632.14,0.002092365428050968,129,ENSG00000143632,ACTA1
ENSG00000080166.15,0.0020920459563072225,130,ENSG00000080166,DCT
ENSG00000029559.6,0.0020904306673061954,131,ENSG00000029559,IBSP
ENSG00000118432.12,0.002089828044814646,132,ENSG00000118432,CNR1
ENSG00000068489.12,0.0020896008845334105,133,ENSG00000068489,PRR11
ENSG00000108018.15,0.0020855337302523452,134,ENSG00000108018,SORCS1
ENSG00000234743.1,0.002075737710646607,135,ENSG00000234743,EIF5AP4
ENSG00000144339.11,0.0020721711560594876,136,ENSG00000144339,TMEFF2
ENSG00000188385.11,0.0020658385759660717,137,ENSG00000188385,JAKMIP3
ENSG00000170369.3,0.0020609893505347415,138,ENSG00000170369,CST2
ENSG00000087586.17,0.0020599153595052817,139,ENSG00000087586,AURKA
ENSG00000262877.4,0.002048649241713916,140,ENSG00000262877,ENSG00000262877
ENSG00000006071.11,0.0020482237599587054,141,ENSG00000006071,ABCC8
ENSG00000224137.1,0.002046305370913189,142,ENSG00000224137,LINC01857
ENSG00000170500.12,0.002044256469238681,143,ENSG00000170500,LONRF2
ENSG00000182732.16,0.002042200156688459,144,ENSG00000182732,RGS6
ENSG00000235875.3,0.0020412689500955796,145,ENSG00000235875,ARHGEF7-AS2
ENSG00000108231.11,0.002040868622290704,146,ENSG00000108231,LGI1
ENSG00000274956.2,0.0020365970452644326,147,ENSG00000274956,ENSG00000274956
ENSG00000187715.13,0.002035072135720906,148,ENSG00000187715,KBTBD12
ENSG00000213236.3,0.002034102567172631,149,ENSG00000213236,YWHAZP2
ENSG00000214049.6,0.0020335797325052524,150,ENSG00000214049,LOC124900418
ENSG00000146670.9,0.0020334424980989474,151,ENSG00000146670,CDCA5
ENSG00000267206.5,0.002032913305370757,152,ENSG00000267206,LCN6
ENSG00000120659.14,0.002028992524926767,153,ENSG00000120659,TNFSF11
ENSG00000123975.4,0.002028195595354503,154,ENSG00000123975,CKS2
ENSG00000180287.16,0.0020232875401514317,155,ENSG00000180287,PLD5
ENSG00000159217.9,0.0020230120558350382,156,ENSG00000159217,IGF2BP1
ENSG00000131730.15,0.002019225549428499,157,ENSG00000131730,CKMT2
ENSG00000227440.1,0.0020149445816604883,158,ENSG00000227440,ATP5MC1P4
ENSG00000149294.16,0.00201385541635495,159,ENSG00000149294,NCAM1
ENSG00000162706.12,0.002011064347027296,160,ENSG00000162706,CADM3
ENSG00000156885.5,0.0020068379259269437,161,ENSG00000156885,COX6A2
ENSG00000280178.1,0.002005309685902302,162,ENSG00000280178,ENSG00000280178
ENSG00000134057.14,0.0020052904802411627,163,ENSG00000134057,CCNB1
ENSG00000106631.8,0.0020021651573760286,164,ENSG00000106631,MYL7
ENSG00000224126.2,0.0020015528457941432,165,ENSG00000224126,UBE2SP2
ENSG00000246379.6,0.0020014549833774283,166,ENSG00000246379,GNAO1-DT
ENSG00000253683.1,0.002000034914401954,167,ENSG00000253683,ENSG00000253683
ENSG00000180066.9,0.001998288983286026,168,ENSG00000180066,LINC02870
ENSG00000088325.15,0.0019964289287015585,169,ENSG00000088325,TPX2
ENSG00000164362.18,0.0019947732687199578,170,ENSG00000164362,TERT
ENSG00000254852.8,0.001994620124594409,171,ENSG00000254852,NPIPA2
ENSG00000117215.14,0.00199138489764,172,ENSG00000117215,PLA2G2D
ENSG00000196611.4,0.0019901045631540897,173,ENSG00000196611,MMP1
ENSG00000120907.17,0.001988759971036122,174,ENSG00000120907,ADRA1A
ENSG00000271086.5,0.001988692346072893,175,ENSG00000271086,NAMA
ENSG00000213228.5,0.00198800009318289,176,ENSG00000213228,RPL12P38
ENSG00000185686.17,0.001987552074290226,177,ENSG00000185686,PRAME
ENSG00000148346.11,0.0019856368472089643,178,ENSG00000148346,LCN2
ENSG00000169031.18,0.0019851508913812078,179,ENSG00000169031,COL4A3
ENSG00000267484.1,0.0019851286273946415,180,ENSG00000267484,PLIN3-AS1
ENSG00000149451.17,0.0019833112519764217,181,ENSG00000149451,ADAM33
ENSG00000131153.8,0.001982930697353836,182,ENSG00000131153,GINS2
ENSG00000205940.8,0.0019821955484452944,183,ENSG00000205940,HSP90AB2P
ENSG00000217325.2,0.0019820773367762333,184,ENSG00000217325,PRELID1P1
ENSG00000259417.2,0.0019818577013672664,185,ENSG00000259417,CTXND1
ENSG00000273372.1,0.0019809834065719475,186,ENSG00000273372,SFTPD-AS1
ENSG00000172554.11,0.0019807301481002616,187,ENSG00000172554,SNTG2
ENSG00000246022.2,0.0019804274679320233,188,ENSG00000246022,ALDH1L1-AS2
ENSG00000071539.13,0.001978703466879209,189,ENSG00000071539,TRIP13
ENSG00000223403.3,0.0019763943916022405,190,ENSG00000223403,MEG9
ENSG00000275713.1,0.0019755281294578293,191,ENSG00000275713,H2BC9
ENSG00000127241.16,0.0019739661561795187,192,ENSG00000127241,MASP1
ENSG00000099953.9,0.0019721585793663144,193,ENSG00000099953,MMP11
ENSG00000177133.10,0.0019718272506989284,194,ENSG00000177133,ENSG00000177133
ENSG00000134690.10,0.0019696759418593706,195,ENSG00000134690,CDCA8
ENSG00000137804.12,0.0019691893338801654,196,ENSG00000137804,NUSAP1
ENSG00000166851.14,0.0019678863539038757,197,ENSG00000166851,PLK1
ENSG00000142945.12,0.001967594998288456,198,ENSG00000142945,KIF2C
ENSG00000173641.17,0.001965151703342562,199,ENSG00000173641,HSPB7
ENSG00000236060.2,0.001964259968459394,200,ENSG00000236060,HSPB1P1
ENSG00000051180.16,0.001964112126915448,201,ENSG00000051180,RAD51
ENSG00000118729.11,0.001963915038902345,202,ENSG00000118729,CASQ2
ENSG00000111206.12,0.0019629728627152824,203,ENSG00000111206,FOXM1
ENSG00000197472.14,0.0019629000035761538,204,ENSG00000197472,ZNF695
ENSG00000168874.12,0.0019627643369429758,205,ENSG00000168874,ATOH8
ENSG00000244257.5,0.0019621900780214373,206,ENSG00000244257,PKD1P1
ENSG00000168309.16,0.0019612307246976803,207,ENSG00000168309,FAM107A
ENSG00000085840.12,0.001960796940396097,208,ENSG00000085840,ORC1
ENSG00000164087.7,0.0019592292330202674,209,ENSG00000164087,POC1A
ENSG00000122367.19,0.0019592184631178305,210,ENSG00000122367,LDB3
ENSG00000131095.11,0.0019565594980432074,211,ENSG00000131095,GFAP
ENSG00000163092.19,0.0019564035556015034,212,ENSG00000163092,XIRP2
ENSG00000158485.10,0.0019557281043792534,213,ENSG00000158485,CD1B
ENSG00000198300.12,0.0019526752493192081,214,ENSG00000198300,PEG3
ENSG00000232216.1,0.0019505938548709174,215,ENSG00000232216,IGHV3-43
ENSG00000164708.5,0.0019493533855072089,216,ENSG00000164708,PGAM2
ENSG00000111247.14,0.0019489101276533563,217,ENSG00000111247,RAD51AP1
ENSG00000183145.8,0.0019475013431342278,218,ENSG00000183145,RIPPLY3
ENSG00000147536.11,0.001946319873872784,219,ENSG00000147536,GINS4
ENSG00000161649.12,0.0019453204322383607,220,ENSG00000161649,CD300LG
ENSG00000084674.13,0.0019448514420286832,221,ENSG00000084674,APOB
ENSG00000246228.6,0.0019414368222785844,222,ENSG00000246228,CASC8
ENSG00000174403.15,0.0019402431547810668,223,ENSG00000174403,CRMA
ENSG00000147689.16,0.0019400668078823832,224,ENSG00000147689,SACK1A
ENSG00000086548.8,0.0019394985800997753,225,ENSG00000086548,CEACAM6
ENSG00000164109.13,0.0019385772483865797,226,ENSG00000164109,MAD2L1
ENSG00000198826.10,0.0019384884306970147,227,ENSG00000198826,ARHGAP11A
ENSG00000180660.7,0.0019379617365918532,228,ENSG00000180660,MAB21L1
ENSG00000143171.12,0.001937760374068624,229,ENSG00000143171,RXRG
ENSG00000258232.2,0.0019351038004844277,230,ENSG00000258232,ENSG00000258232
ENSG00000228214.6,0.001934743002317706,231,ENSG00000228214,ENSG00000228214
ENSG00000116254.17,0.0019343553441629165,232,ENSG00000116254,CHD5
ENSG00000253755.1,0.001933882321517221,233,ENSG00000253755,IGHGP
ENSG00000173714.7,0.0019312146480136559,234,ENSG00000173714,WFIKKN2
ENSG00000230061.2,0.0019310265350887942,235,ENSG00000230061,TRPM2-AS
ENSG00000210127.1,0.0019308583092307954,236,ENSG00000210127,MT-TA
ENSG00000186871.6,0.0019305554002987705,237,ENSG00000186871,ERCC6L
ENSG00000259230.1,0.0019284523849979387,238,ENSG00000259230,LINC02323
ENSG00000167618.9,0.0019276609611676722,239,ENSG00000167618,LAIR2
ENSG00000143476.17,0.0019269565250253392,240,ENSG00000143476,DTL
ENSG00000211721.2,0.00192674232463425,241,ENSG00000211721,TRBV6-5
ENSG00000138160.5,0.0019265110190607847,242,ENSG00000138160,KIF11
ENSG00000067840.12,0.0019245515847702182,243,ENSG00000067840,PDZD4
ENSG00000089685.14,0.001923388148598593,244,ENSG00000089685,BIRC5
ENSG00000073111.13,0.0019215052427128112,245,ENSG00000073111,MCM2
ENSG00000146469.12,0.0019213843238765859,246,ENSG00000146469,VIP
ENSG00000176890.15,0.0019201907692710752,247,ENSG00000176890,TYMS
ENSG00000172995.16,0.0019197487637177251,248,ENSG00000172995,ARPP21
ENSG00000158022.6,0.0019187456192467482,249,ENSG00000158022,TRIM63
ENSG00000072571.19,0.001918343725733382,250,ENSG00000072571,HMMR
ENSG00000188626.6,0.0019166659706184688,251,ENSG00000188626,GOLGA8M
ENSG00000225194.2,0.0019147773513650103,252,ENSG00000225194,LINC00092
ENSG00000259462.2,0.00191398017406363,253,ENSG00000259462,CPEB1-AS1
ENSG00000183230.16,0.0019130603633307375,254,ENSG00000183230,CTNNA3
ENSG00000172346.14,0.0019117221745552399,255,ENSG00000172346,CSDC2
ENSG00000123500.9,0.0019103459531550958,256,ENSG00000123500,COL10A1
ENSG00000226781.1,0.0019089224455481947,257,ENSG00000226781,TBCAP1
ENSG00000280061.1,0.0019084059868320169,258,ENSG00000280061,ENSG00000280061
ENSG00000270977.1,0.0019081184538125298,259,ENSG00000270977,ENSG00000270977
ENSG00000273272.1,0.0019079735871972232,260,ENSG00000273272,ENSG00000273272
ENSG00000158815.10,0.0019079703728660331,261,ENSG00000158815,FGF17
ENSG00000225472.1,0.0019073081051750125,262,ENSG00000225472,NFIB-AS1
ENSG00000068976.13,0.001907271744092341,263,ENSG00000068976,PYGM
ENSG00000266088.5,0.0019068543652282443,264,ENSG00000266088,LOC105371773
ENSG00000164344.15,0.0019068457117402103,265,ENSG00000164344,KLKB1
ENSG00000169679.14,0.001906141765486454,266,ENSG00000169679,BUB1
ENSG00000133878.8,0.0019060214170287927,267,ENSG00000133878,DUSP26
ENSG00000108381.10,0.0019056541503159954,268,ENSG00000108381,ASPA
ENSG00000121152.9,0.0019018665805425642,269,ENSG00000121152,NCAPH
ENSG00000087250.8,0.001898927900252486,270,ENSG00000087250,MT3
ENSG00000234602.7,0.0018984541613217285,271,ENSG00000234602,MCIDAS
ENSG00000130595.16,0.0018983961463198108,272,ENSG00000130595,TNNT3
ENSG00000154258.16,0.0018982758880338878,273,ENSG00000154258,ABCA9
ENSG00000206579.8,0.0018969742307069536,274,ENSG00000206579,XKR4
ENSG00000165480.15,0.001896040634200153,275,ENSG00000165480,SKA3
ENSG00000151725.11,0.0018957358967356401,276,ENSG00000151725,CENPU
ENSG00000166803.10,0.0018955229066436622,277,ENSG00000166803,PCLAF
ENSG00000075218.18,0.0018947581715760174,278,ENSG00000075218,GTSE1
ENSG00000130226.16,0.001894636678151349,279,ENSG00000130226,DPP6
ENSG00000276043.4,0.0018940597355596148,280,ENSG00000276043,UHRF1
ENSG00000183395.4,0.001892781268192143,281,ENSG00000183395,PMCH
ENSG00000185274.11,0.0018918962161551197,282,ENSG00000185274,GALNT17
ENSG00000093009.9,0.0018909935764970503,283,ENSG00000093009,CDC45
ENSG00000231475.3,0.001889989183347878,284,ENSG00000231475,IGHV4-30-2
ENSG00000221932.6,0.0018885023617274518,285,ENSG00000221932,HEPN1
ENSG00000260807.6,0.001888273747101809,286,ENSG00000260807,CEROX1
ENSG00000282221.1,0.0018862611651927026,287,ENSG00000282221,ENSG00000282221
ENSG00000174371.16,0.0018856475932306383,288,ENSG00000174371,EXO1
ENSG00000120251.18,0.0018851163166946655,289,ENSG00000120251,GRIA2
ENSG00000118193.11,0.001884903710428816,290,ENSG00000118193,KIF14
ENSG00000172247.3,0.0018846360786785408,291,ENSG00000172247,C1QTNF4
ENSG00000105011.8,0.0018845032493484994,292,ENSG00000105011,ASF1B
ENSG00000277741.4,0.0018830925851929404,293,ENSG00000277741,GOLGA6L17P
ENSG00000165490.12,0.0018822882640542843,294,ENSG00000165490,DDIAS
ENSG00000123473.15,0.0018817985529516505,295,ENSG00000123473,STIL
ENSG00000279392.1,0.0018808488558990906,296,ENSG00000279392,ENSG00000279392
ENSG00000272666.1,0.0018801370974143128,297,ENSG00000272666,KLHDC7B-DT
ENSG00000121621.6,0.0018797978657738657,298,ENSG00000121621,KIF18A
ENSG00000226025.9,0.0018795983321701914,299,ENSG00000226025,ENSG00000226025
ENSG00000237649.7,0.0018789782638340365,300,ENSG00000237649,KIFC1
ENSG00000144908.13,0.001878570441266762,301,ENSG00000144908,ALDH1L1
ENSG00000137648.16,0.001878196246438284,302,ENSG00000137648,TMPRSS4
ENSG00000271127.1,0.0018777128968539536,303,ENSG00000271127,ENSG00000271127
ENSG00000168079.16,0.0018772121989860066,304,ENSG00000168079,SCARA5
ENSG00000183783.6,0.001877049062068531,305,ENSG00000183783,KCTD8
ENSG00000211896.6,0.0018763434465980298,306,ENSG00000211896,IGHG1
ENSG00000117399.13,0.0018763128726890278,307,ENSG00000117399,CDC20
ENSG00000175793.11,0.0018757792388447536,308,ENSG00000175793,SFN
ENSG00000211789.2,0.001875346772757324,309,ENSG00000211789,TRAV12-2
ENSG00000161896.10,0.0018751996949955988,310,ENSG00000161896,IP6K3
ENSG00000078053.16,0.001874621790758447,311,ENSG00000078053,AMPH
ENSG00000167549.18,0.0018741846807754127,312,ENSG00000167549,CORO6
ENSG00000139767.8,0.0018724927591469542,313,ENSG00000139767,SRRM4
ENSG00000090889.11,0.0018714345038553482,314,ENSG00000090889,KIF4A
ENSG00000106714.17,0.0018707755943266763,315,ENSG00000106714,CNTNAP3
ENSG00000185985.8,0.0018707155666509488,316,ENSG00000185985,SLITRK2
ENSG00000225449.3,0.0018703255819587476,317,ENSG00000225449,RAB6C-AS1
ENSG00000270093.1,0.0018702324074866149,318,ENSG00000270093,ENSG00000270093
ENSG00000166451.13,0.0018692678551061996,319,ENSG00000166451,CENPN
ENSG00000104951.15,0.0018686679670572375,320,ENSG00000104951,IL4I1
ENSG00000168484.12,0.001867700514446861,321,ENSG00000168484,SFTPC
ENSG00000162723.9,0.0018672029494845367,322,ENSG00000162723,SLAMF9
ENSG00000161888.11,0.001865812982149941,323,ENSG00000161888,SPC24
ENSG00000271723.5,0.0018656542009242983,324,ENSG00000271723,MROH7-TTC4
ENSG00000114346.13,0.0018639041516821545,325,ENSG00000114346,ECT2
ENSG00000237988.3,0.00186327871072511,326,ENSG00000237988,OR2I1
ENSG00000146410.11,0.0018607630523754387,327,ENSG00000146410,MTFR2
ENSG00000134755.14,0.0018604745022750555,328,ENSG00000134755,DSC2
ENSG00000176945.16,0.0018590638755079123,329,ENSG00000176945,MUC20
ENSG00000211625.2,0.0018590094504495431,330,ENSG00000211625,IGKV3D-20
ENSG00000083067.22,0.0018589939042971942,331,ENSG00000083067,TRPM3
ENSG00000066279.16,0.0018588120948697235,332,ENSG00000066279,ASPM
ENSG00000204065.2,0.0018585817103590765,333,ENSG00000204065,TCEAL5
ENSG00000280027.1,0.001858576856448651,334,ENSG00000280027,ENSG00000280027
ENSG00000049249.8,0.0018581328448738722,335,ENSG00000049249,TNFRSF9
ENSG00000168702.16,0.0018577453639076703,336,ENSG00000168702,LRP1B
ENSG00000130294.14,0.001856201933943456,337,ENSG00000130294,KIF1A
ENSG00000262714.1,0.0018560650595093788,338,ENSG00000262714,ENSG00000262714
ENSG00000170312.15,0.001855950869253317,339,ENSG00000170312,CDK1
ENSG00000187608.8,0.0018558517252779622,340,ENSG00000187608,ISG15
ENSG00000211799.3,0.001854404899717875,341,ENSG00000211799,TRAV19
ENSG00000112936.18,0.0018538877340616446,342,ENSG00000112936,C7
ENSG00000181800.5,0.0018537964056584849,343,ENSG00000181800,CELF2-AS1
ENSG00000236058.3,0.0018534413595407695,344,ENSG00000236058,RPL17P36
ENSG00000109846.7,0.001852712770919829,345,ENSG00000109846,CRYAB
ENSG00000150627.15,0.0018522156434788335,346,ENSG00000150627,WDR17
ENSG00000211685.3,0.0018520178871485977,347,ENSG00000211685,IGLC7
ENSG00000158477.6,0.0018513211103898448,348,ENSG00000158477,CD1A
ENSG00000113368.11,0.0018497875966659312,349,ENSG00000113368,LMNB1
ENSG00000130487.5,0.0018488043024099102,350,ENSG00000130487,KLHDC7B
ENSG00000189056.13,0.0018481739616154078,351,ENSG00000189056,RELN
ENSG00000129810.14,0.0018479116118915952,352,ENSG00000129810,SGO1
ENSG00000167644.11,0.0018475763268747628,353,ENSG00000167644,C19orf33
ENSG00000110786.17,0.0018468290310830798,354,ENSG00000110786,PTPN5
ENSG00000181092.9,0.0018459997209797426,355,ENSG00000181092,ADIPOQ
ENSG00000146955.10,0.0018450595194258808,356,ENSG00000146955,RAB19
ENSG00000267374.1,0.001844123893914556,357,ENSG00000267374,MIR924HG
ENSG00000279184.1,0.0018412653065092621,358,ENSG00000279184,ENSG00000279184
ENSG00000135114.12,0.0018407693061857266,359,ENSG00000135114,OASL
ENSG00000100526.19,0.0018403678201499186,360,ENSG00000100526,CDKN3
ENSG00000124302.12,0.0018401388736854897,361,ENSG00000124302,CHST8
ENSG00000240350.2,0.001839191683074841,362,ENSG00000240350,SOCAR
ENSG00000109674.3,0.001839133920611546,363,ENSG00000109674,NEIL3
ENSG00000104722.13,0.0018389498818759294,364,ENSG00000104722,NEFM
ENSG00000167513.8,0.0018382084382968678,365,ENSG00000167513,CDT1
ENSG00000211734.3,0.001837635769817423,366,ENSG00000211734,TRBV5-1
ENSG00000147889.16,0.001836823549480673,367,ENSG00000147889,CDKN2A
ENSG00000154839.9,0.001836519362380471,368,ENSG00000154839,SKA1
ENSG00000171320.14,0.0018355784654713514,369,ENSG00000171320,ESCO2
ENSG00000164611.12,0.0018352806998677698,370,ENSG00000164611,PTTG1
ENSG00000224713.4,0.0018336387938917079,371,ENSG00000224713,ARHGEF25-AS1
ENSG00000013810.18,0.0018335725408824763,372,ENSG00000013810,TACC3
ENSG00000136231.13,0.0018324724611444815,373,ENSG00000136231,IGF2BP3
ENSG00000185352.8,0.0018315502018363375,374,ENSG00000185352,HS6ST3
ENSG00000015592.16,0.0018301579119540529,375,ENSG00000015592,STMN4
ENSG00000223839.7,0.001828959063516855,376,ENSG00000223839,FAM95B1
ENSG00000101057.15,0.0018280621230764343,377,ENSG00000101057,MYBL2
ENSG00000149575.5,0.0018278067650380518,378,ENSG00000149575,SCN2B
ENSG00000131386.17,0.0018260689162639774,379,ENSG00000131386,GALNT15
ENSG00000231768.1,0.0018260531237296413,380,ENSG00000231768,LINC01354
ENSG00000132746.14,0.0018250322173875761,381,ENSG00000132746,ALDH3B2
ENSG00000122952.16,0.0018237866866405083,382,ENSG00000122952,ZWINT
ENSG00000256968.1,0.0018233708624149213,383,ENSG00000256968,SNRPEP2
ENSG00000211670.2,0.00182252150290188,384,ENSG00000211670,IGLV3-9
ENSG00000127423.10,0.0018208129497135237,385,ENSG00000127423,AUNIP
ENSG00000267385.1,0.0018197923823432976,386,ENSG00000267385,ENSG00000267385
ENSG00000143318.12,0.0018193260800380697,387,ENSG00000143318,CASQ1
ENSG00000214456.8,0.0018188450444161877,388,ENSG00000214456,PLIN5
ENSG00000216866.5,0.0018185433211352694,389,ENSG00000216866,RPS2P55
ENSG00000134827.7,0.0018183179020430605,390,ENSG00000134827,TCN1
ENSG00000102678.6,0.0018174999902888338,391,ENSG00000102678,FGF9
ENSG00000125726.10,0.00181724183140482,392,ENSG00000125726,CD70
ENSG00000164045.11,0.0018168151431823723,393,ENSG00000164045,CDC25A
ENSG00000262703.1,0.0018162807136977309,394,ENSG00000262703,RMI2-AS1
ENSG00000211933.2,0.0018161299843409608,395,ENSG00000211933,IGHV6-1
ENSG00000277288.3,0.0018157742705833422,396,ENSG00000277288,LINC02881
ENSG00000224557.7,0.0018156343185705022,397,ENSG00000224557,HLA-DPB2
ENSG00000157456.7,0.0018154991838426851,398,ENSG00000157456,CCNB2
ENSG00000167676.4,0.0018148497659174953,399,ENSG00000167676,PLIN4
ENSG00000112984.11,0.001814228209468942,400,ENSG00000112984,KIF20A
ENSG00000156219.16,0.0018141309789053742,401,ENSG00000156219,ART3
ENSG00000182472.8,0.0018137335249391823,402,ENSG00000182472,CAPN12
ENSG00000112742.9,0.0018133885780757626,403,ENSG00000112742,TTK
ENSG00000099957.16,0.001813368191506781,404,ENSG00000099957,P2RX6
ENSG00000134201.10,0.0018122491713256977,405,ENSG00000134201,GSTM5
ENSG00000274576.2,0.0018110578480449795,406,ENSG00000274576,IGHV2-70
ENSG00000203685.9,0.0018098753407211647,407,ENSG00000203685,STUM
ENSG00000278030.1,0.0018096173078091696,408,ENSG00000278030,TRBV7-9
ENSG00000250934.1,0.0018085372794011119,409,ENSG00000250934,LOC105374088
ENSG00000163009.8,0.001808471677175494,410,ENSG00000163009,ENSG00000163009
ENSG00000189057.10,0.0018084587135754648,411,ENSG00000189057,FAM111B
ENSG00000162366.7,0.0018084336710517477,412,ENSG00000162366,PDZK1IP1
ENSG00000123219.12,0.0018078653381931704,413,ENSG00000123219,CENPK
ENSG00000203446.2,0.0018078372508532165,414,ENSG00000203446,SUGCT-AS1
ENSG00000267784.1,0.0018073793666043652,415,ENSG00000267784,ENSG00000267784
ENSG00000204677.10,0.001807208683147631,416,ENSG00000204677,FAM153CP
ENSG00000158402.18,0.001807071685113514,417,ENSG00000158402,CDC25C
ENSG00000273445.1,0.0018061300885297258,418,ENSG00000273445,ENSG00000273445
ENSG00000111057.10,0.0018051042792302022,419,ENSG00000111057,KRT18
ENSG00000121211.7,0.00180490982711128,420,ENSG00000121211,MND1
ENSG00000278023.4,0.0018037174426195532,421,ENSG00000278023,RDM1
ENSG00000143228.12,0.0018035388388993412,422,ENSG00000143228,NUF2
ENSG00000091704.9,0.0018034688247404451,423,ENSG00000091704,CPA1
ENSG00000253174.2,0.00180330449421215,424,ENSG00000253174,ENSG00000253174
ENSG00000100479.12,0.0018030214421019177,425,ENSG00000100479,POLE2
ENSG00000172867.3,0.0018029468889159924,426,ENSG00000172867,KRT2
ENSG00000101542.9,0.0018027557169556828,427,ENSG00000101542,CDH20
ENSG00000175063.16,0.0018025671683135477,428,ENSG00000175063,UBE2C
ENSG00000156970.12,0.0018025308433379256,429,ENSG00000156970,BUB1B
ENSG00000166292.11,0.0018024092298402517,430,ENSG00000166292,TMEM100
ENSG00000264350.1,0.0018017839395223928,431,ENSG00000264350,SNRPGP2
ENSG00000254851.1,0.0018016431911008002,432,ENSG00000254851,ENSG00000254851
ENSG00000145386.9,0.0017995163970429646,433,ENSG00000145386,CCNA2
ENSG00000164129.11,0.0017982170288834724,434,ENSG00000164129,NPY5R
ENSG00000131746.12,0.0017965476136992894,435,ENSG00000131746,TNS4
ENSG00000145247.11,0.0017964133386429502,436,ENSG00000145247,OCIAD2
ENSG00000138778.11,0.0017954238744041329,437,ENSG00000138778,CENPE
ENSG00000166819.11,0.001795208167194911,438,ENSG00000166819,PLIN1
ENSG00000239246.3,0.001795177583957905,439,ENSG00000239246,RPS10P26
ENSG00000169607.12,0.0017949981562550164,440,ENSG00000169607,CKAP2L
ENSG00000256663.1,0.001794940494934931,441,ENSG00000256663,ENSG00000256663
ENSG00000211967.3,0.0017946840995976677,442,ENSG00000211967,IGHV3-53
ENSG00000167880.7,0.0017942327514907954,443,ENSG00000167880,EVPL
ENSG00000211950.2,0.0017939957632653973,444,ENSG00000211950,IGHV1-24
ENSG00000243264.2,0.001793880089356243,445,ENSG00000243264,IGKV2D-29
ENSG00000185480.11,0.0017936623061168269,446,ENSG00000185480,PARPBP
ENSG00000162669.15,0.0017936502554263159,447,ENSG00000162669,HFM1
ENSG00000089127.12,0.0017935575027127062,448,ENSG00000089127,OAS1
ENSG00000100678.18,0.0017930042017098092,449,ENSG00000100678,SLC8A3
ENSG00000109819.8,0.0017928999145883002,450,ENSG00000109819,PPARGC1A
ENSG00000013293.5,0.0017923792620256854,451,ENSG00000013293,SLC7A14
ENSG00000109805.9,0.0017923293127641898,452,ENSG00000109805,NCAPG
ENSG00000175591.11,0.001792318068689234,453,ENSG00000175591,P2RY2
ENSG00000157087.16,0.0017921481036813874,454,ENSG00000157087,ATP2B2
ENSG00000196584.2,0.001790665799222232,455,ENSG00000196584,XRCC2
ENSG00000078328.19,0.0017906337821291226,456,ENSG00000078328,RBFOX1
ENSG00000092853.13,0.0017903288935967843,457,ENSG00000092853,CLSPN
ENSG00000189334.8,0.0017896687234393626,458,ENSG00000189334,S100A14
ENSG00000163993.6,0.0017878920709650538,459,ENSG00000163993,S100P
ENSG00000139618.14,0.0017870965474408673,460,ENSG00000139618,BRCA2
ENSG00000131747.14,0.0017866396422636585,461,ENSG00000131747,TOP2A
ENSG00000106541.11,0.001786490671209104,462,ENSG00000106541,AGR2
ENSG00000256128.5,0.0017862724473997169,463,ENSG00000256128,LOC100996671
ENSG00000213088.9,0.0017860412518404666,464,ENSG00000213088,ACKR1
ENSG00000185559.13,0.001785705720524098,465,ENSG00000185559,DLK1
ENSG00000225746.8,0.0017852897573160168,466,ENSG00000225746,MEG8
ENSG00000065609.14,0.0017851127629850874,467,ENSG00000065609,SNAP91
ENSG00000231955.1,0.0017841440933690413,468,ENSG00000231955,ENSG00000231955
ENSG00000197046.11,0.0017822284883561744,469,ENSG00000197046,SIGLEC15
ENSG00000184661.13,0.001781860056966137,470,ENSG00000184661,CDCA2
ENSG00000171848.13,0.001780716455849697,471,ENSG00000171848,RRM2
ENSG00000179913.10,0.0017807076413322873,472,ENSG00000179913,B3GNT3
ENSG00000115163.14,0.0017806778920343676,473,ENSG00000115163,CENPA
ENSG00000137812.19,0.0017803841837695708,474,ENSG00000137812,KNL1
ENSG00000169862.18,0.001778880319636438,475,ENSG00000169862,CTNND2
ENSG00000165197.4,0.001778570503022315,476,ENSG00000165197,VEGFD
ENSG00000234678.1,0.0017775749053549907,477,ENSG00000234678,ELF3-AS1
ENSG00000131203.12,0.0017775075211223603,478,ENSG00000131203,IDO1
ENSG00000125675.17,0.0017772347663807403,479,ENSG00000125675,GRIA3
ENSG00000116783.14,0.001777020579402319,480,ENSG00000116783,TNNI3K
ENSG00000078549.14,0.001775169003702397,481,ENSG00000078549,ADCYAP1R1
ENSG00000147168.12,0.001775129263527532,482,ENSG00000147168,IL2RG
ENSG00000139629.15,0.0017749265715641834,483,ENSG00000139629,GALNT6
ENSG00000213793.4,0.0017746433885655612,484,ENSG00000213793,ZNF888
ENSG00000152253.8,0.001774192332433676,485,ENSG00000152253,SPC25
ENSG00000165474.5,0.0017741167613308892,486,ENSG00000165474,GJB2
ENSG00000197561.6,0.0017736235406557812,487,ENSG00000197561,ELANE
ENSG00000211893.3,0.0017727938648505052,488,ENSG00000211893,IGHG2
ENSG00000186462.8,0.0017727691912339711,489,ENSG00000186462,NAP1L2
ENSG00000203760.8,0.001772669124123213,490,ENSG00000203760,CENPW
ENSG00000151892.14,0.0017726093504822685,491,ENSG00000151892,GFRA1
ENSG00000278875.1,0.0017724708581214348,492,ENSG00000278875,ENSG00000278875
ENSG00000224958.5,0.001772059422148164,493,ENSG00000224958,PGM5-AS1
ENSG00000111537.4,0.001771924667664085,494,ENSG00000111537,IFNG
ENSG00000234742.1,0.0017710976279144788,495,ENSG00000234742,RPL17P18
ENSG00000280119.1,0.001770820723915998,496,ENSG00000280119,LOC285097
ENSG00000271959.1,0.0017700541862242876,497,ENSG00000271959,ENSG00000271959
ENSG00000101098.12,0.0017700404045232114,498,ENSG00000101098,RIMS4
ENSG00000248587.6,0.0017690716498653064,499,ENSG00000248587,LINC02119
ENSG00000024526.16,0.0017688650037411859,500,ENSG00000024526,DEPDC1
ENSG00000231419.6,0.0017685781350655044,501,ENSG00000231419,LINC00689
ENSG00000162063.12,0.001768337334948878,502,ENSG00000162063,CCNF
ENSG00000168078.9,0.0017669935446123304,503,ENSG00000168078,PBK
ENSG00000051341.13,0.0017669359519777363,504,ENSG00000051341,POLQ
ENSG00000211976.2,0.0017662513731563014,505,ENSG00000211976,IGHV3-73
ENSG00000247416.2,0.0017660282845124626,506,ENSG00000247416,NCAM1-AS2
ENSG00000211747.3,0.0017660021810237208,507,ENSG00000211747,TRBV20-1
ENSG00000266524.2,0.0017654122194340524,508,ENSG00000266524,GDF10
ENSG00000259683.1,0.0017650703666066722,509,ENSG00000259683,ENSG00000259683
ENSG00000100162.14,0.0017648982076781427,510,ENSG00000100162,CENPM
ENSG00000139910.19,0.0017641848189442818,511,ENSG00000139910,NOVA1
ENSG00000100985.7,0.0017640622660964474,512,ENSG00000100985,MMP9
ENSG00000117650.12,0.0017621693397146861,513,ENSG00000117650,NEK2
ENSG00000267751.5,0.0017619016967705358,514,ENSG00000267751,BSG-AS1
ENSG00000164855.15,0.0017617354510582146,515,ENSG00000164855,TMEM184A
ENSG00000070808.15,0.0017615409109946062,516,ENSG00000070808,CAMK2A
ENSG00000213131.3,0.0017610512304613152,517,ENSG00000213131,YWHAZP4
ENSG00000189377.8,0.0017606832804816987,518,ENSG00000189377,CXCL17
ENSG00000146151.12,0.0017606385252682492,519,ENSG00000146151,HMGCLL1
ENSG00000217624.2,0.00175995210227857,520,ENSG00000217624,YWHAZP10
ENSG00000145920.14,0.0017596822668940833,521,ENSG00000145920,CPLX2
ENSG00000138180.15,0.0017595108382635976,522,ENSG00000138180,CEP55
ENSG00000101412.12,0.0017589675653271544,523,ENSG00000101412,E2F1
ENSG00000072657.8,0.001757731024762083,524,ENSG00000072657,TRHDE
ENSG00000267013.5,0.0017575451236091545,525,ENSG00000267013,LINC01929
ENSG00000181195.10,0.0017566689601568584,526,ENSG00000181195,PENK
ENSG00000077152.9,0.0017566148490680699,527,ENSG00000077152,UBE2T
ENSG00000154920.14,0.0017565629471082017,528,ENSG00000154920,EME1
ENSG00000278309.1,0.00175652457892209,529,ENSG00000278309,ENSG00000278309
ENSG00000101003.9,0.0017564558961333401,530,ENSG00000101003,GINS1
ENSG00000129195.15,0.0017563749284103447,531,ENSG00000129195,PIMREG
ENSG00000147614.3,0.0017560525589670388,532,ENSG00000147614,ATP6V0D2
ENSG00000211890.3,0.0017556899237224073,533,ENSG00000211890,IGHA2
ENSG00000184292.6,0.0017555086954524689,534,ENSG00000184292,TACSTD2
ENSG00000006128.11,0.0017552704731734145,535,ENSG00000006128,TAC1
ENSG00000005513.9,0.0017551183307532156,536,ENSG00000005513,SOX8
ENSG00000196684.12,0.0017547157602884078,537,ENSG00000196684,HSH2D
ENSG00000254286.5,0.001754656235740563,538,ENSG00000254286,ENSG00000254286
ENSG00000125508.3,0.0017542204997568688,539,ENSG00000125508,SRMS
ENSG00000134028.14,0.001753862718048831,540,ENSG00000134028,ADAMDEC1
ENSG00000140465.13,0.0017537495323697245,541,ENSG00000140465,CYP1A1
ENSG00000126787.12,0.0017530978530840345,542,ENSG00000126787,DLGAP5
ENSG00000170091.10,0.0017527908746526235,543,ENSG00000170091,NSG2
ENSG00000115339.13,0.0017521351620458548,544,ENSG00000115339,GALNT3
ENSG00000065328.16,0.0017518393830597894,545,ENSG00000065328,MCM10
ENSG00000165304.7,0.0017514586931179502,546,ENSG00000165304,MELK
ENSG00000257647.1,0.001751412742038222,547,ENSG00000257647,ENSG00000257647
ENSG00000224940.8,0.0017505493501307494,548,ENSG00000224940,PRRT4
ENSG00000273771.1,0.0017502286250761676,549,ENSG00000273771,ENSG00000273771
ENSG00000255624.2,0.0017480549148748026,550,ENSG00000255624,C10orf88B
ENSG00000211895.4,0.0017479866470376465,551,ENSG00000211895,IGHA1
ENSG00000244649.4,0.0017479215133852138,552,ENSG00000244649,LINC02086
ENSG00000134769.21,0.0017474827403228272,553,ENSG00000134769,DTNA
ENSG00000269968.1,0.0017466636553120367,554,ENSG00000269968,GAPDH-AS1
ENSG00000211962.2,0.0017464369320660843,555,ENSG00000211962,IGHV1-46
ENSG00000146904.8,0.001746403114064307,556,ENSG00000146904,EPHA1
ENSG00000132872.11,0.0017462511598262485,557,ENSG00000132872,SYT4
ENSG00000249264.1,0.0017461598011769424,558,ENSG00000249264,EEF1A1P9
ENSG00000140525.17,0.0017458139794185694,559,ENSG00000140525,FANCI
ENSG00000141682.11,0.001745404804326581,560,ENSG00000141682,PMAIP1
ENSG00000104879.4,0.0017453918991505303,561,ENSG00000104879,CKM
ENSG00000211592.6,0.0017444140053995629,562,ENSG00000211592,IGKC
ENSG00000237945.7,0.0017444125454701594,563,ENSG00000237945,LINC00649
ENSG00000124102.4,0.0017441574528135636,564,ENSG00000124102,PI3
ENSG00000080854.14,0.0017440166323153081,565,ENSG00000080854,IGSF9B
ENSG00000214199.3,0.0017438332992794371,566,ENSG00000214199,EEF1A1P12
ENSG00000147434.8,0.001743705398349449,567,ENSG00000147434,CHRNA6
ENSG00000165966.14,0.0017436870353749689,568,ENSG00000165966,PDZRN4
ENSG00000211650.2,0.0017428058799299115,569,ENSG00000211650,IGLV5-45
ENSG00000224652.1,0.0017421235728229032,570,ENSG00000224652,LINC00885
ENSG00000198547.8,0.0017417723029866804,571,ENSG00000198547,C20orf203
ENSG00000211746.3,0.0017416024834770792,572,ENSG00000211746,TRBV19
ENSG00000184144.9,0.0017413402350155024,573,ENSG00000184144,CNTN2
ENSG00000163808.16,0.0017408709341535829,574,ENSG00000163808,KIF15
ENSG00000239002.3,0.0017408661007911762,575,ENSG00000239002,SCARNA10
ENSG00000136514.2,0.0017402735919162984,576,ENSG00000136514,RTP4
ENSG00000211965.3,0.0017402166410064792,577,ENSG00000211965,IGHV3-49
ENSG00000211970.3,0.001739868614741756,578,ENSG00000211970,IGHV4-61
ENSG00000115593.14,0.0017396431611730622,579,ENSG00000115593,SMYD1
ENSG00000106278.11,0.0017394020933346368,580,ENSG00000106278,PTPRZ1
ENSG00000124107.5,0.0017392521051861206,581,ENSG00000124107,SLPI
ENSG00000280411.1,0.0017392428662094976,582,ENSG00000280411,IGHV1-69D
ENSG00000275591.4,0.001735874108279885,583,ENSG00000275591,XKR5
ENSG00000186487.17,0.0017355208991882253,584,ENSG00000186487,MYT1L
ENSG00000183549.10,0.001735150004144341,585,ENSG00000183549,ACSM5
ENSG00000266835.5,0.0017349138558634938,586,ENSG00000266835,GAPLINC
ENSG00000165891.15,0.0017348851231383383,587,ENSG00000165891,E2F7
ENSG00000169245.5,0.0017340836751721614,588,ENSG00000169245,CXCL10
ENSG00000159166.13,0.0017338446622594387,589,ENSG00000159166,LAD1
ENSG00000196787.3,0.0017335258469155929,590,ENSG00000196787,H2AC11
ENSG00000169248.12,0.0017331047012105142,591,ENSG00000169248,CXCL11
ENSG00000127564.16,0.0017325078790470438,592,ENSG00000127564,PKMYT1
ENSG00000211897.7,0.0017321364312899207,593,ENSG00000211897,IGHG3
ENSG00000118513.18,0.0017305781060319154,594,ENSG00000118513,MYB
ENSG00000171714.10,0.0017305246976144592,595,ENSG00000171714,ANO5
ENSG00000111331.12,0.0017303809552578866,596,ENSG00000111331,OAS3
ENSG00000240801.1,0.0017301387448646168,597,ENSG00000240801,ENSG00000240801
ENSG00000213260.3,0.0017301108765742943,598,ENSG00000213260,YWHAZP5
ENSG00000211956.2,0.0017291979827229007,599,ENSG00000211956,IGHV4-34
ENSG00000046604.12,0.0017285840749646723,600,ENSG00000046604,DSG2
ENSG00000235776.2,0.0017284605576139936,601,ENSG00000235776,RPL7AP70
ENSG00000211892.3,0.001728287835760294,602,ENSG00000211892,IGHG4
ENSG00000115009.11,0.0017275738607787636,603,ENSG00000115009,CCL20
ENSG00000134020.7,0.001726630739294182,604,ENSG00000134020,PEBP4
ENSG00000241749.4,0.0017261339688953946,605,ENSG00000241749,RPSAP52
ENSG00000148773.12,0.0017257466900392187,606,ENSG00000148773,MKI67
ENSG00000067842.17,0.0017255558533183022,607,ENSG00000067842,ATP2B3
ENSG00000147570.9,0.0017249338139469178,608,ENSG00000147570,DNAJC5B
ENSG00000237330.2,0.0017247820149459679,609,ENSG00000237330,RNF223
ENSG00000129244.8,0.0017245234852253022,610,ENSG00000129244,ATP1B2
ENSG00000274253.4,0.0017242012323373528,611,ENSG00000274253,LOC283683
ENSG00000151834.15,0.001723806283969472,612,ENSG00000151834,GABRA2
ENSG00000123485.11,0.001722666627562546,613,ENSG00000123485,HJURP
ENSG00000211677.2,0.0017220608898126633,614,ENSG00000211677,IGLC2
ENSG00000236754.5,0.0017210145859803232,615,ENSG00000236754,LOC101929372
ENSG00000175643.8,0.001720410487078602,616,ENSG00000175643,RMI2
ENSG00000280259.1,0.0017203404145416195,617,ENSG00000280259,ENSG00000280259
ENSG00000147804.9,0.0017199957802976507,618,ENSG00000147804,SLC39A4
ENSG00000227507.2,0.0017195850837770708,619,ENSG00000227507,LTB
ENSG00000188730.4,0.0017186155507958065,620,ENSG00000188730,VWC2
ENSG00000166143.9,0.0017184298928470336,621,ENSG00000166143,PPP1R14D
ENSG00000137673.8,0.0017181814374912611,622,ENSG00000137673,MMP7
ENSG00000211945.2,0.0017181363415776556,623,ENSG00000211945,IGHV1-18
ENSG00000175267.14,0.0017176783851614928,624,ENSG00000175267,VWA3A
ENSG00000102970.10,0.0017170972342886342,625,ENSG00000102970,CCL17
ENSG00000205364.3,0.001717003225685156,626,ENSG00000205364,MT1M
ENSG00000167654.17,0.001716497233545666,627,ENSG00000167654,ATCAY
ENSG00000233110.1,0.001716481867093548,628,ENSG00000233110,SORBS2-AS1
ENSG00000211959.2,0.0017163291400401587,629,ENSG00000211959,IGHV4-39
ENSG00000091651.8,0.0017161994339374496,630,ENSG00000091651,ORC6
ENSG00000137699.16,0.0017159948144270152,631,ENSG00000137699,TRIM29
ENSG00000163535.17,0.0017158231320510658,632,ENSG00000163535,SGO2
ENSG00000164122.8,0.0017153985789625226,633,ENSG00000164122,ASB5
ENSG00000121594.11,0.001715277814999389,634,ENSG00000121594,CD80
ENSG00000170421.11,0.0017151001612618736,635,ENSG00000170421,KRT8
ENSG00000211947.2,0.0017150376893844677,636,ENSG00000211947,IGHV3-21
ENSG00000163600.12,0.0017128876073035455,637,ENSG00000163600,ICOS
ENSG00000196361.9,0.0017125469100654472,638,ENSG00000196361,ELAVL3
ENSG00000260578.1,0.0017125276809848533,639,ENSG00000260578,ENSG00000260578
ENSG00000196109.6,0.0017120039309384042,640,ENSG00000196109,ZNF676
ENSG00000133106.14,0.0017117614623649484,641,ENSG00000133106,EPSTI1
ENSG00000184363.9,0.0017105810059607372,642,ENSG00000184363,PKP3
ENSG00000007038.10,0.001710428196622326,643,ENSG00000007038,PRSS21
ENSG00000170807.11,0.001710411354426925,644,ENSG00000170807,LMOD2
ENSG00000165495.15,0.0017100377896355355,645,ENSG00000165495,PKNOX2
ENSG00000206337.10,0.0017097393874380908,646,ENSG00000206337,HCP5
ENSG00000187583.10,0.0017095257265910553,647,ENSG00000187583,PLEKHN1
ENSG00000155816.19,0.0017094299439495962,648,ENSG00000155816,FMN2
ENSG00000214652.5,0.0017093186426927222,649,ENSG00000214652,ZNF727
ENSG00000229056.2,0.0017086203894366876,650,ENSG00000229056,HECW2-AS1
ENSG00000102924.11,0.0017084725452770591,651,ENSG00000102924,CBLN1
ENSG00000234289.5,0.0017070905286143672,652,ENSG00000234289,H2BC12L
ENSG00000229859.8,0.0017068573776104138,653,ENSG00000229859,PGA3
ENSG00000261373.1,0.0017067941299373456,654,ENSG00000261373,VPS9D1-AS1
ENSG00000163435.15,0.001706562037571483,655,ENSG00000163435,ELF3
ENSG00000196866.2,0.0017062232802018478,656,ENSG00000196866,H2AC7
ENSG00000186185.13,0.0017060749632868658,657,ENSG00000186185,KIF18B
ENSG00000255833.1,0.0017060235441000013,658,ENSG00000255833,TIFAB
ENSG00000152932.7,0.0017059037837273406,659,ENSG00000152932,RAB3C
ENSG00000185332.6,0.0017058336083349984,660,ENSG00000185332,TMEM105
ENSG00000275216.1,0.0017058032283343006,661,ENSG00000275216,ENSG00000275216
ENSG00000197471.11,0.0017044416839421238,662,ENSG00000197471,SPN
ENSG00000171345.13,0.0017041510962130305,663,ENSG00000171345,KRT19
ENSG00000187151.7,0.0017038706700049375,664,ENSG00000187151,ANGPTL5
ENSG00000189367.14,0.0017038551324086786,665,ENSG00000189367,KIAA0408
ENSG00000138755.5,0.001703716047157791,666,ENSG00000138755,CXCL9
ENSG00000185479.5,0.001703031474493869,667,ENSG00000185479,KRT6B
ENSG00000125319.14,0.0017026911982952696,668,ENSG00000125319,HROB
ENSG00000144354.13,0.0017023024941939288,669,ENSG00000144354,CDCA7
ENSG00000124253.10,0.0017021088746454192,670,ENSG00000124253,PCK1
ENSG00000279368.1,0.0017019760004200906,671,ENSG00000279368,ENSG00000279368
ENSG00000004776.11,0.001701955376586401,672,ENSG00000004776,HSPB6
ENSG00000186810.7,0.0017016350018048906,673,ENSG00000186810,CXCR3
ENSG00000162951.10,0.0017009166256632328,674,ENSG00000162951,LRRTM1
ENSG00000161405.16,0.0017007359879433806,675,ENSG00000161405,IKZF3
ENSG00000177494.5,0.0017005392047905836,676,ENSG00000177494,ZBED2
ENSG00000196092.12,0.0017004101525352655,677,ENSG00000196092,PAX5
ENSG00000157992.12,0.0017001042780525576,678,ENSG00000157992,KRTCAP3
ENSG00000073792.15,0.0016999333223860012,679,ENSG00000073792,IGF2BP2
ENSG00000211937.3,0.0016998676820793668,680,ENSG00000211937,IGHV2-5
ENSG00000243364.7,0.0016997430134750426,681,ENSG00000243364,EFNA4
ENSG00000213886.3,0.0016997081081786387,682,ENSG00000213886,UBD
ENSG00000213790.2,0.001698961887556379,683,ENSG00000213790,OLA1P1
ENSG00000179750.15,0.0016989088023302214,684,ENSG00000179750,APOBEC3B
ENSG00000089012.14,0.0016986076668334892,685,ENSG00000089012,SIRPG
ENSG00000056487.15,0.0016982393706667929,686,ENSG00000056487,PHF21B
ENSG00000211637.2,0.0016968026853707277,687,ENSG00000211637,IGLV4-69
ENSG00000211941.3,0.001696540342477136,688,ENSG00000211941,IGHV3-11
ENSG00000171346.13,0.0016964599256419188,689,ENSG00000171346,KRT15
ENSG00000260401.1,0.0016963039563125308,690,ENSG00000260401,ENSG00000260401
ENSG00000211640.3,0.0016962479495591805,691,ENSG00000211640,IGLV6-57
ENSG00000198901.13,0.0016959551714472358,692,ENSG00000198901,PRC1
ENSG00000105388.14,0.0016958436182961214,693,ENSG00000105388,CEACAM5
ENSG00000105696.8,0.0016950750288363082,694,ENSG00000105696,TMEM59L
ENSG00000211679.2,0.0016944937812647613,695,ENSG00000211679,IGLC3
ENSG00000234498.3,0.0016943268170333784,696,ENSG00000234498,RPL13AP20
ENSG00000260947.1,0.00169379644617267,697,ENSG00000260947,ENSG00000260947
ENSG00000198286.9,0.0016933040266982496,698,ENSG00000198286,CARD11
ENSG00000261437.1,0.0016931753934211493,699,ENSG00000261437,LINC02894
ENSG00000165478.6,0.0016930996376723411,700,ENSG00000165478,HEPACAM
ENSG00000104147.8,0.0016930531579758194,701,ENSG00000104147,OIP5
ENSG00000100290.2,0.0016930495170062543,702,ENSG00000100290,BIK
ENSG00000232187.1,0.001692635231131857,703,ENSG00000232187,FTH1P7
ENSG00000211662.2,0.001692271342424096,704,ENSG00000211662,IGLV3-21
ENSG00000152092.15,0.0016921670295771162,705,ENSG00000152092,ASTN1
ENSG00000106462.10,0.001692051863866035,706,ENSG00000106462,EZH2
ENSG00000108244.16,0.0016915571923118596,707,ENSG00000108244,KRT23
ENSG00000165566.12,0.0016913825735979117,708,ENSG00000165566,AMER2
ENSG00000135378.3,0.001691328349622794,709,ENSG00000135378,PRRG4
ENSG00000156959.8,0.001690787597913772,710,ENSG00000156959,LHFPL4
ENSG00000184811.3,0.0016907099605898408,711,ENSG00000184811,TRARG1
ENSG00000182481.8,0.001690393542744033,712,ENSG00000182481,KPNA2
ENSG00000167767.13,0.0016899105890699122,713,ENSG00000167767,KRT80
ENSG00000164418.19,0.0016895927100178119,714,ENSG00000164418,GRIK2
ENSG00000262061.5,0.0016895546978698832,715,ENSG00000262061,RPH3AL-AS1
ENSG00000112183.14,0.0016894148492165141,716,ENSG00000112183,RBM24
ENSG00000141255.12,0.0016890070396351918,717,ENSG00000141255,SPATA22
ENSG00000002726.19,0.0016888518326472876,718,ENSG00000002726,AOC1
ENSG00000175785.12,0.0016882500013397624,719,ENSG00000175785,PRIMA1
ENSG00000211659.2,0.0016881306090561696,720,ENSG00000211659,IGLV3-25
ENSG00000168481.8,0.0016880486320904314,721,ENSG00000168481,LGI3
ENSG00000196188.10,0.0016869004312822333,722,ENSG00000196188,CTSE
ENSG00000111452.12,0.0016868795136350354,723,ENSG00000111452,ADGRD1
ENSG00000100181.21,0.001686377461147999,724,ENSG00000100181,TPTEP1
ENSG00000185101.12,0.0016855167150570493,725,ENSG00000185101,ANO9
ENSG00000211669.2,0.0016853011000226977,726,ENSG00000211669,IGLV3-10
ENSG00000176092.13,0.0016852897092071648,727,ENSG00000176092,CRYBG2
ENSG00000100253.12,0.0016852798415520598,728,ENSG00000100253,MIOX
ENSG00000206549.12,0.0016847568060998645,729,ENSG00000206549,ENSG00000206549
ENSG00000189058.8,0.0016840225155881298,730,ENSG00000189058,APOD
ENSG00000244575.3,0.0016832226879633047,731,ENSG00000244575,IGKV1-27
ENSG00000100342.20,0.0016831768451160479,732,ENSG00000100342,APOL1
ENSG00000132749.10,0.0016812542645378375,733,ENSG00000132749,TESMIN
ENSG00000271856.1,0.0016809776481561843,734,ENSG00000271856,LINC01215
ENSG00000268104.2,0.0016809505532657774,735,ENSG00000268104,SLC6A14
ENSG00000119969.14,0.0016805474961326817,736,ENSG00000119969,HELLS
ENSG00000164128.6,0.0016802247210846407,737,ENSG00000164128,NPY1R
ENSG00000130675.14,0.0016801831498579648,738,ENSG00000130675,MNX1
ENSG00000156395.12,0.0016801215807356632,739,ENSG00000156395,SORCS3
ENSG00000274173.1,0.0016799684269398483,740,ENSG00000274173,LINC02967
ENSG00000166573.5,0.0016795464849963823,741,ENSG00000166573,GALR1
ENSG00000143217.8,0.0016789176370038687,742,ENSG00000143217,NECTIN4
ENSG00000232869.2,0.0016786298316515125,743,ENSG00000232869,TRBV29-1
ENSG00000171241.8,0.0016785674925579453,744,ENSG00000171241,SHCBP1
ENSG00000121380.12,0.0016785198662504996,745,ENSG00000121380,BCL2L14
ENSG00000211652.2,0.0016782948132640417,746,ENSG00000211652,IGLV7-43
ENSG00000181649.5,0.001677872758635287,747,ENSG00000181649,PHLDA2
ENSG00000173890.16,0.001677337282254525,748,ENSG00000173890,GPR160
ENSG00000205362.10,0.0016772573226166915,749,ENSG00000205362,MT1A
ENSG00000229754.1,0.0016769824934551479,750,ENSG00000229754,CXCR2P1
ENSG00000171885.13,0.0016769578229401119,751,ENSG00000171885,AQP4
ENSG00000227403.1,0.0016768950101460657,752,ENSG00000227403,LINC01806
ENSG00000241755.1,0.0016753012270855857,753,ENSG00000241755,IGKV1-9
ENSG00000027869.11,0.0016752754062547698,754,ENSG00000027869,SH2D2A
ENSG00000039537.13,0.0016751099296213833,755,ENSG00000039537,C6
ENSG00000134762.16,0.0016750395955528311,756,ENSG00000134762,DSC3
ENSG00000187741.14,0.001674639513956887,757,ENSG00000187741,FANCA
ENSG00000145242.13,0.0016745344377436296,758,ENSG00000145242,EPHA5
ENSG00000253764.1,0.0016744197200735547,759,ENSG00000253764,KBTBD11-AS1
ENSG00000239855.1,0.0016743575803118645,760,ENSG00000239855,IGKV1-6
ENSG00000133477.16,0.001674235324636622,761,ENSG00000133477,SACK1F
ENSG00000129514.5,0.0016742214633284282,762,ENSG00000129514,FOXA1
ENSG00000153002.11,0.0016739502623028398,763,ENSG00000153002,CPB1
ENSG00000156234.7,0.001673682227313872,764,ENSG00000156234,CXCL13
ENSG00000224373.3,0.0016734212201712565,765,ENSG00000224373,IGHV4-59
ENSG00000188820.12,0.0016732369609930339,766,ENSG00000188820,CALHM6
ENSG00000196126.10,0.0016728675191600413,767,ENSG00000196126,HLA-DRB1
ENSG00000029993.14,0.001672754962841197,768,ENSG00000029993,HMGB3
ENSG00000203711.11,0.0016720219630344303,769,ENSG00000203711,LINC02901
ENSG00000076344.15,0.0016719419024392806,770,ENSG00000076344,RGS11
ENSG00000167286.9,0.0016715551809264424,771,ENSG00000167286,CD3D
ENSG00000163568.13,0.0016714500969594063,772,ENSG00000163568,AIM2
ENSG00000013725.14,0.001671325928047236,773,ENSG00000013725,CD6
ENSG00000183856.10,0.0016712271016529857,774,ENSG00000183856,IQGAP3
ENSG00000167600.13,0.0016709390194439057,775,ENSG00000167600,CYP2S1
ENSG00000177103.13,0.0016709176660004651,776,ENSG00000177103,DSCAML1
ENSG00000100453.12,0.0016708949977483323,777,ENSG00000100453,GZMB
ENSG00000242076.2,0.0016706649525747316,778,ENSG00000242076,IGKV1-33
ENSG00000174672.15,0.0016705855207525481,779,ENSG00000174672,BRSK2
ENSG00000164308.16,0.001670499487741997,780,ENSG00000164308,ERAP2
ENSG00000108813.10,0.0016704656363950815,781,ENSG00000108813,DLX4
ENSG00000104833.10,0.00167024189858132,782,ENSG00000104833,TUBB4A
ENSG00000258399.6,0.0016693524932661883,783,ENSG00000258399,MIR493HG
ENSG00000163833.7,0.0016689507280719517,784,ENSG00000163833,FBXO40
ENSG00000211675.2,0.001668346501065493,785,ENSG00000211675,IGLC1
ENSG00000233493.3,0.0016680868005147646,786,ENSG00000233493,TMEM238
ENSG00000269699.5,0.0016679768552133082,787,ENSG00000269699,ZIM2
ENSG00000035499.12,0.0016673039073809063,788,ENSG00000035499,DEPDC1B
ENSG00000146147.14,0.0016672319554135982,789,ENSG00000146147,MLIP
ENSG00000211673.2,0.0016668618595467952,790,ENSG00000211673,IGLV3-1
ENSG00000168528.11,0.0016666140306011137,791,ENSG00000168528,SERINC2
ENSG00000125731.12,0.0016663474844056322,792,ENSG00000125731,SH2D3A
ENSG00000197721.16,0.0016663034984404886,793,ENSG00000197721,CR1L
ENSG00000181847.11,0.001666301895119612,794,ENSG00000181847,TIGIT
ENSG00000134215.15,0.0016662994164235992,795,ENSG00000134215,VAV3
ENSG00000090382.6,0.0016660357730383583,796,ENSG00000090382,LYZ
ENSG00000167208.14,0.0016659521349973053,797,ENSG00000167208,SNX20
ENSG00000211772.8,0.0016657794557167105,798,ENSG00000211772,TRBC2
ENSG00000211934.3,0.0016654207381805303,799,ENSG00000211934,IGHV1-2
ENSG00000136842.13,0.0016648383361204974,800,ENSG00000136842,TMOD1
ENSG00000231806.2,0.0016647895077101487,801,ENSG00000231806,PCAT7
ENSG00000179542.15,0.0016636534059157175,802,ENSG00000179542,SLITRK4
ENSG00000225698.3,0.0016636253506319267,803,ENSG00000225698,IGHV3-72
ENSG00000050730.15,0.0016636236538007416,804,ENSG00000050730,TNIP3
ENSG00000264859.5,0.0016633658236275852,805,ENSG00000264859,DSG2-AS1
ENSG00000246582.2,0.0016633234131613538,806,ENSG00000246582,TNFRSF10A-DT
ENSG00000143184.4,0.0016630035635348001,807,ENSG00000143184,XCL1
ENSG00000211966.2,0.0016628874747694376,808,ENSG00000211966,IGHV5-51
ENSG00000167105.7,0.001662826783936994,809,ENSG00000167105,TMEM92
ENSG00000104783.11,0.001662673002931625,810,ENSG00000104783,KCNN4
ENSG00000225969.1,0.0016626258826444539,811,ENSG00000225969,BICDL3P
ENSG00000206341.7,0.0016625711682053327,812,ENSG00000206341,HLA-H
ENSG00000103647.12,0.0016625424193801883,813,ENSG00000103647,CORO2B
ENSG00000153902.13,0.0016624370773037698,814,ENSG00000153902,LGI4
ENSG00000167037.18,0.0016622642606482698,815,ENSG00000167037,SGSM1
ENSG00000277224.1,0.0016622298019680227,816,ENSG00000277224,H2BC7
ENSG00000143185.3,0.0016621694002704492,817,ENSG00000143185,XCL2
ENSG00000256039.1,0.0016617346561766265,818,ENSG00000256039,LINC02446
ENSG00000260459.2,0.0016616017474100973,819,ENSG00000260459,FTLP14
ENSG00000224650.2,0.001661568464806188,820,ENSG00000224650,IGHV3-74
ENSG00000240864.3,0.0016613853008660224,821,ENSG00000240864,IGKV1-16
ENSG00000173801.16,0.0016612315921837233,822,ENSG00000173801,JUP
ENSG00000224520.2,0.0016608387186031511,823,ENSG00000224520,KRT8P45
ENSG00000187957.7,0.0016607554524820632,824,ENSG00000187957,DNER
ENSG00000162062.14,0.0016607040278757575,825,ENSG00000162062,TEDC2
ENSG00000267765.1,0.0016606367007547407,826,ENSG00000267765,CNTNAP1-AS1
ENSG00000275385.1,0.001660479782378124,827,ENSG00000275385,CCL18
ENSG00000203782.5,0.0016603327013183433,828,ENSG00000203782,LORICRIN
ENSG00000153292.15,0.001659892573648699,829,ENSG00000153292,ADGRF1
ENSG00000104888.9,0.0016598641867618378,830,ENSG00000104888,SLC17A7
ENSG00000130558.18,0.0016592104067652844,831,ENSG00000130558,OLFM1
ENSG00000026751.16,0.0016591774541585837,832,ENSG00000026751,SLAMF7
ENSG00000167608.11,0.0016590758098332394,833,ENSG00000167608,TMC4
ENSG00000211660.3,0.0016589847835565778,834,ENSG00000211660,IGLV2-23
ENSG00000211955.2,0.0016581178575716773,835,ENSG00000211955,IGHV3-33
ENSG00000075043.17,0.0016580332373778589,836,ENSG00000075043,KCNQ2
ENSG00000232445.1,0.0016577957661714363,837,ENSG00000232445,EMSLR
ENSG00000211649.3,0.00165743952470098,838,ENSG00000211649,IGLV7-46
ENSG00000187950.8,0.001657281089293396,839,ENSG00000187950,OVCH1
ENSG00000089356.16,0.0016564930785709026,840,ENSG00000089356,FXYD3
ENSG00000110777.11,0.0016562178272368506,841,ENSG00000110777,POU2AF1
ENSG00000233966.1,0.0016555902882995441,842,ENSG00000233966,UBE2SP1
ENSG00000134548.9,0.0016553216754676533,843,ENSG00000134548,SPX
ENSG00000182795.12,0.0016550382309454936,844,ENSG00000182795,C1orf116
ENSG00000139874.5,0.0016546739077463084,845,ENSG00000139874,SSTR1
ENSG00000256262.1,0.0016541917919561892,846,ENSG00000256262,USP30-AS1
ENSG00000211638.2,0.0016540828793616556,847,ENSG00000211638,IGLV8-61
ENSG00000211899.7,0.0016539040349057743,848,ENSG00000211899,IGHM
ENSG00000181885.18,0.0016531699433930786,849,ENSG00000181885,CLDN7
ENSG00000136267.13,0.0016531612885905334,850,ENSG00000136267,DGKB
ENSG00000170476.15,0.0016531596791616728,851,ENSG00000170476,MZB1
ENSG00000246082.2,0.0016529330013323293,852,ENSG00000246082,NUDT16L2P
ENSG00000211663.2,0.0016526459453518583,853,ENSG00000211663,IGLV3-19
ENSG00000198618.5,0.0016526207243682887,854,ENSG00000198618,PPIAP22
ENSG00000136492.8,0.0016523399277475175,855,ENSG00000136492,BRIP1
ENSG00000170290.3,0.0016521813874428,856,ENSG00000170290,SLN
ENSG00000181143.15,0.001652166962953583,857,ENSG00000181143,MUC16
ENSG00000270550.1,0.0016521424313917104,858,ENSG00000270550,IGHV3-30
ENSG00000137563.11,0.0016520851734379766,859,ENSG00000137563,GGH
ENSG00000240382.3,0.00165142739625429,860,ENSG00000240382,IGKV1-17
ENSG00000070190.12,0.0016513783856633307,861,ENSG00000070190,DAPP1
ENSG00000244437.1,0.0016510911263501477,862,ENSG00000244437,IGKV3-15
ENSG00000271503.5,0.001650968255185272,863,ENSG00000271503,CCL5
ENSG00000188662.6,0.0016508946204121955,864,ENSG00000188662,H1-9P
ENSG00000100721.10,0.0016507020775527628,865,ENSG00000100721,TCL1A
ENSG00000281974.1,0.0016501896788865583,866,ENSG00000281974,ENSG00000281974
ENSG00000171236.9,0.0016499121357402857,867,ENSG00000171236,LRG1
ENSG00000197083.11,0.0016497997226526944,868,ENSG00000197083,ZNF300P1
ENSG00000248569.1,0.0016492052027186996,869,ENSG00000248569,ENSG00000248569
ENSG00000152137.6,0.001648864678371311,870,ENSG00000152137,HSPB8
ENSG00000256508.2,0.0016488528121090813,871,ENSG00000256508,MRGPRF-AS1
ENSG00000211751.7,0.0016486702612113437,872,ENSG00000211751,TRBC1
ENSG00000146352.12,0.001648643870507684,873,ENSG00000146352,CLVS2
ENSG00000240541.2,0.0016479550783416769,874,ENSG00000240541,TM4SF1-AS1
ENSG00000149418.10,0.0016479469747975434,875,ENSG00000149418,ST14
ENSG00000142731.10,0.0016479232062275807,876,ENSG00000142731,PLK4
ENSG00000256713.7,0.0016477593165869866,877,ENSG00000256713,PGA5
ENSG00000254285.3,0.0016474251034407944,878,ENSG00000254285,KRT8P3
ENSG00000188783.5,0.0016471672183686799,879,ENSG00000188783,PRELP
ENSG00000211949.3,0.0016460984672721883,880,ENSG00000211949,IGHV3-23
ENSG00000184313.19,0.0016455152902873774,881,ENSG00000184313,MROH7
ENSG00000241218.1,0.001644779353176799,882,ENSG00000241218,CSP2
ENSG00000130513.6,0.0016445867297443827,883,ENSG00000130513,GDF15
ENSG00000251546.1,0.0016444955239188481,884,ENSG00000251546,IGKV1D-39
ENSG00000211653.2,0.0016441310946819984,885,ENSG00000211653,IGLV1-40
ENSG00000263961.6,0.0016435180386021142,886,ENSG00000263961,RHEX
ENSG00000069535.13,0.0016433633167782036,887,ENSG00000069535,MAOB
ENSG00000166920.10,0.0016432103988342256,888,ENSG00000166920,COXFA4L3
ENSG00000124766.5,0.001643154784653249,889,ENSG00000124766,SOX4
ENSG00000049768.14,0.0016425906035411996,890,ENSG00000049768,FOXP3
ENSG00000119938.8,0.0016406485290161596,891,ENSG00000119938,PPP1R3C
ENSG00000105737.9,0.0016404897455286865,892,ENSG00000105737,GRIK5
ENSG00000243113.1,0.001640455263075336,893,ENSG00000243113,ENSG00000243113
ENSG00000050030.13,0.0016401561702427468,894,ENSG00000050030,NEXMIF
ENSG00000163599.14,0.0016392874540182053,895,ENSG00000163599,CTLA4
ENSG00000117560.7,0.001639126004489411,896,ENSG00000117560,FASLG
ENSG00000100385.13,0.0016387826256632244,897,ENSG00000100385,IL2RB
ENSG00000121858.10,0.001638587331139819,898,ENSG00000121858,TNFSF10
ENSG00000101082.13,0.0016383039372552847,899,ENSG00000101082,SLA2
ENSG00000101203.16,0.0016382601492156432,900,ENSG00000101203,COL20A1
ENSG00000154760.13,0.0016382008260499416,901,ENSG00000154760,SLFN13
ENSG00000198626.15,0.0016381280060442007,902,ENSG00000198626,RYR2
ENSG00000132698.13,0.0016375384489473162,903,ENSG00000132698,RAB25
ENSG00000159409.14,0.0016370148441640787,904,ENSG00000159409,CELF3
ENSG00000006453.13,0.0016369153376469571,905,ENSG00000006453,BAIAP2L1
ENSG00000137440.4,0.0016367136211165696,906,ENSG00000137440,FGFBP1
ENSG00000214575.9,0.001636619590549908,907,ENSG00000214575,CPEB1
ENSG00000130035.6,0.0016361406613196055,908,ENSG00000130035,GALNT8
ENSG00000163873.9,0.0016359897668861657,909,ENSG00000163873,GRIK3
ENSG00000177602.5,0.0016358176184556657,910,ENSG00000177602,HASPIN
ENSG00000105369.9,0.0016357588594640483,911,ENSG00000105369,CD79A
ENSG00000211598.2,0.0016357188365792134,912,ENSG00000211598,IGKV4-1
ENSG00000161800.12,0.0016354658485010969,913,ENSG00000161800,RACGAP1
ENSG00000102962.4,0.0016352050493830526,914,ENSG00000102962,CCL22
ENSG00000117322.16,0.0016344488809883412,915,ENSG00000117322,CR2
ENSG00000259704.1,0.0016337149023649957,916,ENSG00000259704,LOC105370969
ENSG00000259345.5,0.0016335737840275334,917,ENSG00000259345,ENSG00000259345
ENSG00000179344.16,0.0016335116962963346,918,ENSG00000179344,HLA-DQB1
ENSG00000261211.1,0.0016329802458841145,919,ENSG00000261211,ENSG00000261211
ENSG00000240671.2,0.0016326936361955942,920,ENSG00000240671,IGKV1-8
ENSG00000235947.1,0.0016319907674583994,921,ENSG00000235947,EGOT
ENSG00000124429.17,0.0016318919866902726,922,ENSG00000124429,POF1B
ENSG00000243466.1,0.0016317704809271545,923,ENSG00000243466,IGKV1-5
ENSG00000104738.16,0.0016315654938609402,924,ENSG00000104738,MCM4
ENSG00000188910.7,0.001631374974812848,925,ENSG00000188910,GJB3
ENSG00000227066.1,0.0016311019526068168,926,ENSG00000227066,LOC117779438
ENSG00000135451.12,0.0016308616211013478,927,ENSG00000135451,TROAP
ENSG00000244116.3,0.0016304922660507614,928,ENSG00000244116,IGKV2-28
ENSG00000079385.21,0.0016302532123105419,929,ENSG00000079385,CEACAM1
ENSG00000273184.1,0.0016300166235794277,930,ENSG00000273184,ENSG00000273184
ENSG00000232810.3,0.0016297071206938288,931,ENSG00000232810,TNF
ENSG00000170689.9,0.0016292005577874062,932,ENSG00000170689,HOXB9
ENSG00000254389.3,0.0016285615534948814,933,ENSG00000254389,RHPN1-AS1
ENSG00000155629.14,0.001628479356155943,934,ENSG00000155629,PIK3AP1
ENSG00000109321.10,0.0016283522042490272,935,ENSG00000109321,AREG
ENSG00000165186.10,0.0016279885043870093,936,ENSG00000165186,PTCHD1
ENSG00000133800.8,0.0016279573262721724,937,ENSG00000133800,LYVE1
ENSG00000129824.15,0.0016279231350639302,938,ENSG00000129824,RPS4Y1
ENSG00000231852.6,0.001627737600983929,939,ENSG00000231852,CYP21A2
ENSG00000154451.14,0.0016275014331562556,940,ENSG00000154451,GBP5
ENSG00000277734.4,0.001627490084692254,941,ENSG00000277734,TRAC
ENSG00000239951.1,0.0016272816861715208,942,ENSG00000239951,IGKV3-20
ENSG00000165025.14,0.001627119224832814,943,ENSG00000165025,SYK
ENSG00000155980.11,0.0016270846435986895,944,ENSG00000155980,KIF5A
ENSG00000156127.6,0.0016268524324737769,945,ENSG00000156127,BATF
ENSG00000279806.1,0.0016266438586767839,946,ENSG00000279806,ENSG00000279806
ENSG00000141738.13,0.0016259354057855627,947,ENSG00000141738,GRB7
ENSG00000254709.6,0.0016258118176968699,948,ENSG00000254709,IGLL5
ENSG00000132692.18,0.0016256548415753927,949,ENSG00000132692,BCAN
ENSG00000272511.1,0.0016255087223289153,950,ENSG00000272511,ENSG00000272511
ENSG00000130768.14,0.0016252162874222146,951,ENSG00000130768,SMPDL3B
ENSG00000054219.10,0.0016249766190577276,952,ENSG00000054219,LY75
ENSG00000258512.1,0.001624693182305561,953,ENSG00000258512,LINC00239
ENSG00000160460.15,0.0016245453055012753,954,ENSG00000160460,SPTBN4
ENSG00000166145.14,0.0016243779569606047,955,ENSG00000166145,SPINT1
ENSG00000144847.12,0.0016243413707935459,956,ENSG00000144847,IGSF11
ENSG00000247627.2,0.0016239496448779295,957,ENSG00000247627,MTND4P12
ENSG00000198125.12,0.0016239411644681173,958,ENSG00000198125,MB
ENSG00000110448.10,0.0016233477337491316,959,ENSG00000110448,CD5
ENSG00000189292.15,0.0016232758533233924,960,ENSG00000189292,ALKAL2
ENSG00000145649.7,0.0016232103609019907,961,ENSG00000145649,GZMA
ENSG00000257084.1,0.0016227708638493542,962,ENSG00000257084,MIR200CHG
ENSG00000187510.7,0.0016224909038625882,963,ENSG00000187510,PLEKHG7
ENSG00000109255.11,0.0016220146372899929,964,ENSG00000109255,NMU
ENSG00000085999.11,0.0016217953148199235,965,ENSG00000085999,RAD54L
ENSG00000185155.11,0.0016213757350874312,966,ENSG00000185155,MIXL1
ENSG00000100884.9,0.0016213656649667705,967,ENSG00000100884,CPNE6
ENSG00000136689.18,0.0016210704912801614,968,ENSG00000136689,IL1RN
ENSG00000253701.2,0.0016208582461723642,969,ENSG00000253701,ENSG00000253701
ENSG00000198797.6,0.0016208439394211401,970,ENSG00000198797,BRINP2
ENSG00000137766.16,0.0016208137511789166,971,ENSG00000137766,UNC13C
ENSG00000182866.16,0.0016206869286506315,972,ENSG00000182866,LCK
ENSG00000138772.12,0.0016204226484804898,973,ENSG00000138772,ANXA3
ENSG00000204616.10,0.0016203655779409344,974,ENSG00000204616,TRIM31
ENSG00000142273.10,0.001620339589962108,975,ENSG00000142273,CBLC
ENSG00000241294.1,0.0016202849981064435,976,ENSG00000241294,IGKV2-24
ENSG00000159261.10,0.0016195095775403548,977,ENSG00000159261,CLDN14
ENSG00000088538.12,0.0016194358534483205,978,ENSG00000088538,DOCK3
ENSG00000105699.16,0.0016193391578870652,979,ENSG00000105699,LSR
ENSG00000102575.10,0.0016193193622974047,980,ENSG00000102575,ACP5
ENSG00000244586.1,0.0016191938150238957,981,ENSG00000244586,WNT5A-AS1
ENSG00000137747.14,0.0016190323851728915,982,ENSG00000137747,TMPRSS13
ENSG00000183734.4,0.0016189456422847984,983,ENSG00000183734,ASCL2
ENSG00000087128.9,0.001618800993983521,984,ENSG00000087128,TMPRSS11E
ENSG00000178146.9,0.0016182636359429862,985,ENSG00000178146,GK4P
ENSG00000133328.3,0.0016171816651244064,986,ENSG00000133328,PLAAT2
ENSG00000099812.8,0.0016170682110412476,987,ENSG00000099812,MISP
ENSG00000206075.13,0.0016162377937576351,988,ENSG00000206075,SERPINB5
ENSG00000185736.15,0.0016161235952288158,989,ENSG00000185736,ADARB2
ENSG00000106809.10,0.0016158874341629902,990,ENSG00000106809,OGN
ENSG00000076382.16,0.001615680622113604,991,ENSG00000076382,SPAG5
ENSG00000158769.17,0.0016155525657233795,992,ENSG00000158769,F11R
ENSG00000270149.5,0.0016151683110206165,993,ENSG00000270149,ENSG00000270149
ENSG00000279484.1,0.0016150477498512283,994,ENSG00000279484,KLHL30-AS1
ENSG00000102384.13,0.0016147724243540907,995,ENSG00000102384,CENPI
ENSG00000211943.2,0.0016140912455821946,996,ENSG00000211943,IGHV3-15
ENSG00000211648.2,0.001614068904634346,997,ENSG00000211648,IGLV1-47
ENSG00000078589.12,0.0016139178928608374,998,ENSG00000078589,P2RY10
ENSG00000160654.9,0.0016136036174254787,999,ENSG00000160654,CD3G
ENSG00000172478.17,0.0016134430330830883,1000,ENSG00000172478,MAB21L4
ENSG00000196735.11,0.0016134008819169675,1001,ENSG00000196735,HLA-DQA1
ENSG00000145107.15,0.0016133412252758255,1002,ENSG00000145107,TM4SF19
ENSG00000072195.14,0.0016131570280843413,1003,ENSG00000072195,SPEG
ENSG00000171631.14,0.001613119552234663,1004,ENSG00000171631,P2RY6
ENSG00000104413.15,0.00161254768716784,1005,ENSG00000104413,ESRP1
ENSG00000168314.17,0.0016123539382021377,1006,ENSG00000168314,MOBP
ENSG00000103522.15,0.0016118692184363644,1007,ENSG00000103522,IL21R
ENSG00000137309.19,0.0016117279459087219,1008,ENSG00000137309,HMGA1
ENSG00000171611.9,0.001611419167861802,1009,ENSG00000171611,PTCRA
ENSG00000128918.14,0.001611384835401202,1010,ENSG00000128918,ALDH1A2
ENSG00000152578.12,0.0016111878315105876,1011,ENSG00000152578,GRIA4
ENSG00000048540.14,0.0016111085622813244,1012,ENSG00000048540,LMO3
ENSG00000115919.14,0.0016110943877528962,1013,ENSG00000115919,KYNU
ENSG00000149948.13,0.0016110081725055412,1014,ENSG00000149948,HMGA2
ENSG00000241351.2,0.001610915795529278,1015,ENSG00000241351,IGKV3-11
ENSG00000132975.7,0.0016108023653291224,1016,ENSG00000132975,GPR12
ENSG00000078295.15,0.0016107644803737703,1017,ENSG00000078295,ADCY2
ENSG00000224318.5,0.0016107109705670109,1018,ENSG00000224318,CHL1-AS2
ENSG00000156675.15,0.0016101379126797534,1019,ENSG00000156675,RAB11FIP1
ENSG00000156413.13,0.0016101344243320017,1020,ENSG00000156413,FUT6
ENSG00000211651.3,0.0016098338420241737,1021,ENSG00000211651,IGLV1-44
ENSG00000254445.1,0.001609762128507735,1022,ENSG00000254445,HSPB2-C11orf52
ENSG00000158488.15,0.0016094145206343587,1023,ENSG00000158488,CD1E
ENSG00000154330.12,0.001609094700505397,1024,ENSG00000154330,PGM5
ENSG00000250305.8,0.001608782446699805,1025,ENSG00000250305,TRMT9B
ENSG00000242173.8,0.0016087473619116228,1026,ENSG00000242173,ARHGDIG
ENSG00000176083.17,0.0016087334733204325,1027,ENSG00000176083,ZNF683
ENSG00000204252.12,0.001608698729860243,1028,ENSG00000204252,HLA-DOA
ENSG00000079462.7,0.0016086262524756827,1029,ENSG00000079462,PAFAH1B3
ENSG00000132840.9,0.0016083624232220107,1030,ENSG00000132840,BHMT2
ENSG00000276070.4,0.0016081334403285623,1031,ENSG00000276070,CCL4L2
ENSG00000141293.15,0.0016078217766527794,1032,ENSG00000141293,SKAP1
ENSG00000261116.1,0.0016073655430905282,1033,ENSG00000261116,ENSG00000261116
ENSG00000145103.12,0.0016070992823863136,1034,ENSG00000145103,ILDR1
ENSG00000079841.18,0.0016069756750173698,1035,ENSG00000079841,RIMS1
ENSG00000182103.4,0.001606818791002557,1036,ENSG00000182103,FAM181B
ENSG00000188112.8,0.001606789334516996,1037,ENSG00000188112,C6orf132
ENSG00000169760.17,0.0016066410098061654,1038,ENSG00000169760,NLGN1
ENSG00000158125.9,0.0016064888498025802,1039,ENSG00000158125,XDH
ENSG00000188372.14,0.0016064119451580903,1040,ENSG00000188372,ZP3
ENSG00000196878.12,0.0016063324969777999,1041,ENSG00000196878,LAMB3
ENSG00000211668.2,0.0016059300350859034,1042,ENSG00000211668,IGLV2-11
ENSG00000282031.1,0.0016056540913056585,1043,ENSG00000282031,ENSG00000282031
ENSG00000178999.12,0.001605634804809959,1044,ENSG00000178999,AURKB
ENSG00000187210.12,0.0016055913998532048,1045,ENSG00000187210,GCNT1
ENSG00000272398.5,0.001605535143818189,1046,ENSG00000272398,CD24
ENSG00000242735.1,0.0016044258620961692,1047,ENSG00000242735,RPSAP26
ENSG00000152056.16,0.0016041968606715505,1048,ENSG00000152056,AP1S3
ENSG00000135480.14,0.0016041678102633975,1049,ENSG00000135480,KRT7
ENSG00000130283.8,0.00160390039889007,1050,ENSG00000130283,GDF1
ENSG00000211666.2,0.001603516639888321,1051,ENSG00000211666,IGLV2-14
ENSG00000197177.15,0.0016030625592145262,1052,ENSG00000197177,ADGRA1
ENSG00000152977.9,0.0016029486897644538,1053,ENSG00000152977,ZIC1
ENSG00000268555.1,0.0016024850492911105,1054,ENSG00000268555,ENSG00000268555
ENSG00000110492.15,0.0016024354700725847,1055,ENSG00000110492,MDK
ENSG00000106178.6,0.0016018818415112132,1056,ENSG00000106178,CCL24
ENSG00000173175.14,0.001601578698621524,1057,ENSG00000173175,ADCY5
ENSG00000048462.10,0.001601555676754131,1058,ENSG00000048462,TNFRSF17
ENSG00000279400.1,0.0016012817085698393,1059,ENSG00000279400,ENSG00000279400
ENSG00000116824.4,0.0016006836241616053,1060,ENSG00000116824,CD2
ENSG00000115705.20,0.0015999692303795673,1061,ENSG00000115705,TPO
ENSG00000142675.17,0.0015997111671858816,1062,ENSG00000142675,CNKSR1
ENSG00000052344.15,0.0015996185250832901,1063,ENSG00000052344,PRSS8
ENSG00000261068.2,0.0015991795968117565,1064,ENSG00000261068,ENSG00000261068
ENSG00000231703.2,0.001599073895686969,1065,ENSG00000231703,ENSG00000231703
ENSG00000124256.14,0.001599034532748034,1066,ENSG00000124256,ZBP1
ENSG00000163898.9,0.0015987271810633528,1067,ENSG00000163898,LIPH
ENSG00000168928.12,0.0015978153317007249,1068,ENSG00000168928,CTRB2
ENSG00000176204.13,0.0015976523898544091,1069,ENSG00000176204,LRRTM4
ENSG00000132465.10,0.0015975940770061121,1070,ENSG00000132465,JCHAIN
ENSG00000211938.2,0.0015974107705238134,1071,ENSG00000211938,IGHV3-7
ENSG00000173213.8,0.0015973258099910787,1072,ENSG00000173213,TUBB8B
ENSG00000129354.11,0.0015971287715220751,1073,ENSG00000129354,AP1M2
ENSG00000143851.15,0.0015962688785494056,1074,ENSG00000143851,PTPN7
ENSG00000106789.12,0.0015961253122732848,1075,ENSG00000106789,CORO2A
ENSG00000112297.14,0.0015961179057293402,1076,ENSG00000112297,CRYBG1
ENSG00000123201.14,0.0015958632118071101,1077,ENSG00000123201,GUCY1B2
ENSG00000111319.12,0.0015957120231017779,1078,ENSG00000111319,SCNN1A
ENSG00000163395.16,0.001595236108490449,1079,ENSG00000163395,IGFN1
ENSG00000004799.7,0.0015951898884240515,1080,ENSG00000004799,PDK4
ENSG00000163814.7,0.0015950887127449869,1081,ENSG00000163814,CDCP1
ENSG00000169442.8,0.0015950236346066742,1082,ENSG00000169442,CD52
ENSG00000100558.8,0.0015949260842146114,1083,ENSG00000100558,PLEK2
ENSG00000128422.15,0.0015941696133237062,1084,ENSG00000128422,KRT17
ENSG00000160791.13,0.001594103830331322,1085,ENSG00000160791,CCR5
ENSG00000231574.5,0.0015937175575716708,1086,ENSG00000231574,LINC02015
ENSG00000170298.15,0.0015936796814033712,1087,ENSG00000170298,LGALS9B
ENSG00000171234.13,0.0015934806754975498,1088,ENSG00000171234,UGT2B7
ENSG00000078081.7,0.001593057028355327,1089,ENSG00000078081,LAMP3
ENSG00000278828.1,0.001592614061517646,1090,ENSG00000278828,H3C10
ENSG00000178568.13,0.0015919205535449377,1091,ENSG00000178568,ERBB4
ENSG00000176153.11,0.0015915823490660153,1092,ENSG00000176153,GPX2
ENSG00000110675.12,0.00159153729708463,1093,ENSG00000110675,ELMOD1
ENSG00000280202.1,0.001590869003321319,1094,ENSG00000280202,ENSG00000280202
ENSG00000165272.14,0.0015904030925279493,1095,ENSG00000165272,AQP3
ENSG00000172116.21,0.0015902457081119902,1096,ENSG00000172116,CD8B
ENSG00000165269.12,0.0015894040785319609,1097,ENSG00000165269,AQP7
ENSG00000233834.6,0.001589295310687591,1098,ENSG00000233834,GIRGL
ENSG00000169429.10,0.0015892509498667154,1099,ENSG00000169429,CXCL8
ENSG00000103534.16,0.0015885035031760596,1100,ENSG00000103534,TMC5
ENSG00000091490.10,0.0015882409437129271,1101,ENSG00000091490,SEL1L3
ENSG00000188517.14,0.0015882261916620943,1102,ENSG00000188517,COL25A1
ENSG00000262823.1,0.0015882156274024746,1103,ENSG00000262823,ENSG00000262823
ENSG00000267748.4,0.001588129466957544,1104,ENSG00000267748,ENSG00000267748
ENSG00000186675.6,0.0015881267745534366,1105,ENSG00000186675,MAGEE2
ENSG00000182050.13,0.0015877642453288757,1106,ENSG00000182050,MGAT4C
ENSG00000075275.16,0.001587658166022146,1107,ENSG00000075275,CELSR1
ENSG00000103067.11,0.0015876121190658424,1108,ENSG00000103067,ESRP2
ENSG00000255986.6,0.0015875218854102125,1109,ENSG00000255986,MT1JP
ENSG00000249307.5,0.0015875079383552032,1110,ENSG00000249307,LINC01088
ENSG00000164283.12,0.001587265692851548,1111,ENSG00000164283,ESM1
ENSG00000123119.11,0.0015867647051456008,1112,ENSG00000123119,NECAB1
ENSG00000213468.3,0.0015866757479127552,1113,ENSG00000213468,FIRRE
ENSG00000267143.1,0.0015863148895676228,1114,ENSG00000267143,ENSG00000267143
ENSG00000060558.3,0.0015862161061199153,1115,ENSG00000060558,GNA15
ENSG00000140563.14,0.001586075976240333,1116,ENSG00000140563,MCTP2
ENSG00000267328.1,0.0015859045980949923,1117,ENSG00000267328,ENSG00000267328
ENSG00000230409.3,0.0015852902831120907,1118,ENSG00000230409,TCEA1P2
ENSG00000243238.1,0.001585205826501472,1119,ENSG00000243238,IGKV2-30
ENSG00000080986.12,0.0015848575014372963,1120,ENSG00000080986,NDC80
ENSG00000229183.8,0.0015845955866863916,1121,ENSG00000229183,PGA4
ENSG00000251381.6,0.0015845395471917,1122,ENSG00000251381,LINC00958
ENSG00000249007.1,0.0015841560777420736,1123,ENSG00000249007,ENSG00000249007
ENSG00000116014.9,0.0015839287054401946,1124,ENSG00000116014,KISS1R
ENSG00000133063.15,0.0015830459495962796,1125,ENSG00000133063,CHIT1
ENSG00000160801.13,0.0015827553454338039,1126,ENSG00000160801,PTH1R
ENSG00000278185.1,0.0015826402180778897,1127,ENSG00000278185,ENSG00000278185
ENSG00000005001.9,0.0015823261584269293,1128,ENSG00000005001,PRSS22
ENSG00000108924.13,0.001581601888405553,1129,ENSG00000108924,HLF
ENSG00000102554.13,0.0015813585811803635,1130,ENSG00000102554,KLF5
ENSG00000159618.15,0.0015813205112687333,1131,ENSG00000159618,ADGRG5
ENSG00000169435.13,0.0015809913729659057,1132,ENSG00000169435,RASSF6
ENSG00000184258.6,0.0015800036326256862,1133,ENSG00000184258,ENSG00000184258
ENSG00000186891.13,0.0015792740394462385,1134,ENSG00000186891,TNFRSF18
ENSG00000185527.11,0.0015791382530157608,1135,ENSG00000185527,PDE6G
ENSG00000278196.1,0.0015787695578500013,1136,ENSG00000278196,IGLV2-8
ENSG00000183971.5,0.0015786609653128153,1137,ENSG00000183971,NPW
ENSG00000105374.9,0.001578305244996764,1138,ENSG00000105374,NKG7
ENSG00000010030.13,0.0015781268338177809,1139,ENSG00000010030,ETV7
ENSG00000269067.1,0.001578031457569283,1140,ENSG00000269067,ZNF728
ENSG00000165140.9,0.0015777519337006325,1141,ENSG00000165140,FBP1
ENSG00000198502.5,0.001577719874263042,1142,ENSG00000198502,HLA-DRB5
ENSG00000009950.15,0.0015776293592104891,1143,ENSG00000009950,MLXIPL
ENSG00000186832.8,0.0015772938959423461,1144,ENSG00000186832,KRT16
ENSG00000114013.15,0.0015772517789061377,1145,ENSG00000114013,CD86
ENSG00000242396.1,0.001577169747738303,1146,ENSG00000242396,ENSG00000242396
ENSG00000225431.1,0.0015770074738551932,1147,ENSG00000225431,LINC01671
ENSG00000143297.18,0.0015766334071944455,1148,ENSG00000143297,FCRL5
ENSG00000167553.14,0.0015765930095057534,1149,ENSG00000167553,TUBA1C
ENSG00000235621.8,0.001576345009093609,1150,ENSG00000235621,LINC00494
ENSG00000165905.16,0.0015763361738208427,1151,ENSG00000165905,LARGE2
ENSG00000099958.14,0.0015757549671067364,1152,ENSG00000099958,DERL3
ENSG00000153563.15,0.001575512412637249,1153,ENSG00000153563,CD8A
ENSG00000186479.4,0.001575082018930273,1154,ENSG00000186479,RGS7BP
ENSG00000101213.6,0.0015750165532794843,1155,ENSG00000101213,PTK6
ENSG00000205413.7,0.0015744732483283293,1156,ENSG00000205413,SAMD9
ENSG00000165300.7,0.001574357252026986,1157,ENSG00000165300,SLITRK5
ENSG00000187621.14,0.0015741843838999656,1158,ENSG00000187621,LOC124903372
ENSG00000183742.12,0.001573631798169559,1159,ENSG00000183742,MACC1
ENSG00000140749.8,0.001573459764345953,1160,ENSG00000140749,IGSF6
ENSG00000165810.16,0.0015733573017343329,1161,ENSG00000165810,BTNL9
ENSG00000058404.19,0.001573079067643672,1162,ENSG00000058404,CAMK2B
ENSG00000164089.8,0.0015730687526623733,1163,ENSG00000164089,ETNPPL
ENSG00000132623.15,0.001572827609324443,1164,ENSG00000132623,ANKEF1
ENSG00000197238.4,0.0015725994068433316,1165,ENSG00000197238,H4C11
ENSG00000121966.6,0.0015721594241678975,1166,ENSG00000121966,CXCR4
ENSG00000183813.6,0.0015720170002241685,1167,ENSG00000183813,CCR4
ENSG00000171433.11,0.0015719405902174463,1168,ENSG00000171433,GLOD5
ENSG00000204179.10,0.0015718822416914988,1169,ENSG00000204179,PTPN20
ENSG00000181856.14,0.0015717584435459913,1170,ENSG00000181856,SLC2A4
ENSG00000169271.2,0.001571120316831384,1171,ENSG00000169271,HSPB3
ENSG00000111424.10,0.001571039797276148,1172,ENSG00000111424,VDR
ENSG00000008517.16,0.0015709534388156023,1173,ENSG00000008517,IL32
ENSG00000168490.13,0.0015701198942600638,1174,ENSG00000168490,PHYHIP
ENSG00000271880.1,0.0015701115926412667,1175,ENSG00000271880,ENSG00000271880
ENSG00000105371.8,0.0015692331957379922,1176,ENSG00000105371,ICAM4
ENSG00000144891.17,0.0015691443326215182,1177,ENSG00000144891,AGTR1
ENSG00000167741.10,0.0015683831516079315,1178,ENSG00000167741,GGT6
ENSG00000234949.2,0.001568095704237667,1179,ENSG00000234949,RAB17-DT
ENSG00000140297.12,0.0015680610317827016,1180,ENSG00000140297,GCNT3
ENSG00000137807.13,0.0015679496123255819,1181,ENSG00000137807,KIF23
ENSG00000269404.6,0.0015671214250328697,1182,ENSG00000269404,SPIB
ENSG00000122585.7,0.0015668348824464302,1183,ENSG00000122585,NPY
ENSG00000108823.15,0.00156651944982476,1184,ENSG00000108823,SGCA
ENSG00000259399.1,0.0015662563666381728,1185,ENSG00000259399,TGIF2-RAB5IF
ENSG00000148735.14,0.0015662280327639788,1186,ENSG00000148735,PLEKHS1
ENSG00000235192.1,0.0015661815738049287,1187,ENSG00000235192,ENSG00000235192
ENSG00000137078.8,0.0015661468519219816,1188,ENSG00000137078,SIT1
ENSG00000135476.11,0.001566116999471827,1189,ENSG00000135476,ESPL1
ENSG00000128383.12,0.0015660489324107899,1190,ENSG00000128383,APOBEC3A
ENSG00000265401.1,0.0015660388812703083,1191,ENSG00000265401,UBB-AS1
ENSG00000261040.6,0.001565605408104165,1192,ENSG00000261040,WFDC21P
ENSG00000237152.3,0.0015651512424249895,1193,ENSG00000237152,ENSG00000237152
ENSG00000183036.10,0.0015651348874967288,1194,ENSG00000183036,PCP4
ENSG00000073350.13,0.0015647229625786539,1195,ENSG00000073350,LLGL2
ENSG00000204632.11,0.0015645756870747759,1196,ENSG00000204632,HLA-G
ENSG00000172215.5,0.0015645240408059002,1197,ENSG00000172215,CXCR6
ENSG00000225140.1,0.0015640525559132905,1198,ENSG00000225140,DIP2C-AS2
ENSG00000130988.12,0.0015640042997188657,1199,ENSG00000130988,RGN
ENSG00000104611.11,0.0015637705815625567,1200,ENSG00000104611,SH2D4A
ENSG00000111052.7,0.0015637139375272416,1201,ENSG00000111052,LIN7A
ENSG00000007306.14,0.0015635718840612675,1202,ENSG00000007306,CEACAM7
ENSG00000184860.9,0.0015634615663448494,1203,ENSG00000184860,SDR42E1
ENSG00000185499.16,0.001562762087828681,1204,ENSG00000185499,MUC1
ENSG00000020633.18,0.0015626330471727671,1205,ENSG00000020633,RUNX3
ENSG00000100079.6,0.001562371954445478,1206,ENSG00000100079,LGALS2
ENSG00000125245.12,0.0015613159896897878,1207,ENSG00000125245,GPR18
ENSG00000171303.6,0.0015609081225463747,1208,ENSG00000171303,KCNK3
ENSG00000258647.5,0.0015608990686544323,1209,ENSG00000258647,LINC00930
ENSG00000133321.10,0.0015607654189268882,1210,ENSG00000133321,PLAAT4
ENSG00000139626.15,0.0015605549294753663,1211,ENSG00000139626,ITGB7
ENSG00000171017.10,0.001560544772217224,1212,ENSG00000171017,LRRC8E
ENSG00000168143.8,0.001560341453506924,1213,ENSG00000168143,SACK1B
ENSG00000186818.12,0.0015601718851603627,1214,ENSG00000186818,LILRB4
ENSG00000175567.8,0.0015601101232222176,1215,ENSG00000175567,UCP2
ENSG00000115718.17,0.0015601098362184364,1216,ENSG00000115718,PROC
ENSG00000117091.9,0.0015594883620599787,1217,ENSG00000117091,CD48
ENSG00000124466.8,0.0015593911078676673,1218,ENSG00000124466,LYPD3
ENSG00000279487.1,0.001558648736145141,1219,ENSG00000279487,ENSG00000279487
ENSG00000255815.3,0.0015585632546785977,1220,ENSG00000255815,KRT8P11
ENSG00000166257.8,0.001557791669459888,1221,ENSG00000166257,SCN3B
ENSG00000134242.15,0.0015576569654780256,1222,ENSG00000134242,PTPN22
ENSG00000243566.6,0.0015574396430971555,1223,ENSG00000243566,UPK3B
ENSG00000189433.5,0.001557405979283826,1224,ENSG00000189433,GJB4
ENSG00000163739.4,0.0015572991964251663,1225,ENSG00000163739,CXCL1
ENSG00000164825.3,0.0015572711694972164,1226,ENSG00000164825,DEFB1
ENSG00000128408.8,0.0015572403254511314,1227,ENSG00000128408,RIBC2
ENSG00000144481.16,0.0015570307733870675,1228,ENSG00000144481,TRPM8
ENSG00000237125.8,0.0015569138633336815,1229,ENSG00000237125,HAND2-AS1
ENSG00000206127.10,0.0015567212734888104,1230,ENSG00000206127,GOLGA8O
ENSG00000163827.12,0.0015566987856973661,1231,ENSG00000163827,LRRC2
ENSG00000261150.2,0.0015566290940677442,1232,ENSG00000261150,EPPK1
ENSG00000160185.13,0.0015563541559472473,1233,ENSG00000160185,UBASH3A
ENSG00000153283.12,0.0015560295182198065,1234,ENSG00000153283,CD96
ENSG00000128165.8,0.001555901849180022,1235,ENSG00000128165,ADM2
ENSG00000126709.14,0.001555734781040008,1236,ENSG00000126709,IFI6
ENSG00000104332.11,0.0015551690865774745,1237,ENSG00000104332,SFRP1
ENSG00000196081.9,0.0015550925650807971,1238,ENSG00000196081,ZNF724
ENSG00000139193.3,0.0015550157257512127,1239,ENSG00000139193,CD27
ENSG00000186642.15,0.0015550102672558213,1240,ENSG00000186642,PDE2A
ENSG00000169403.11,0.0015549511851165288,1241,ENSG00000169403,PTAFR
ENSG00000183166.10,0.0015546831995713378,1242,ENSG00000183166,CALN1
ENSG00000144596.11,0.001554591761862998,1243,ENSG00000144596,GRIP2
ENSG00000183010.16,0.0015542492625880485,1244,ENSG00000183010,PYCR1
ENSG00000012817.15,0.001554082108054274,1245,ENSG00000012817,KDM5D
ENSG00000117090.14,0.0015539272298567923,1246,ENSG00000117090,SLAMF1
ENSG00000178343.4,0.001553667252822829,1247,ENSG00000178343,SHISA3
ENSG00000083307.10,0.0015534805513169223,1248,ENSG00000083307,GRHL2
ENSG00000255398.2,0.001553272622197643,1249,ENSG00000255398,HCAR3
ENSG00000143028.8,0.0015530498160775934,1250,ENSG00000143028,SYPL2
ENSG00000244457.2,0.0015529706728131419,1251,ENSG00000244457,ENO1P1
ENSG00000154342.5,0.0015528078115611553,1252,ENSG00000154342,WNT3A
ENSG00000117983.17,0.0015527579671377183,1253,ENSG00000117983,MUC5B
ENSG00000198851.9,0.0015523697472646719,1254,ENSG00000198851,CD3E
ENSG00000168004.9,0.0015523402638592087,1255,ENSG00000168004,PLAAT5
ENSG00000139725.7,0.0015514574175922143,1256,ENSG00000139725,RHOF
ENSG00000163710.7,0.0015509222249389446,1257,ENSG00000163710,PCOLCE2
ENSG00000039068.18,0.0015506249168237428,1258,ENSG00000039068,CDH1
ENSG00000066032.18,0.0015500466222162646,1259,ENSG00000066032,CTNNA2
ENSG00000267690.1,0.001549944581548687,1260,ENSG00000267690,LDLRAD4-AS1
ENSG00000213402.2,0.0015498584906694414,1261,ENSG00000213402,PTPRCAP
ENSG00000154102.10,0.0015496940142152927,1262,ENSG00000154102,CLMB
ENSG00000162989.4,0.001549481395929683,1263,ENSG00000162989,KCNJ3
ENSG00000277494.1,0.0015492541717696652,1264,ENSG00000277494,GPIHBP1
ENSG00000172318.5,0.001549016625134915,1265,ENSG00000172318,B3GALT1
ENSG00000138271.5,0.0015487297564770962,1266,ENSG00000138271,GPR87
ENSG00000277737.2,0.0015484634776089439,1267,ENSG00000277737,ENSG00000277737
ENSG00000172061.8,0.0015482494154892463,1268,ENSG00000172061,LRRC15
ENSG00000175707.8,0.0015481138688760545,1269,ENSG00000175707,KDF1
ENSG00000142765.17,0.0015480133186151633,1270,ENSG00000142765,SYTL1
ENSG00000215861.5,0.001547470541477781,1271,ENSG00000215861,ENSG00000215861
ENSG00000279377.1,0.0015473713995855936,1272,ENSG00000279377,ENSG00000279377
ENSG00000075035.9,0.001547141676466685,1273,ENSG00000075035,WSCD2
ENSG00000172260.13,0.0015470310542963527,1274,ENSG00000172260,NEGR1
ENSG00000265975.1,0.0015465917407138853,1275,ENSG00000265975,ENSG00000265975
ENSG00000162896.5,0.0015464972572552102,1276,ENSG00000162896,PIGR
ENSG00000259354.5,0.001546249101984514,1277,ENSG00000259354,SLC30A4-AS1
ENSG00000185156.5,0.0015461393133558592,1278,ENSG00000185156,MFSD6L
ENSG00000255330.8,0.001546104794209379,1279,ENSG00000255330,ENSG00000255330
ENSG00000122861.15,0.0015460238750667403,1280,ENSG00000122861,PLAU
ENSG00000102890.14,0.0015459823071575585,1281,ENSG00000102890,ELMO3
ENSG00000132639.12,0.0015458593235842559,1282,ENSG00000132639,SNAP25
ENSG00000077264.14,0.0015456693857812003,1283,ENSG00000077264,PAK3
ENSG00000065618.16,0.0015451297218548419,1284,ENSG00000065618,COL17A1
ENSG00000173239.13,0.001545111039635354,1285,ENSG00000173239,LIPM
ENSG00000134460.15,0.0015449421774147974,1286,ENSG00000134460,IL2RA
ENSG00000149573.8,0.0015445969965232965,1287,ENSG00000149573,MPZL2
ENSG00000057294.13,0.0015445585477211314,1288,ENSG00000057294,PKP2
ENSG00000197299.10,0.001544352353914227,1289,ENSG00000197299,BLM
ENSG00000267607.1,0.0015439771157928033,1290,ENSG00000267607,ICAM4-AS1
ENSG00000134757.4,0.0015439128701009563,1291,ENSG00000134757,DSG3
ENSG00000138650.8,0.0015437986575023376,1292,ENSG00000138650,PCDH10
ENSG00000135960.9,0.0015434015630473455,1293,ENSG00000135960,EDAR
ENSG00000169933.12,0.0015432479087727075,1294,ENSG00000169933,FRMPD4
ENSG00000067048.16,0.0015429082973337596,1295,ENSG00000067048,DDX3Y
ENSG00000147724.11,0.0015426686808986726,1296,ENSG00000147724,FAM135B
ENSG00000182782.7,0.0015426411279824794,1297,ENSG00000182782,HCAR2
ENSG00000107014.8,0.0015425908082176978,1298,ENSG00000107014,RLN2
ENSG00000234996.3,0.001542279606955298,1299,ENSG00000234996,ACTG1P25
ENSG00000179796.11,0.0015422790613330525,1300,ENSG00000179796,LRRC3B
ENSG00000228532.4,0.0015419564721195964,1301,ENSG00000228532,SUMO2P21
ENSG00000242574.8,0.0015416627477003023,1302,ENSG00000242574,HLA-DMB
ENSG00000173406.15,0.0015414722837146589,1303,ENSG00000173406,DAB1
ENSG00000140459.17,0.0015408661008093582,1304,ENSG00000140459,CYP11A1
ENSG00000186081.11,0.0015399410193348572,1305,ENSG00000186081,KRT5
ENSG00000236675.1,0.0015397438307112534,1306,ENSG00000236675,MTX1LP
ENSG00000145362.16,0.0015392667699964165,1307,ENSG00000145362,ANK2
ENSG00000133962.7,0.0015392490680429963,1308,ENSG00000133962,CATSPERB
ENSG00000115884.10,0.0015390405164469672,1309,ENSG00000115884,SDC1
ENSG00000171124.12,0.0015389715708121812,1310,ENSG00000171124,FUT3
ENSG00000099954.18,0.001538747428692472,1311,ENSG00000099954,CECR2
ENSG00000272887.1,0.0015386921926466516,1312,ENSG00000272887,CSPG4P5
ENSG00000121316.10,0.0015384074011237838,1313,ENSG00000121316,PLBD1
ENSG00000164078.12,0.001538370398500095,1314,ENSG00000164078,MST1R
ENSG00000173578.7,0.001538147988296445,1315,ENSG00000173578,XCR1
ENSG00000188060.6,0.0015380594315752298,1316,ENSG00000188060,RAB42
ENSG00000166396.12,0.0015378209994123622,1317,ENSG00000166396,SERPINB7
ENSG00000125538.11,0.001537770537258294,1318,ENSG00000125538,IL1B
ENSG00000163519.13,0.0015374904577676286,1319,ENSG00000163519,TRAT1
ENSG00000188263.10,0.0015369982570577658,1320,ENSG00000188263,IL17REL
ENSG00000271894.1,0.0015368159167625651,1321,ENSG00000271894,ENSG00000271894
ENSG00000211644.2,0.0015367709991141699,1322,ENSG00000211644,IGLV1-51
ENSG00000196754.10,0.001536741480094358,1323,ENSG00000196754,S100A2
ENSG00000181577.15,0.0015365221746441351,1324,ENSG00000181577,LINC03040
ENSG00000204118.1,0.0015360630699140232,1325,ENSG00000204118,NAP1L6P
ENSG00000152766.5,0.0015359095384163014,1326,ENSG00000152766,ANKRD22
ENSG00000006555.10,0.0015355867546469786,1327,ENSG00000006555,TTC22
ENSG00000135502.16,0.0015352922684178261,1328,ENSG00000135502,SLC26A10P
ENSG00000102854.14,0.0015352235004453922,1329,ENSG00000102854,MSLN
ENSG00000166278.14,0.0015349272886326572,1330,ENSG00000166278,C2
ENSG00000050327.14,0.0015349133147509267,1331,ENSG00000050327,ARHGEF5
ENSG00000236008.1,0.001534313235418065,1332,ENSG00000236008,ENSG00000236008
ENSG00000174946.6,0.0015335455867361238,1333,ENSG00000174946,GPR171
ENSG00000167371.16,0.0015334639880313222,1334,ENSG00000167371,PRRT2
ENSG00000112214.10,0.0015331049084918013,1335,ENSG00000112214,FHL5
ENSG00000151789.9,0.001533044527018566,1336,ENSG00000151789,ZNF385D
ENSG00000069764.9,0.0015329617514554515,1337,ENSG00000069764,PLA2G10
ENSG00000241684.5,0.0015327233989171718,1338,ENSG00000241684,ADAMTS9-AS2
ENSG00000144331.18,0.001532688362786608,1339,ENSG00000144331,ZNF385B
ENSG00000146070.16,0.001532670075090484,1340,ENSG00000146070,PLA2G7
ENSG00000120498.13,0.0015325324806651597,1341,ENSG00000120498,TEX11
ENSG00000170006.11,0.0015321036196566543,1342,ENSG00000170006,TMEM154
ENSG00000245080.5,0.0015319371977030299,1343,ENSG00000245080,MIR3150BHG
ENSG00000179314.13,0.0015315687611026758,1344,ENSG00000179314,WSCD1
ENSG00000277075.1,0.0015315602749926655,1345,ENSG00000277075,H2AC8
ENSG00000102683.7,0.0015313573770248574,1346,ENSG00000102683,SGCG
ENSG00000172927.7,0.001531264633273919,1347,ENSG00000172927,MYEOV
ENSG00000116194.12,0.001531132882178975,1348,ENSG00000116194,ANGPTL1
ENSG00000124785.8,0.001531110115520788,1349,ENSG00000124785,NRN1
ENSG00000139055.6,0.0015309597479368675,1350,ENSG00000139055,ERP27
ENSG00000180644.6,0.0015302853694969065,1351,ENSG00000180644,PRF1
ENSG00000127129.9,0.0015294614672579161,1352,ENSG00000127129,EDN2
ENSG00000115008.5,0.0015290810360227708,1353,ENSG00000115008,IL1A
ENSG00000275302.1,0.0015290586434519324,1354,ENSG00000275302,CCL4
ENSG00000100450.12,0.0015288017824795377,1355,ENSG00000100450,GZMH
ENSG00000205755.10,0.0015287002514294446,1356,ENSG00000205755,CRLF2
ENSG00000101115.12,0.0015286886550841187,1357,ENSG00000101115,SALL4
ENSG00000170627.9,0.001528593963042138,1358,ENSG00000170627,GTSF1
ENSG00000169507.9,0.0015278809679684956,1359,ENSG00000169507,SLC38A11
ENSG00000114200.9,0.0015278091380424375,1360,ENSG00000114200,BCHE
ENSG00000145808.8,0.0015277479087359804,1361,ENSG00000145808,ADAMTS19
ENSG00000175229.6,0.0015277427134117287,1362,ENSG00000175229,GAL3ST3
ENSG00000188389.10,0.0015276124234120574,1363,ENSG00000188389,PDCD1
ENSG00000094963.13,0.0015267417115088049,1364,ENSG00000094963,FMO2
ENSG00000145287.10,0.001526484593169057,1365,ENSG00000145287,PLAC8
ENSG00000264707.1,0.0015261860769007754,1366,ENSG00000264707,L3MBTL4-AS1
ENSG00000160588.9,0.0015260138522942672,1367,ENSG00000160588,MPZL3
ENSG00000165929.12,0.0015258353946731354,1368,ENSG00000165929,TC2N
ENSG00000109684.14,0.0015253500204395164,1369,ENSG00000109684,CLNK
ENSG00000156738.17,0.0015251134240547772,1370,ENSG00000156738,MS4A1
ENSG00000145113.21,0.0015248821284498438,1371,ENSG00000145113,MUC4
ENSG00000280165.1,0.001524521869100023,1372,ENSG00000280165,PCDH20
ENSG00000203995.9,0.0015242735542953492,1373,ENSG00000203995,ZYG11A
ENSG00000197506.7,0.0015242577915353605,1374,ENSG00000197506,SLC28A3
ENSG00000121552.3,0.0015240596872614532,1375,ENSG00000121552,CSTA
ENSG00000131037.14,0.0015238385085311781,1376,ENSG00000131037,EPS8L1
ENSG00000251169.2,0.0015236671022550406,1377,ENSG00000251169,LINC01843
ENSG00000122733.12,0.0015236307221056856,1378,ENSG00000122733,PHF24
ENSG00000095585.16,0.0015230128974367053,1379,ENSG00000095585,BLNK
ENSG00000115507.9,0.0015226460364837267,1380,ENSG00000115507,OTX1
ENSG00000174500.12,0.0015224811616851017,1381,ENSG00000174500,GCSAM
ENSG00000259357.2,0.0015223919931838129,1382,ENSG00000259357,CERS2-AS1
ENSG00000164935.6,0.0015218299867501327,1383,ENSG00000164935,DCSTAMP
ENSG00000185615.15,0.0015211126684913808,1384,ENSG00000185615,PDIA2
ENSG00000124882.3,0.0015210278707981954,1385,ENSG00000124882,EREG
ENSG00000242686.4,0.0015208934494488136,1386,ENSG00000242686,PDE6B-AS1
ENSG00000240505.8,0.0015208422175179497,1387,ENSG00000240505,TNFRSF13B
ENSG00000100626.16,0.0015206614631750961,1388,ENSG00000100626,GALNT16
ENSG00000273203.1,0.0015204713292440845,1389,ENSG00000273203,ENSG00000273203
ENSG00000069812.11,0.0015204527148868887,1390,ENSG00000069812,HES2
ENSG00000178162.8,0.0015202457531734658,1391,ENSG00000178162,FAR2P2
ENSG00000211699.2,0.0015198628234265959,1392,ENSG00000211699,TRGV3
ENSG00000109101.7,0.0015196629238890382,1393,ENSG00000109101,FOXN1
ENSG00000130303.12,0.0015193984615240756,1394,ENSG00000130303,BST2
ENSG00000240891.6,0.0015192240397921292,1395,ENSG00000240891,PLCXD2
ENSG00000163362.10,0.0015191762656484554,1396,ENSG00000163362,INAVA
ENSG00000132518.6,0.0015191616989005906,1397,ENSG00000132518,GUCY2D
ENSG00000134061.5,0.0015188947578057112,1398,ENSG00000134061,CD180
ENSG00000231991.4,0.0015185849217360344,1399,ENSG00000231991,ANXA2P2
ENSG00000186265.9,0.0015184859492299299,1400,ENSG00000186265,BTLA
ENSG00000173894.10,0.0015181892321753548,1401,ENSG00000173894,CBX2
ENSG00000245526.8,0.0015181848737628844,1402,ENSG00000245526,MIR9-2HG
ENSG00000227630.2,0.001517905045514527,1403,ENSG00000227630,LINC01132
ENSG00000130643.8,0.0015175753661126159,1404,ENSG00000130643,CALY
ENSG00000216490.3,0.0015175339145201275,1405,ENSG00000216490,IFI30
ENSG00000157782.9,0.001517492344318075,1406,ENSG00000157782,CABP1
ENSG00000165949.12,0.0015174706566143002,1407,ENSG00000165949,IFI27
ENSG00000204338.8,0.0015174493264676042,1408,ENSG00000204338,CYP21A1P
ENSG00000111199.10,0.0015172429087025856,1409,ENSG00000111199,TRPV4
ENSG00000123892.11,0.0015171825499289918,1410,ENSG00000123892,RAB38
ENSG00000198732.10,0.0015170068493402164,1411,ENSG00000198732,SMOC1
ENSG00000211694.2,0.0015168764650103938,1412,ENSG00000211694,TRGV10
ENSG00000151790.8,0.0015161455226895893,1413,ENSG00000151790,TDO2
ENSG00000007968.6,0.0015161216562144329,1414,ENSG00000007968,E2F2
ENSG00000129173.12,0.0015160851041919154,1415,ENSG00000129173,E2F8
ENSG00000223875.2,0.0015160626849343533,1416,ENSG00000223875,NBEAP3
ENSG00000225489.6,0.0015158952380383414,1417,ENSG00000225489,ENSG00000225489
ENSG00000267795.5,0.0015158349136519954,1418,ENSG00000267795,SMIM22
ENSG00000162676.11,0.0015156484852437957,1419,ENSG00000162676,GFI1
ENSG00000171916.16,0.0015146862236644432,1420,ENSG00000171916,LGALS9C
ENSG00000261685.2,0.001513898108372431,1421,ENSG00000261685,ENSG00000261685
ENSG00000143452.15,0.0015137294035786955,1422,ENSG00000143452,HORMAD1
ENSG00000152910.18,0.001513465065237762,1423,ENSG00000152910,CNTNAP4
ENSG00000203930.10,0.0015132504286846195,1424,ENSG00000203930,LINC00632
ENSG00000275830.1,0.0015128125059369044,1425,ENSG00000275830,LINC03082
ENSG00000224957.5,0.0015126355267815578,1426,ENSG00000224957,LINC01266
ENSG00000177398.18,0.0015112789645515888,1427,ENSG00000177398,UMODL1
ENSG00000164588.4,0.0015111350702987653,1428,ENSG00000164588,HCN1
ENSG00000198010.11,0.0015108661071196257,1429,ENSG00000198010,DLGAP2
ENSG00000184574.9,0.001510650151679682,1430,ENSG00000184574,LPAR5
ENSG00000128340.14,0.001510615137192253,1431,ENSG00000128340,RAC2
ENSG00000204287.13,0.0015105267746058154,1432,ENSG00000204287,HLA-DRA
ENSG00000078900.14,0.0015103637853249195,1433,ENSG00000078900,TP73
ENSG00000109861.15,0.0015099631574665877,1434,ENSG00000109861,CTSC
ENSG00000022556.15,0.0015097434128592034,1435,ENSG00000022556,NLRP2
ENSG00000150672.16,0.0015095672931410642,1436,ENSG00000150672,DLG2
ENSG00000232629.8,0.0015092809597234869,1437,ENSG00000232629,HLA-DQB2
ENSG00000147138.1,0.0015092691268947741,1438,ENSG00000147138,GPR174
ENSG00000188522.14,0.0015092088096225673,1439,ENSG00000188522,SACK1G
ENSG00000135925.8,0.0015088873754002944,1440,ENSG00000135925,WNT10A
ENSG00000258830.1,0.001508851754911863,1441,ENSG00000258830,ENSG00000258830
ENSG00000164188.8,0.0015083987311417476,1442,ENSG00000164188,RANBP3L
ENSG00000162739.13,0.0015083696365327678,1443,ENSG00000162739,SLAMF6
ENSG00000130037.4,0.0015079253527121265,1444,ENSG00000130037,KCNA5
ENSG00000171772.15,0.0015077058128771133,1445,ENSG00000171772,SYCE1
ENSG00000234906.8,0.0015071465018412287,1446,ENSG00000234906,APOC2
ENSG00000117595.10,0.0015068025013442745,1447,ENSG00000117595,IRF6
ENSG00000229119.3,0.0015064566329474548,1448,ENSG00000229119,RPLP0P9
ENSG00000187474.4,0.0015062854718192133,1449,ENSG00000187474,FPR3
ENSG00000214796.8,0.001506072389906501,1450,ENSG00000214796,TUBA5P
ENSG00000223552.1,0.001505678794241252,1451,ENSG00000223552,CCR5AS
ENSG00000121871.3,0.0015055062591853867,1452,ENSG00000121871,SLITRK3
ENSG00000260711.2,0.001505139070818661,1453,ENSG00000260711,ENSG00000260711
ENSG00000183421.11,0.0015049470728127228,1454,ENSG00000183421,RIPK4
ENSG00000258986.6,0.0015048327928835691,1455,ENSG00000258986,TMEM179
ENSG00000259479.6,0.0015048029985173766,1456,ENSG00000259479,SORD2P
ENSG00000188959.9,0.0015047763936259012,1457,ENSG00000188959,C9orf152
ENSG00000120756.12,0.001504746980254815,1458,ENSG00000120756,PLS1
ENSG00000187690.3,0.0015047130294066086,1459,ENSG00000187690,EZHIP
ENSG00000116771.5,0.0015046639017989713,1460,ENSG00000116771,AGMAT
ENSG00000087258.13,0.0015042487397499554,1461,ENSG00000087258,GNAO1
ENSG00000008323.15,0.0015042258967689563,1462,ENSG00000008323,PLEKHG6
ENSG00000168421.12,0.0015036881695055756,1463,ENSG00000168421,RHOH
ENSG00000162069.14,0.0015036698317476,1464,ENSG00000162069,BICDL2
ENSG00000277632.1,0.001503129051110068,1465,ENSG00000277632,CCL3
ENSG00000163694.14,0.0015030212433691373,1466,ENSG00000163694,RBM47
ENSG00000198756.10,0.0015027515477363995,1467,ENSG00000198756,COLGALT2
ENSG00000162078.11,0.0015026310431524778,1468,ENSG00000162078,ZG16B
ENSG00000171657.5,0.00150242584228037,1469,ENSG00000171657,GPR82
ENSG00000261618.1,0.0015021010308504943,1470,ENSG00000261618,LINC02605
ENSG00000277831.1,0.0015019553818525224,1471,ENSG00000277831,ENSG00000277831
ENSG00000198088.10,0.0015018356977014732,1472,ENSG00000198088,NUP62CL
ENSG00000253313.5,0.0015016874281541157,1473,ENSG00000253313,C1orf210
ENSG00000014257.15,0.0015011845304797903,1474,ENSG00000014257,ACP3
ENSG00000261183.5,0.0015007387455589695,1475,ENSG00000261183,SPINT1-AS1
ENSG00000172543.7,0.00150068659609311,1476,ENSG00000172543,CTSW
ENSG00000130701.3,0.0015003669751140632,1477,ENSG00000130701,RBBP8NL
ENSG00000136542.8,0.0015003444251127619,1478,ENSG00000136542,GALNT5
ENSG00000131401.11,0.0015000965499151369,1479,ENSG00000131401,NAPSB
ENSG00000213145.9,0.001499976147850437,1480,ENSG00000213145,CRIP1
ENSG00000132185.16,0.001499703477708899,1481,ENSG00000132185,FCRLA
ENSG00000162892.15,0.0014996372226213383,1482,ENSG00000162892,IL24
ENSG00000152213.3,0.0014995732923985044,1483,ENSG00000152213,ARL11
ENSG00000227619.1,0.0014990731525408075,1484,ENSG00000227619,LOC105376292
ENSG00000157303.10,0.0014990156571467487,1485,ENSG00000157303,SUSD3
ENSG00000272711.1,0.0014989693845945736,1486,ENSG00000272711,HK2-DT
ENSG00000006327.13,0.0014986925855621394,1487,ENSG00000006327,TNFRSF12A
ENSG00000114529.12,0.0014986738380628633,1488,ENSG00000114529,C3orf52
ENSG00000135424.15,0.0014984932066777119,1489,ENSG00000135424,ITGA7
ENSG00000136160.14,0.0014981934813191864,1490,ENSG00000136160,EDNRB
ENSG00000280168.1,0.0014980830588702404,1491,ENSG00000280168,ENSG00000280168
ENSG00000011422.11,0.0014973842973258758,1492,ENSG00000011422,PLAUR
ENSG00000198914.2,0.0014973755924066346,1493,ENSG00000198914,POU3F3
ENSG00000188610.12,0.0014969608521782027,1494,ENSG00000188610,RUMY2
ENSG00000198535.5,0.001496953787901275,1495,ENSG00000198535,C2CD4A
ENSG00000166473.16,0.0014965577743216965,1496,ENSG00000166473,PKD1L2
ENSG00000167759.12,0.0014961155373729384,1497,ENSG00000167759,KLK13
ENSG00000060140.8,0.0014960455583376152,1498,ENSG00000060140,STYK1
ENSG00000096696.13,0.0014958673618148488,1499,ENSG00000096696,DSP
ENSG00000213424.8,0.0014958273139254448,1500,ENSG00000213424,KRT222
ENSG00000136286.14,0.0014958201934957818,1501,ENSG00000136286,MYO1G
ENSG00000019102.11,0.0014954913808169932,1502,ENSG00000019102,VSIG2
ENSG00000100095.18,0.0014948085668490298,1503,ENSG00000100095,SEZ6L
ENSG00000114204.14,0.0014943346088767886,1504,ENSG00000114204,SERPINI2
ENSG00000077984.5,0.0014942047609269233,1505,ENSG00000077984,CST7
ENSG00000126353.3,0.0014941857171034347,1506,ENSG00000126353,CCR7
ENSG00000165443.11,0.0014940503269086516,1507,ENSG00000165443,PHYHIPL
ENSG00000214077.4,0.0014938615118133315,1508,ENSG00000214077,GNAQP1
ENSG00000167723.14,0.0014929849207602423,1509,ENSG00000167723,TRPV3
ENSG00000139734.17,0.0014929690155776384,1510,ENSG00000139734,DIAPH3
ENSG00000280064.1,0.0014926956485117504,1511,ENSG00000280064,ENSG00000280064
ENSG00000160180.15,0.0014924217862378564,1512,ENSG00000160180,TFF3
ENSG00000113088.5,0.0014920938732104045,1513,ENSG00000113088,GZMK
ENSG00000198932.12,0.0014916034188379268,1514,ENSG00000198932,GPRASP1
ENSG00000251226.1,0.0014911020663015036,1515,ENSG00000251226,LINC02714
ENSG00000166206.13,0.001491027066048483,1516,ENSG00000166206,GABRB3
ENSG00000116990.10,0.0014908231723091772,1517,ENSG00000116990,MYCL
ENSG00000213373.7,0.0014907946634512088,1518,ENSG00000213373,LINC00671
ENSG00000088726.15,0.0014903734556802068,1519,ENSG00000088726,TMEM40
ENSG00000102290.21,0.0014902783927964356,1520,ENSG00000102290,PCDH11X
ENSG00000259225.6,0.0014902706542384509,1521,ENSG00000259225,LINC02345
ENSG00000197632.8,0.001489884189206466,1522,ENSG00000197632,SERPINB2
ENSG00000167642.12,0.0014894578465134863,1523,ENSG00000167642,SPINT2
ENSG00000169495.4,0.0014893892125623464,1524,ENSG00000169495,HTRA4
ENSG00000186197.12,0.0014892384324263414,1525,ENSG00000186197,EDARADD
ENSG00000260135.6,0.0014891832810336033,1526,ENSG00000260135,LOC105371279
ENSG00000163564.14,0.0014887781661307071,1527,ENSG00000163564,PYHIN1
ENSG00000152208.11,0.0014880313276777394,1528,ENSG00000152208,GRID2
ENSG00000152779.13,0.0014879312055404916,1529,ENSG00000152779,SLC16A12
ENSG00000158481.12,0.0014878782891954777,1530,ENSG00000158481,CD1C
ENSG00000197249.12,0.0014875278716228787,1531,ENSG00000197249,SERPINA1
ENSG00000211898.7,0.0014870979105567372,1532,ENSG00000211898,IGHD
ENSG00000171219.8,0.0014870959513629757,1533,ENSG00000171219,CDC42BPG
ENSG00000265190.6,0.0014869335899487515,1534,ENSG00000265190,ANXA8
ENSG00000204959.4,0.001486678633571449,1535,ENSG00000204959,ARHGEF34P
ENSG00000131019.10,0.0014865235418259624,1536,ENSG00000131019,ULBP3
ENSG00000136250.11,0.001486440164324788,1537,ENSG00000136250,AOAH
ENSG00000122420.9,0.0014862618044950934,1538,ENSG00000122420,PTGFR
ENSG00000261762.1,0.001486179601227325,1539,ENSG00000261762,ENSG00000261762
ENSG00000261327.4,0.0014855430817940604,1540,ENSG00000261327,LOC105371401
ENSG00000135373.12,0.001485177745885528,1541,ENSG00000135373,EHF
ENSG00000186160.4,0.0014850390944809288,1542,ENSG00000186160,CYP4Z1
ENSG00000105695.14,0.0014842231806116964,1543,ENSG00000105695,MAG
ENSG00000085552.16,0.0014839964027789513,1544,ENSG00000085552,IGSF9
ENSG00000273045.5,0.0014838261474731296,1545,ENSG00000273045,C2orf15
ENSG00000115232.13,0.0014837772023780097,1546,ENSG00000115232,ITGA4
ENSG00000170011.13,0.00148343118724954,1547,ENSG00000170011,MYRIP
ENSG00000158458.19,0.0014831955981157378,1548,ENSG00000158458,NRG2
ENSG00000122188.12,0.001482999150646972,1549,ENSG00000122188,LAX1
ENSG00000258227.6,0.001482929758621534,1550,ENSG00000258227,CLEC5A
ENSG00000188452.13,0.0014827484587561612,1551,ENSG00000188452,CERKL
ENSG00000072858.10,0.001482636881571831,1552,ENSG00000072858,SIDT1
ENSG00000182010.10,0.0014823265543415073,1553,ENSG00000182010,RTKN2
ENSG00000223865.10,0.0014822857394425,1554,ENSG00000223865,HLA-DPB1
ENSG00000272141.1,0.0014822306176775137,1555,ENSG00000272141,ENSG00000272141
ENSG00000086696.10,0.0014820524544492317,1556,ENSG00000086696,HSD17B2
ENSG00000012223.12,0.001481872831732197,1557,ENSG00000012223,LTF
ENSG00000260337.3,0.0014818165188197215,1558,ENSG00000260337,ENSG00000260337
ENSG00000102452.15,0.0014817099863462311,1559,ENSG00000102452,NALCN
ENSG00000111405.8,0.0014815969086918771,1560,ENSG00000111405,ENDOU
ENSG00000256007.1,0.0014815924993169156,1561,ENSG00000256007,ARAP1-AS1
ENSG00000163131.10,0.0014815623014316564,1562,ENSG00000163131,CTSS
ENSG00000272405.1,0.0014812836233415098,1563,ENSG00000272405,ENSG00000272405
ENSG00000186074.18,0.0014810401397878025,1564,ENSG00000186074,CD300LF
ENSG00000229847.8,0.0014810317462061403,1565,ENSG00000229847,EMX2OS
ENSG00000182489.8,0.0014810068662796457,1566,ENSG00000182489,XKRX
ENSG00000167080.8,0.00148086396312252,1567,ENSG00000167080,B4GALNT2
ENSG00000115165.9,0.0014800434848480464,1568,ENSG00000115165,CYTIP
ENSG00000150054.18,0.0014800156653912437,1569,ENSG00000150054,MPP7
ENSG00000266036.1,0.0014798942886410191,1570,ENSG00000266036,SLC9A3R1-AS1
ENSG00000205038.11,0.001479692739204194,1571,ENSG00000205038,PKHD1L1
ENSG00000134398.12,0.001479637948676326,1572,ENSG00000134398,ERN2
ENSG00000165078.11,0.00147949569278334,1573,ENSG00000165078,CPA6
ENSG00000104435.13,0.0014794267832829511,1574,ENSG00000104435,STMN2
ENSG00000174611.11,0.0014793294612309397,1575,ENSG00000174611,KY
ENSG00000108375.12,0.0014789320945505266,1576,ENSG00000108375,RNF43
ENSG00000179270.6,0.0014788546052333057,1577,ENSG00000179270,PCARE
ENSG00000279644.1,0.001477919853458951,1578,ENSG00000279644,ENSG00000279644
ENSG00000205420.10,0.0014777881888259343,1579,ENSG00000205420,KRT6A
ENSG00000180921.6,0.0014773229506864732,1580,ENSG00000180921,SACK1H
ENSG00000280439.1,0.0014772857908869495,1581,ENSG00000280439,ENSG00000280439
ENSG00000243587.6,0.0014769970401631058,1582,ENSG00000243587,ENSG00000243587
ENSG00000149654.9,0.0014768658056164886,1583,ENSG00000149654,CDH22
ENSG00000173762.7,0.001476787925768601,1584,ENSG00000173762,CD7
ENSG00000163631.16,0.0014763335100391626,1585,ENSG00000163631,ALB
ENSG00000122224.17,0.0014761097003466934,1586,ENSG00000122224,LY9
ENSG00000173467.8,0.0014759014527804446,1587,ENSG00000173467,AGR3
ENSG00000167757.13,0.0014757246577944364,1588,ENSG00000167757,KLK11
ENSG00000129455.15,0.0014754485842626878,1589,ENSG00000129455,KLK8
ENSG00000186603.5,0.0014746869028222944,1590,ENSG00000186603,HPDL
ENSG00000221866.9,0.0014743438233661272,1591,ENSG00000221866,PLXNA4
ENSG00000176194.17,0.0014743018812302536,1592,ENSG00000176194,CIDEA
ENSG00000126460.10,0.001473922583030156,1593,ENSG00000126460,PRRG2
ENSG00000158089.14,0.0014738141886344292,1594,ENSG00000158089,GALNT14
ENSG00000110436.11,0.001473723365623741,1595,ENSG00000110436,SLC1A2
ENSG00000267512.1,0.0014737012128613132,1596,ENSG00000267512,NACC1-AS1
ENSG00000101842.13,0.001473635201100152,1597,ENSG00000101842,VSIG1
ENSG00000115221.10,0.0014735345398343613,1598,ENSG00000115221,ITGB6
ENSG00000019186.9,0.0014734421610321708,1599,ENSG00000019186,CYP24A1
ENSG00000140835.9,0.001473153026528063,1600,ENSG00000140835,CHST4
ENSG00000088386.15,0.0014731197927923235,1601,ENSG00000088386,SLC15A1
ENSG00000170323.8,0.0014725923819834197,1602,ENSG00000170323,FABP4
ENSG00000234380.1,0.0014724941845950534,1603,ENSG00000234380,LINC01426
ENSG00000203808.10,0.0014724643307719276,1604,ENSG00000203808,POPDC1-AS1
ENSG00000137709.9,0.0014724296378593462,1605,ENSG00000137709,POU2F3
ENSG00000170571.11,0.0014724031340685839,1606,ENSG00000170571,EMB
ENSG00000198838.11,0.001472311608978659,1607,ENSG00000198838,RYR3
ENSG00000160321.14,0.0014722037581695955,1608,ENSG00000160321,ZNF208
ENSG00000035720.7,0.0014721902546733171,1609,ENSG00000035720,STAP1
ENSG00000180155.18,0.0014720139222944328,1610,ENSG00000180155,LYNX1
ENSG00000133808.4,0.001471879608266748,1611,ENSG00000133808,ENSG00000133808
ENSG00000114948.12,0.0014716188257794037,1612,ENSG00000114948,ADAM23
ENSG00000230937.9,0.0014712770043067234,1613,ENSG00000230937,MIR205HG
ENSG00000188282.12,0.001471271729068603,1614,ENSG00000188282,RUFY4
ENSG00000224167.1,0.0014710449765855125,1615,ENSG00000224167,ENSG00000224167
ENSG00000171208.9,0.0014708258415158475,1616,ENSG00000171208,NETO2
ENSG00000226777.7,0.0014702951741612385,1617,ENSG00000226777,FAM30A
ENSG00000140968.10,0.0014702436680049701,1618,ENSG00000140968,IRF8
ENSG00000100604.12,0.0014702143753143487,1619,ENSG00000100604,CHGA
ENSG00000172818.9,0.0014700504491919964,1620,ENSG00000172818,OVOL1
ENSG00000197888.2,0.0014698520645803103,1621,ENSG00000197888,UGT2B17
ENSG00000042493.15,0.0014692126649672444,1622,ENSG00000042493,CAPG
ENSG00000099985.3,0.0014690929529555471,1623,ENSG00000099985,OSM
ENSG00000183918.14,0.0014690527747833707,1624,ENSG00000183918,SH2D1A
ENSG00000197635.9,0.0014687456451248436,1625,ENSG00000197635,DPP4
ENSG00000169174.10,0.001468699649675659,1626,ENSG00000169174,PCSK9
ENSG00000165168.7,0.0014685825546736798,1627,ENSG00000165168,CYBB
ENSG00000167748.10,0.001468367558404944,1628,ENSG00000167748,KLK1
ENSG00000158560.14,0.0014680843845427559,1629,ENSG00000158560,DYNC1I1
ENSG00000232006.8,0.0014679841361965225,1630,ENSG00000232006,ENSG00000232006
ENSG00000277998.1,0.0014679536737360198,1631,ENSG00000277998,EIF3EP3
ENSG00000229807.9,0.001467175349300075,1632,ENSG00000229807,XIST
ENSG00000197253.13,0.0014669654856238861,1633,ENSG00000197253,TPSB2
ENSG00000132704.15,0.0014666305737537919,1634,ENSG00000132704,FCRL2
ENSG00000258955.1,0.0014665173382007936,1635,ENSG00000258955,LINC00519
ENSG00000149043.16,0.0014662595698517519,1636,ENSG00000149043,SYT8
ENSG00000260230.2,0.0014661890493198161,1637,ENSG00000260230,FRRS1L
ENSG00000281706.2,0.0014661655283141574,1638,ENSG00000281706,LINC01012
ENSG00000121895.7,0.0014661605650933707,1639,ENSG00000121895,TMEM156
ENSG00000225932.3,0.0014659553016772469,1640,ENSG00000225932,ENSG00000225932
ENSG00000137265.14,0.0014657736736321584,1641,ENSG00000137265,IRF4
ENSG00000147255.17,0.0014655991921359033,1642,ENSG00000147255,IGSF1
ENSG00000189143.9,0.001465299269962692,1643,ENSG00000189143,CLDN4
ENSG00000227038.2,0.0014652252698703844,1644,ENSG00000227038,GTF2IP7
ENSG00000188822.7,0.0014651209324226288,1645,ENSG00000188822,CNR2
ENSG00000168685.14,0.0014647985042738024,1646,ENSG00000168685,IL7R
ENSG00000127083.7,0.00146470602884841,1647,ENSG00000127083,OMD
ENSG00000213214.4,0.00146444805766478,1648,ENSG00000213214,ARHGEF35
ENSG00000089250.18,0.0014633207451804713,1649,ENSG00000089250,NOS1
ENSG00000204936.9,0.0014628722555043903,1650,ENSG00000204936,CD177
ENSG00000263639.5,0.001462797329463348,1651,ENSG00000263639,MSMB
ENSG00000154654.14,0.0014625101194732258,1652,ENSG00000154654,NCAM2
ENSG00000112812.15,0.001461973408298145,1653,ENSG00000112812,PRSS16
ENSG00000163508.12,0.00146178366423927,1654,ENSG00000163508,EOMES
ENSG00000115523.16,0.0014611134183199514,1655,ENSG00000115523,GNLY
ENSG00000189233.11,0.0014608724164882853,1656,ENSG00000189233,NUGGC
ENSG00000119888.10,0.0014603493095272952,1657,ENSG00000119888,EPCAM
ENSG00000088002.11,0.0014602231394989,1658,ENSG00000088002,SULT2B1
ENSG00000131650.13,0.0014599397183066925,1659,ENSG00000131650,KREMEN2
ENSG00000058085.14,0.001459685323986643,1660,ENSG00000058085,LAMC2
ENSG00000241484.9,0.0014594064775675715,1661,ENSG00000241484,ARHGAP8
ENSG00000151882.11,0.001459238806229616,1662,ENSG00000151882,CCL28
ENSG00000254973.1,0.001458805867126788,1663,ENSG00000254973,ENSG00000254973
ENSG00000177455.11,0.001458753278446674,1664,ENSG00000177455,CD19
ENSG00000141750.6,0.0014583673656434592,1665,ENSG00000141750,STAC2
ENSG00000113263.12,0.0014580665084977522,1666,ENSG00000113263,ITK
ENSG00000005844.17,0.001457773146263234,1667,ENSG00000005844,ITGAL
ENSG00000091513.14,0.0014575579382946915,1668,ENSG00000091513,TF
ENSG00000166415.14,0.0014575168975446862,1669,ENSG00000166415,WDR72
ENSG00000167183.2,0.0014572409391342778,1670,ENSG00000167183,PRR15L
ENSG00000131187.9,0.001457195151100439,1671,ENSG00000131187,F12
ENSG00000205517.12,0.0014569493658372734,1672,ENSG00000205517,RGL3
ENSG00000075702.16,0.0014567007273662536,1673,ENSG00000075702,WDR62
ENSG00000134339.8,0.0014565437841609077,1674,ENSG00000134339,SAA2
ENSG00000124875.9,0.0014557541182080571,1675,ENSG00000124875,CXCL6
ENSG00000273812.1,0.0014552196968975085,1676,ENSG00000273812,LINC02970
ENSG00000105523.3,0.001455116611509879,1677,ENSG00000105523,SACK1E
ENSG00000254829.1,0.0014550868287877443,1678,ENSG00000254829,KCTD14-AS2
ENSG00000135744.7,0.0014548885050513875,1679,ENSG00000135744,AGT
ENSG00000234449.2,0.0014547554793294276,1680,ENSG00000234449,ENSG00000234449
ENSG00000153093.18,0.001454613823848594,1681,ENSG00000153093,ACOXL
ENSG00000204385.10,0.0014544121627838261,1682,ENSG00000204385,SLC44A4
ENSG00000188505.4,0.0014543751212485845,1683,ENSG00000188505,NCCRP1
ENSG00000105991.7,0.001454235781601405,1684,ENSG00000105991,HOXA1
ENSG00000168546.10,0.0014539224174963897,1685,ENSG00000168546,GFRA2
ENSG00000215182.8,0.0014539172724341736,1686,ENSG00000215182,MUC5AC
ENSG00000169684.13,0.0014538756680861256,1687,ENSG00000169684,CHRNA5
ENSG00000081248.10,0.0014535642566418172,1688,ENSG00000081248,CACNA1S
ENSG00000277156.1,0.0014533829125980523,1689,ENSG00000277156,TOMM40P1
ENSG00000152583.12,0.001453159213148168,1690,ENSG00000152583,SPARCL1
ENSG00000113805.8,0.0014528031816767328,1691,ENSG00000113805,CNTN3
ENSG00000276850.4,0.0014524077977938184,1692,ENSG00000276850,ANXA8
ENSG00000204866.8,0.0014521383496513072,1693,ENSG00000204866,IGFL2
ENSG00000130545.15,0.0014518773326282766,1694,ENSG00000130545,CRB3
ENSG00000273802.1,0.0014518301054262624,1695,ENSG00000273802,H2BC8
ENSG00000174963.17,0.0014518129304367446,1696,ENSG00000174963,ZIC4
ENSG00000279675.1,0.0014513536888985515,1697,ENSG00000279675,ENSG00000279675
ENSG00000188883.4,0.0014513442289524597,1698,ENSG00000188883,KLRG2
ENSG00000099869.7,0.0014512725243973062,1699,ENSG00000099869,IGF2-AS
ENSG00000082074.15,0.0014510644472825883,1700,ENSG00000082074,FYB1
ENSG00000176868.2,0.0014509445601287748,1701,ENSG00000176868,ENSG00000176868
ENSG00000107485.15,0.0014507774496515988,1702,ENSG00000107485,GATA3
ENSG00000239961.2,0.001450775584531803,1703,ENSG00000239961,LILRA4
ENSG00000186007.9,0.001450181817214427,1704,ENSG00000186007,LEMD1
ENSG00000125850.10,0.0014500691056811425,1705,ENSG00000125850,OVOL2
ENSG00000180332.6,0.0014498584753923252,1706,ENSG00000180332,KCTD4
ENSG00000227827.3,0.0014497836432364188,1707,ENSG00000227827,PKD1P2
ENSG00000011600.11,0.001449647427119199,1708,ENSG00000011600,TYROBP
ENSG00000163815.5,0.0014489382133265152,1709,ENSG00000163815,CLEC3B
ENSG00000269235.1,0.001448814235746371,1710,ENSG00000269235,ZNF350-AS1
ENSG00000040731.10,0.0014487915663911304,1711,ENSG00000040731,CDH10
ENSG00000169583.12,0.001448130520071504,1712,ENSG00000169583,CLIC3
ENSG00000139304.12,0.0014478841789855137,1713,ENSG00000139304,PTPRQ
ENSG00000100505.13,0.0014477015431823559,1714,ENSG00000100505,TRIM9
ENSG00000163531.15,0.0014476964194692632,1715,ENSG00000163531,NFASC
ENSG00000261218.5,0.0014476594306058054,1716,ENSG00000261218,ENSG00000261218
ENSG00000198074.9,0.0014473955928322262,1717,ENSG00000198074,AKR1B10
ENSG00000265185.5,0.001447394781846052,1718,ENSG00000265185,SNORD3B-1
ENSG00000161249.20,0.0014471270849470603,1719,ENSG00000161249,DMKN
ENSG00000112486.14,0.001446831029063948,1720,ENSG00000112486,CCR6
ENSG00000272321.1,0.001446721640272412,1721,ENSG00000272321,ENSG00000272321
ENSG00000109943.8,0.0014465659001690276,1722,ENSG00000109943,CRTAM
ENSG00000255072.1,0.001445933217922586,1723,ENSG00000255072,PIGY
ENSG00000258377.1,0.0014459192690988016,1724,ENSG00000258377,ENSG00000258377
ENSG00000260566.2,0.0014455635293585177,1725,ENSG00000260566,ENSG00000260566
ENSG00000140284.10,0.0014453861998628055,1726,ENSG00000140284,SLC27A2
ENSG00000250986.1,0.0014453789480172233,1727,ENSG00000250986,LINC02600
ENSG00000159173.18,0.0014445373355553212,1728,ENSG00000159173,TNNI1
ENSG00000157103.10,0.0014445344374819696,1729,ENSG00000157103,SLC6A1
ENSG00000263513.5,0.0014444654688795338,1730,ENSG00000263513,RUMY3
ENSG00000271075.1,0.001444391344784305,1731,ENSG00000271075,ENSG00000271075
ENSG00000164619.8,0.0014443770187256818,1732,ENSG00000164619,BMPER
ENSG00000183873.15,0.0014437821250973743,1733,ENSG00000183873,SCN5A
ENSG00000139220.16,0.001443394085999359,1734,ENSG00000139220,PPFIA2
ENSG00000164120.13,0.001443371266589608,1735,ENSG00000164120,HPGD
ENSG00000254528.7,0.0014431350476144691,1736,ENSG00000254528,FXYD6-AS1
ENSG00000007314.11,0.0014428518508691323,1737,ENSG00000007314,SCN4A
ENSG00000182175.13,0.0014427672564569824,1738,ENSG00000182175,RGMA
ENSG00000260220.5,0.0014425287767102924,1739,ENSG00000260220,CCDC187
ENSG00000234648.1,0.0014425181684961934,1740,ENSG00000234648,ENSG00000234648
ENSG00000146090.15,0.0014423610104311606,1741,ENSG00000146090,RASGEF1C
ENSG00000154165.4,0.0014417682995486077,1742,ENSG00000154165,GPR15
ENSG00000042062.11,0.0014416054722370417,1743,ENSG00000042062,RIPOR3
ENSG00000173432.10,0.001441408755498207,1744,ENSG00000173432,SAA1
ENSG00000215018.9,0.0014411004777149267,1745,ENSG00000215018,COL28A1
ENSG00000267458.1,0.0014408757906063476,1746,ENSG00000267458,ENSG00000267458
ENSG00000269793.5,0.0014408202874912517,1747,ENSG00000269793,ZIM2-AS1
ENSG00000170608.2,0.0014403152431663444,1748,ENSG00000170608,FOXA3
ENSG00000278385.1,0.0014401919950579579,1749,ENSG00000278385,ENSG00000278385
ENSG00000168907.13,0.0014399517983575841,1750,ENSG00000168907,PLA2G4F
ENSG00000057657.14,0.0014398634867232567,1751,ENSG00000057657,PRDM1
ENSG00000185046.18,0.0014398109300016893,1752,ENSG00000185046,ANKS1B
ENSG00000280032.1,0.001439744169712645,1753,ENSG00000280032,ENSG00000280032
ENSG00000135374.9,0.001439670742097291,1754,ENSG00000135374,ELF5
ENSG00000104140.6,0.0014396194910327876,1755,ENSG00000104140,RHOV
ENSG00000230650.1,0.0014394875165654323,1756,ENSG00000230650,LOC442041
ENSG00000187017.14,0.0014392917612693068,1757,ENSG00000187017,ESPN
ENSG00000163235.15,0.00143922862980805,1758,ENSG00000163235,TGFA
ENSG00000105851.10,0.001439129998416481,1759,ENSG00000105851,PIK3CG
ENSG00000096996.15,0.0014388975561539347,1760,ENSG00000096996,IL12RB1
ENSG00000185905.3,0.001438838356238834,1761,ENSG00000185905,C16orf54
ENSG00000130540.13,0.0014384742338270583,1762,ENSG00000130540,SULT4A1
ENSG00000181634.7,0.0014381581244933418,1763,ENSG00000181634,TNFSF15
ENSG00000178562.17,0.0014380430371372958,1764,ENSG00000178562,CD28
ENSG00000260391.2,0.0014380089056496282,1765,ENSG00000260391,ENSG00000260391
ENSG00000064205.10,0.0014377458281730792,1766,ENSG00000064205,CCN5
ENSG00000143556.8,0.0014376724903891948,1767,ENSG00000143556,S100A7
ENSG00000244255.5,0.0014376244370382651,1768,ENSG00000244255,ENSG00000244255
ENSG00000124171.8,0.0014374019257349458,1769,ENSG00000124171,PARD6B
ENSG00000142677.3,0.0014371745626211342,1770,ENSG00000142677,IL22RA1
ENSG00000179869.14,0.0014370360183731418,1771,ENSG00000179869,ABCA13
ENSG00000105492.15,0.0014368224043751555,1772,ENSG00000105492,SIGLEC6
ENSG00000141574.7,0.001436201797175076,1773,ENSG00000141574,SECTM1
ENSG00000254726.2,0.0014359082628883889,1774,ENSG00000254726,MEX3A
ENSG00000185518.11,0.001435212562488234,1775,ENSG00000185518,SV2B
ENSG00000102245.7,0.0014350226444479162,1776,ENSG00000102245,CD40LG
ENSG00000133454.15,0.0014349984141240064,1777,ENSG00000133454,MYO18B
ENSG00000180535.3,0.0014348225757281527,1778,ENSG00000180535,BHLHA15
ENSG00000133710.15,0.0014346422411494718,1779,ENSG00000133710,SPINK5
ENSG00000280587.1,0.0014344650754847931,1780,ENSG00000280587,LINC01348
ENSG00000160282.13,0.0014344580411201752,1781,ENSG00000160282,FTCD
ENSG00000156711.16,0.0014341886973177932,1782,ENSG00000156711,MAPK13
ENSG00000072041.16,0.0014338494463987305,1783,ENSG00000072041,SLC6A15
ENSG00000186193.8,0.001433783837981121,1784,ENSG00000186193,SAPCD2
ENSG00000238099.2,0.0014337117867241219,1785,ENSG00000238099,LINC01625
ENSG00000178462.11,0.0014336721373914797,1786,ENSG00000178462,TUBAL3
ENSG00000105289.14,0.0014334742598017178,1787,ENSG00000105289,TJP3
ENSG00000157551.17,0.0014334446799863219,1788,ENSG00000157551,KCNJ15
ENSG00000171954.12,0.0014332104719290166,1789,ENSG00000171954,CYP4F22
ENSG00000183625.14,0.0014330801903088722,1790,ENSG00000183625,CCR3
ENSG00000183960.8,0.0014328752556894697,1791,ENSG00000183960,KCNH8
ENSG00000254521.6,0.0014328711444619336,1792,ENSG00000254521,SIGLEC12
ENSG00000163191.5,0.0014325980324200501,1793,ENSG00000163191,S100A11
ENSG00000186529.14,0.0014324595452942603,1794,ENSG00000186529,CYP4F3
ENSG00000170624.13,0.0014321590013588196,1795,ENSG00000170624,SGCD
ENSG00000167641.10,0.0014321388939164854,1796,ENSG00000167641,PPP1R14A
ENSG00000172236.16,0.0014317586056535978,1797,ENSG00000172236,TPSAB1
ENSG00000183715.13,0.0014311950923799725,1798,ENSG00000183715,OPCML
ENSG00000244306.9,0.0014305493588632455,1799,ENSG00000244306,DUXAP10
ENSG00000111846.15,0.0014303857452405444,1800,ENSG00000111846,GCNT2
ENSG00000165591.6,0.0014303499740118625,1801,ENSG00000165591,FAAH2
ENSG00000260776.5,0.0014302909661629908,1802,ENSG00000260776,GOLGA6FP
ENSG00000112299.7,0.0014301608931255754,1803,ENSG00000112299,VNN1
ENSG00000237541.3,0.0014301469512369564,1804,ENSG00000237541,HLA-DQA2
ENSG00000257653.1,0.0014300829758710396,1805,ENSG00000257653,ENSG00000257653
ENSG00000276085.1,0.0014298939263783332,1806,ENSG00000276085,CCL3L3
ENSG00000075643.5,0.0014298434151173516,1807,ENSG00000075643,MOCOS
ENSG00000135472.8,0.001429743289770793,1808,ENSG00000135472,FAIM2
ENSG00000233393.1,0.0014290594473733939,1809,ENSG00000233393,LOC105369306
ENSG00000141527.16,0.0014289971821056715,1810,ENSG00000141527,CARD14
ENSG00000160183.13,0.0014289650307709456,1811,ENSG00000160183,TMPRSS3
ENSG00000176532.3,0.0014289498486349207,1812,ENSG00000176532,PRR15
ENSG00000100196.10,0.001428426911555534,1813,ENSG00000100196,KDELR3
ENSG00000181778.4,0.0014284048544758049,1814,ENSG00000181778,TMEM252
ENSG00000271079.1,0.0014283389011029832,1815,ENSG00000271079,CTAGE15
ENSG00000254610.2,0.001428140967293136,1816,ENSG00000254610,ENSG00000254610
ENSG00000145692.14,0.0014278756263805144,1817,ENSG00000145692,BHMT
ENSG00000224259.5,0.0014271715156138978,1818,ENSG00000224259,LINC01133
ENSG00000164107.8,0.0014271143652991353,1819,ENSG00000164107,HAND2
ENSG00000163220.10,0.0014268944922551947,1820,ENSG00000163220,S100A9
ENSG00000258676.4,0.001426887193854091,1821,ENSG00000258676,ENSG00000258676
ENSG00000243649.8,0.0014260234302593666,1822,ENSG00000243649,CFB
ENSG00000150782.11,0.0014257742283906956,1823,ENSG00000150782,IL18
ENSG00000183691.4,0.0014256811710256258,1824,ENSG00000183691,NOG
ENSG00000163751.3,0.0014256438146282168,1825,ENSG00000163751,CPA3
ENSG00000135077.8,0.0014255054773060604,1826,ENSG00000135077,HAVCR2
ENSG00000231389.7,0.0014254455351876384,1827,ENSG00000231389,HLA-DPA1
ENSG00000179242.15,0.0014252559815911743,1828,ENSG00000179242,CDH4
ENSG00000164695.4,0.0014250406714431095,1829,ENSG00000164695,CHMP4C
ENSG00000213578.5,0.0014249537356790568,1830,ENSG00000213578,CPLX3
ENSG00000030304.12,0.0014249359400249672,1831,ENSG00000030304,MUSK
ENSG00000041515.15,0.001424577449390423,1832,ENSG00000041515,MYO16
ENSG00000155066.15,0.0014244937958042137,1833,ENSG00000155066,PROM2
ENSG00000213412.3,0.001424460468844734,1834,ENSG00000213412,HNRNPA1P33
ENSG00000114638.7,0.001424174230483673,1835,ENSG00000114638,UPK1B
ENSG00000170498.8,0.0014239820290451461,1836,ENSG00000170498,KISS1
ENSG00000197882.3,0.0014236088008277646,1837,ENSG00000197882,OR7E13P
ENSG00000140379.7,0.0014235151849537786,1838,ENSG00000140379,BCL2A1
ENSG00000167653.4,0.0014234187656311148,1839,ENSG00000167653,PSCA
ENSG00000166743.9,0.0014230165594450864,1840,ENSG00000166743,ACSM1
ENSG00000237857.2,0.001422749426376056,1841,ENSG00000237857,ENSG00000237857
ENSG00000168671.9,0.0014221862260096474,1842,ENSG00000168671,UGT3A2
ENSG00000153898.12,0.0014220227785465352,1843,ENSG00000153898,MCOLN2
ENSG00000240602.7,0.0014217248884326353,1844,ENSG00000240602,AADACP1
ENSG00000217442.3,0.001421684683367017,1845,ENSG00000217442,SYCE3
ENSG00000198807.12,0.0014213835286004046,1846,ENSG00000198807,PAX9
ENSG00000188257.10,0.0014213196670012284,1847,ENSG00000188257,PLA2G2A
ENSG00000215784.5,0.0014209303158576815,1848,ENSG00000215784,RUMY4
ENSG00000160856.20,0.0014208982852234985,1849,ENSG00000160856,FCRL3
ENSG00000132744.7,0.0014208377197673417,1850,ENSG00000132744,ACY3
ENSG00000110375.2,0.0014202849139574763,1851,ENSG00000110375,UPK2
ENSG00000186868.15,0.0014202760613424691,1852,ENSG00000186868,MAPT
ENSG00000183508.4,0.0014201643031057927,1853,ENSG00000183508,TENT5C
ENSG00000117472.9,0.0014197512708833786,1854,ENSG00000117472,TSPAN1
ENSG00000119411.10,0.001419660741376735,1855,ENSG00000119411,BSPRY
ENSG00000107159.12,0.0014196381729277632,1856,ENSG00000107159,CA9
ENSG00000188985.6,0.0014196158372049544,1857,ENSG00000188985,DHFRP1
ENSG00000253522.3,0.001419438093122183,1858,ENSG00000253522,MIR3142HG
ENSG00000267452.1,0.0014194055665015283,1859,ENSG00000267452,LINC02073
ENSG00000173702.7,0.001419325339854129,1860,ENSG00000173702,MUC13
ENSG00000157064.10,0.0014189859924723875,1861,ENSG00000157064,NMNAT2
ENSG00000255085.8,0.0014187390174315382,1862,ENSG00000255085,ENSG00000255085
ENSG00000257529.5,0.0014186273007562149,1863,ENSG00000257529,RPL36A-HNRNPH2
ENSG00000129682.13,0.0014185687564722239,1864,ENSG00000129682,FGF13
ENSG00000213876.4,0.0014183163248932627,1865,ENSG00000213876,RPL7AP64
ENSG00000162398.11,0.0014181438877203152,1866,ENSG00000162398,CIMAP2
ENSG00000165376.10,0.001418014564225008,1867,ENSG00000165376,CLDN2
ENSG00000279571.1,0.0014179557526918154,1868,ENSG00000279571,ENSG00000279571
ENSG00000112799.8,0.0014177918978289339,1869,ENSG00000112799,LY86
ENSG00000124839.12,0.0014177645777094755,1870,ENSG00000124839,RAB17
ENSG00000094755.16,0.0014177482422098983,1871,ENSG00000094755,GABRP
ENSG00000187048.12,0.0014177077183788755,1872,ENSG00000187048,CYP4A11
ENSG00000198643.6,0.0014175657590086263,1873,ENSG00000198643,FAM3D
ENSG00000230393.1,0.00141742061072773,1874,ENSG00000230393,ENSG00000230393
ENSG00000170160.16,0.0014173029234860442,1875,ENSG00000170160,CCDC144A
ENSG00000166126.10,0.0014165656296836486,1876,ENSG00000166126,AMN
ENSG00000187288.10,0.00141641247736998,1877,ENSG00000187288,CIDEC
ENSG00000254427.1,0.0014164026143297607,1878,ENSG00000254427,ENSG00000254427
ENSG00000279281.1,0.0014161978728017212,1879,ENSG00000279281,ENSG00000279281
ENSG00000144452.14,0.001416087103040837,1880,ENSG00000144452,ABCA12
ENSG00000227051.5,0.001415996220659567,1881,ENSG00000227051,C14orf132
ENSG00000198223.14,0.001415900042359718,1882,ENSG00000198223,CSF2RA
ENSG00000186310.9,0.0014155252982446793,1883,ENSG00000186310,NAP1L3
ENSG00000273541.1,0.0014155032470853492,1884,ENSG00000273541,ENSG00000273541
ENSG00000115602.16,0.00141549773093558,1885,ENSG00000115602,IL33R
ENSG00000104892.16,0.0014153417694312469,1886,ENSG00000104892,KLC3
ENSG00000232803.1,0.0014152633307561203,1887,ENSG00000232803,SLCO4A1-AS1
ENSG00000100031.18,0.0014151828036061732,1888,ENSG00000100031,GGT1
ENSG00000214860.4,0.001414124857576347,1889,ENSG00000214860,EVPLL
ENSG00000250486.3,0.0014136179974687327,1890,ENSG00000250486,FAM218A
ENSG00000118242.15,0.001413456358657447,1891,ENSG00000118242,MREG
ENSG00000236698.1,0.0014132875541841316,1892,ENSG00000236698,EIF1AXP1
ENSG00000166111.9,0.001413209267325419,1893,ENSG00000166111,SVOP
ENSG00000163734.4,0.001412753471197991,1894,ENSG00000163734,CXCL3
ENSG00000205456.11,0.0014125060754170324,1895,ENSG00000205456,TP53TG3D
ENSG00000214946.13,0.001412430774697468,1896,ENSG00000214946,TBC1D26
ENSG00000159247.12,0.0014121854179346405,1897,ENSG00000159247,TUBBP5
ENSG00000236947.5,0.0014121016188102173,1898,ENSG00000236947,ENSG00000236947
ENSG00000204475.9,0.0014120409058292964,1899,ENSG00000204475,NCR3
ENSG00000205436.7,0.0014118844553070472,1900,ENSG00000205436,EXOC3L4
ENSG00000041353.9,0.0014118802478638513,1901,ENSG00000041353,RAB27B
ENSG00000203747.9,0.0014118782839836659,1902,ENSG00000203747,FCGR3A
ENSG00000123838.10,0.0014117457406729221,1903,ENSG00000123838,C4BPA
ENSG00000178934.4,0.0014116796593663628,1904,ENSG00000178934,LGALS7B
ENSG00000103723.12,0.0014116694527383754,1905,ENSG00000103723,AP3B2
ENSG00000144834.12,0.0014115371065319274,1906,ENSG00000144834,TAGLN3
ENSG00000140274.13,0.0014112693731332872,1907,ENSG00000140274,DUOXA2
ENSG00000277420.1,0.0014112043235698997,1908,ENSG00000277420,ENSG00000277420
ENSG00000157703.15,0.0014110740925883831,1909,ENSG00000157703,SVOPL
ENSG00000196376.10,0.0014110688658698725,1910,ENSG00000196376,SLC35F1
ENSG00000152192.7,0.0014109000278083794,1911,ENSG00000152192,POU4F1
ENSG00000262772.1,0.001410690387697981,1912,ENSG00000262772,LINC01977
ENSG00000139364.10,0.001410271770381572,1913,ENSG00000139364,TMEM132B
ENSG00000234155.1,0.0014100387199389751,1914,ENSG00000234155,LINC02535
ENSG00000165685.8,0.0014092269552413515,1915,ENSG00000165685,TMEM52B
ENSG00000230638.4,0.0014091128886947035,1916,ENSG00000230638,LOC100418723
ENSG00000107317.11,0.0014089558638976023,1917,ENSG00000107317,PTGDS
ENSG00000164509.13,0.001408889753535179,1918,ENSG00000164509,IL31RA
ENSG00000093134.13,0.001408698465748422,1919,ENSG00000093134,VNN3P
ENSG00000141431.9,0.0014086418577916677,1920,ENSG00000141431,ASXL3
ENSG00000172673.10,0.001408524236235458,1921,ENSG00000172673,THEMIS
ENSG00000136167.13,0.001408451461255446,1922,ENSG00000136167,LCP1
ENSG00000268204.1,0.0014083924519146186,1923,ENSG00000268204,ENSG00000268204
ENSG00000107295.9,0.0014080722876698845,1924,ENSG00000107295,SH3GL2
ENSG00000138795.9,0.0014077618347921245,1925,ENSG00000138795,LEF1
ENSG00000136943.10,0.0014077617415228084,1926,ENSG00000136943,CTSV
ENSG00000233627.2,0.001407114700801434,1927,ENSG00000233627,C4A-AS1
ENSG00000229776.1,0.0014071147008014315,1928,ENSG00000229776,C2-AS1
ENSG00000273389.1,0.0014067746289231698,1929,ENSG00000273389,ENSG00000273389
ENSG00000153294.11,0.0014065799136124455,1930,ENSG00000153294,ADGRF4
ENSG00000158486.13,0.0014063156460738574,1931,ENSG00000158486,DNAH3
ENSG00000042980.12,0.0014059949989894613,1932,ENSG00000042980,ADAM28
ENSG00000275234.1,0.0014056835475594984,1933,ENSG00000275234,ENSG00000275234
ENSG00000255026.1,0.0014056770948470488,1934,ENSG00000255026,ENSG00000255026
ENSG00000154262.12,0.0014053277112335944,1935,ENSG00000154262,ABCA6
ENSG00000154553.13,0.001405022640838116,1936,ENSG00000154553,PDLIM3
ENSG00000081277.11,0.0014048051792740447,1937,ENSG00000081277,PKP1
ENSG00000164626.8,0.001404653322213266,1938,ENSG00000164626,KCNK5
ENSG00000184697.6,0.0014045619242735595,1939,ENSG00000184697,CLDN6
ENSG00000225210.9,0.0014044349561156198,1940,ENSG00000225210,DUXAP9
ENSG00000111262.4,0.0014044100782199757,1941,ENSG00000111262,KCNA1
ENSG00000151640.12,0.0014044034805451198,1942,ENSG00000151640,DPYSL4
ENSG00000078018.19,0.0014043226592813588,1943,ENSG00000078018,MAP2
ENSG00000129451.11,0.0014042964081484514,1944,ENSG00000129451,KLK10
ENSG00000260570.1,0.001404221312302755,1945,ENSG00000260570,ENSG00000260570
ENSG00000164691.16,0.0014040954136517463,1946,ENSG00000164691,TAGAP
ENSG00000186204.14,0.0014040816167093597,1947,ENSG00000186204,CYP4F12
ENSG00000170465.9,0.001403834445847116,1948,ENSG00000170465,KRT6C
ENSG00000117009.11,0.001403676961432424,1949,ENSG00000117009,KMO
ENSG00000111863.12,0.0014035922555757688,1950,ENSG00000111863,ADTRP
ENSG00000140534.13,0.0014032974812374591,1951,ENSG00000140534,TICRR
ENSG00000126262.4,0.0014028668789236468,1952,ENSG00000126262,FFAR2
ENSG00000276386.1,0.0014024610597834558,1953,ENSG00000276386,CNTNAP3P2
ENSG00000100987.14,0.001402407456957587,1954,ENSG00000100987,VSX1
ENSG00000162949.16,0.0014023728518939526,1955,ENSG00000162949,CAPN13
ENSG00000230461.8,0.0014020941931985234,1956,ENSG00000230461,PROX1-AS1
ENSG00000256569.1,0.0014020900278685212,1957,ENSG00000256569,ENSG00000256569
ENSG00000117834.12,0.001401791073100159,1958,ENSG00000117834,SLC5A9
ENSG00000143546.9,0.0014015513725284224,1959,ENSG00000143546,S100A8
ENSG00000267280.5,0.0014014014347590459,1960,ENSG00000267280,TBX2-AS1
ENSG00000166736.11,0.0014012229265336685,1961,ENSG00000166736,HTR3A
ENSG00000183844.16,0.001401147871956541,1962,ENSG00000183844,FAM3B
ENSG00000189430.12,0.0014007254922369491,1963,ENSG00000189430,NCR1
ENSG00000108602.17,0.0014006964214813373,1964,ENSG00000108602,ALDH3A1
ENSG00000134258.16,0.0014005829286665493,1965,ENSG00000134258,VTCN1
ENSG00000172752.14,0.0014005472203685847,1966,ENSG00000172752,COL6A5
ENSG00000108846.15,0.0014003991338301111,1967,ENSG00000108846,ABCC3
ENSG00000047648.21,0.0014003942259613888,1968,ENSG00000047648,ARHGAP6
ENSG00000229953.1,0.0013999819376108392,1969,ENSG00000229953,BCAN-AS2
ENSG00000011426.10,0.001399553120804212,1970,ENSG00000011426,ANLN
ENSG00000170743.16,0.0013993547334779414,1971,ENSG00000170743,SYT9
ENSG00000178919.8,0.0013988920012664354,1972,ENSG00000178919,FOXE1
ENSG00000224577.1,0.0013988311022294913,1973,ENSG00000224577,LINC01117
ENSG00000261089.1,0.0013987040959839187,1974,ENSG00000261089,CDC37P2
ENSG00000118194.18,0.0013980858611388175,1975,ENSG00000118194,TNNT2
ENSG00000182253.14,0.0013979311965434402,1976,ENSG00000182253,SYNM
ENSG00000175497.16,0.0013978421673648898,1977,ENSG00000175497,DPP10
ENSG00000196666.4,0.0013972559297939812,1978,ENSG00000196666,FAM180B
ENSG00000205363.5,0.001397209727058514,1979,ENSG00000205363,INSYN1
ENSG00000182107.6,0.0013968668522547152,1980,ENSG00000182107,CDC50B
ENSG00000258593.2,0.0013966482106520734,1981,ENSG00000258593,ENSG00000258593
ENSG00000203499.10,0.0013965738987490105,1982,ENSG00000203499,IQANK1
ENSG00000172156.3,0.001396491493527696,1983,ENSG00000172156,CCL11
ENSG00000214145.6,0.001396458617963839,1984,ENSG00000214145,LINC00887
ENSG00000235436.10,0.001396453167598736,1985,ENSG00000235436,DPY19L2P4
ENSG00000231789.2,0.001396364989000787,1986,ENSG00000231789,PIK3CD-AS2
ENSG00000116031.8,0.0013961558240864684,1987,ENSG00000116031,CD207
ENSG00000163431.12,0.0013959938877185101,1988,ENSG00000163431,LMOD1
ENSG00000272068.1,0.0013959126707562336,1989,ENSG00000272068,BCAN-AS1
ENSG00000159189.11,0.0013958808275194765,1990,ENSG00000159189,C1QC
ENSG00000158055.15,0.0013956753727251943,1991,ENSG00000158055,GRHL3
ENSG00000182566.12,0.0013955763025545807,1992,ENSG00000182566,CLEC4G
ENSG00000125657.4,0.0013954777385262946,1993,ENSG00000125657,TNFSF9
ENSG00000157765.11,0.001395417377122458,1994,ENSG00000157765,SLC34A2
ENSG00000269936.3,0.0013952680704433517,1995,ENSG00000269936,ENSG00000269936
ENSG00000259495.2,0.001395050602602199,1996,ENSG00000259495,ARNT2-DT
ENSG00000175857.8,0.0013942615598998493,1997,ENSG00000175857,GAPT
ENSG00000131409.12,0.0013941244681693746,1998,ENSG00000131409,LRRC4B
ENSG00000173372.16,0.0013929477930748524,1999,ENSG00000173372,C1QA
ENSG00000019582.14,0.0013929235524216877,2000,ENSG00000019582,CD74
ENSG00000224397.5,0.001392817907762693,2001,ENSG00000224397,PELATON
ENSG00000128242.12,0.0013927781596231243,2002,ENSG00000128242,GAL3ST1
ENSG00000141052.17,0.0013927609974075132,2003,ENSG00000141052,MYOCD
ENSG00000113249.12,0.001392635646125205,2004,ENSG00000113249,HAVCR1
ENSG00000013588.5,0.0013924934079648417,2005,ENSG00000013588,GPRC5A
ENSG00000226786.2,0.0013924365462621472,2006,ENSG00000226786,ENSG00000226786
ENSG00000256928.1,0.0013923112572466168,2007,ENSG00000256928,ENSG00000256928
ENSG00000100867.14,0.0013921888307952056,2008,ENSG00000100867,DHRS2
ENSG00000121807.5,0.0013921161522173985,2009,ENSG00000121807,CCR2
ENSG00000169302.14,0.001392023845387509,2010,ENSG00000169302,STK32A
ENSG00000178363.4,0.0013919417686060291,2011,ENSG00000178363,CALML3
ENSG00000203867.7,0.00139176205985963,2012,ENSG00000203867,RBM20
ENSG00000185842.14,0.00139161600103024,2013,ENSG00000185842,DNAH14
ENSG00000120075.5,0.0013916007299643127,2014,ENSG00000120075,HOXB5
ENSG00000260552.1,0.0013915436364130393,2015,ENSG00000260552,COSMOC
ENSG00000254665.1,0.001391432109336763,2016,ENSG00000254665,ENSG00000254665
ENSG00000163347.5,0.0013913784111771377,2017,ENSG00000163347,CLDN1
ENSG00000165828.13,0.0013911614954254916,2018,ENSG00000165828,PRAP1
ENSG00000085831.15,0.0013911409848860197,2019,ENSG00000085831,TTC39A
ENSG00000101204.15,0.0013910221197259657,2020,ENSG00000101204,CHRNA4
ENSG00000154274.14,0.001390847705163713,2021,ENSG00000154274,PGCKA1
ENSG00000153064.11,0.0013905281081440929,2022,ENSG00000153064,BANK1
ENSG00000132517.14,0.0013905066079875537,2023,ENSG00000132517,SLC52A1
ENSG00000134121.9,0.0013902817916973719,2024,ENSG00000134121,CHL1
ENSG00000250893.1,0.0013902770032799905,2025,ENSG00000250893,RBM47-AS1
ENSG00000230479.1,0.001390161149474879,2026,ENSG00000230479,CLDN14-AS1
ENSG00000178078.11,0.0013899848583060397,2027,ENSG00000178078,STAP2
ENSG00000188487.11,0.0013897740587011697,2028,ENSG00000188487,INSC
ENSG00000173212.4,0.0013895448555494446,2029,ENSG00000173212,MAB21L3
ENSG00000162365.11,0.0013893900818636785,2030,ENSG00000162365,CYP4A22
ENSG00000151715.7,0.001388782204479766,2031,ENSG00000151715,TMEM45B
ENSG00000112530.11,0.0013886926023128103,2032,ENSG00000112530,PACRG
ENSG00000131015.4,0.001388659418499376,2033,ENSG00000131015,ULBP2
ENSG00000261664.5,0.0013885091095622367,2034,ENSG00000261664,TTC39A-AS1
ENSG00000111796.3,0.0013882216756888805,2035,ENSG00000111796,KLRB1
ENSG00000164142.15,0.0013881323314001422,2036,ENSG00000164142,FHIP1A
ENSG00000141449.14,0.0013880919289331977,2037,ENSG00000141449,GREB1L
ENSG00000214855.9,0.001387760052231675,2038,ENSG00000214855,APOC1P1
ENSG00000189366.9,0.0013877428681427681,2039,ENSG00000189366,ALG1L1P
ENSG00000132429.9,0.0013876880463406728,2040,ENSG00000132429,POPDC3
ENSG00000112195.8,0.0013874190915988355,2041,ENSG00000112195,TREML2
ENSG00000122122.9,0.0013872205925102704,2042,ENSG00000122122,SASH3
ENSG00000143320.8,0.0013867061416702922,2043,ENSG00000143320,CRABP2
ENSG00000110848.8,0.0013865773525178215,2044,ENSG00000110848,CD69
ENSG00000185988.11,0.0013861440017043749,2045,ENSG00000185988,PLK5
ENSG00000112378.11,0.0013859360226512218,2046,ENSG00000112378,PERP
ENSG00000022267.16,0.0013857704252976495,2047,ENSG00000022267,FHL1
ENSG00000143119.12,0.0013855551239255895,2048,ENSG00000143119,CD53
ENSG00000079112.9,0.0013855026230045443,2049,ENSG00000079112,CDH17
ENSG00000148948.7,0.0013854322057534664,2050,ENSG00000148948,LRRC4C
ENSG00000163545.8,0.001385422827602659,2051,ENSG00000163545,NUAK2
ENSG00000104899.5,0.0013847870698572807,2052,ENSG00000104899,AMH
ENSG00000120068.6,0.0013847061970262945,2053,ENSG00000120068,HOXB8
ENSG00000160097.15,0.001384570145063791,2054,ENSG00000160097,FNDC5
ENSG00000281383.1,0.0013845170023243948,2055,ENSG00000281383,ENSG00000281383
ENSG00000178222.12,0.001384115706866237,2056,ENSG00000178222,RNF212
ENSG00000163689.18,0.001383860423604588,2057,ENSG00000163689,CFAP20DC
ENSG00000104112.8,0.0013837520289822491,2058,ENSG00000104112,SCG3
ENSG00000282033.1,0.001383542077911886,2059,ENSG00000282033,ENSG00000282033
ENSG00000215218.3,0.0013828551822611269,2060,ENSG00000215218,UBE2QL1
ENSG00000164251.4,0.001382730979942022,2061,ENSG00000164251,F2RL1
ENSG00000160161.9,0.001382730226206864,2062,ENSG00000160161,CILP2
ENSG00000226363.3,0.0013824651402787398,2063,ENSG00000226363,HAGLROS
ENSG00000126733.20,0.0013824217864325183,2064,ENSG00000126733,DACH2
ENSG00000175832.12,0.0013821496856559604,2065,ENSG00000175832,ETV4
ENSG00000120280.5,0.0013818968129989755,2066,ENSG00000120280,TASL
ENSG00000262413.1,0.0013816662388666126,2067,ENSG00000262413,ENSG00000262413
ENSG00000108242.12,0.0013814226330279879,2068,ENSG00000108242,CYP2C18
ENSG00000197385.5,0.0013805968516999677,2069,ENSG00000197385,ZNF860
ENSG00000164398.12,0.00138055322924738,2070,ENSG00000164398,ACSL6
ENSG00000158104.11,0.0013804564192120216,2071,ENSG00000158104,HPD
ENSG00000234869.1,0.0013803883301186676,2072,ENSG00000234869,LINC02925
ENSG00000179455.7,0.0013800295563618319,2073,ENSG00000179455,MKRN3
ENSG00000174837.14,0.0013799715066772909,2074,ENSG00000174837,ADGRE1
ENSG00000120645.11,0.0013798977062442212,2075,ENSG00000120645,IQSEC3
ENSG00000171385.9,0.0013797855612094397,2076,ENSG00000171385,KCND3
ENSG00000144218.18,0.0013796562405495112,2077,ENSG00000144218,AFF3
ENSG00000269416.5,0.0013795243655775344,2078,ENSG00000269416,LINC01224
ENSG00000260892.1,0.0013790755681483567,2079,ENSG00000260892,ENSG00000260892
ENSG00000178538.9,0.0013790096465123023,2080,ENSG00000178538,CA8
ENSG00000181072.11,0.0013789955928218323,2081,ENSG00000181072,CHRM2
ENSG00000079689.13,0.0013786112251494224,2082,ENSG00000079689,SCGN
ENSG00000221955.10,0.0013784436769690906,2083,ENSG00000221955,SLC12A8
ENSG00000196664.4,0.001378076783933892,2084,ENSG00000196664,TLR7
ENSG00000118160.13,0.0013777857297734694,2085,ENSG00000118160,SLC8A2
ENSG00000128266.8,0.001377764830442787,2086,ENSG00000128266,GNAZ
ENSG00000253661.1,0.0013777224122860166,2087,ENSG00000253661,LOC107986952
ENSG00000176134.5,0.0013775015657860462,2088,ENSG00000176134,ENSG00000176134
ENSG00000241158.5,0.0013774024372325802,2089,ENSG00000241158,ADAMTS9-AS1
ENSG00000152463.14,0.0013772212854692323,2090,ENSG00000152463,OLAH
ENSG00000262831.1,0.0013770520464865285,2091,ENSG00000262831,P4HB-AS1
ENSG00000184012.11,0.0013770410919877042,2092,ENSG00000184012,TMPRSS2
ENSG00000124731.12,0.001377008149342849,2093,ENSG00000124731,TREM1
ENSG00000117971.11,0.001376981611493158,2094,ENSG00000117971,CHRNB4
ENSG00000277758.4,0.001376946695231338,2095,ENSG00000277758,SYT15B
ENSG00000274944.4,0.0013768830212890241,2096,ENSG00000274944,ENSG00000274944
ENSG00000226644.5,0.0013767947061537145,2097,ENSG00000226644,LINC03086
ENSG00000096088.16,0.0013766753168322167,2098,ENSG00000096088,PGC
ENSG00000162670.10,0.0013766251225753694,2099,ENSG00000162670,BRINP3
ENSG00000241935.8,0.001376518108255889,2100,ENSG00000241935,HOGA1
ENSG00000162894.11,0.0013762515384964007,2101,ENSG00000162894,FCMR
ENSG00000264230.7,0.0013762084687119686,2102,ENSG00000264230,ANXA8L1
ENSG00000143839.13,0.0013762046637177897,2103,ENSG00000143839,REN
ENSG00000206047.2,0.0013759348826111047,2104,ENSG00000206047,DEFA1
ENSG00000247498.9,0.001375925129611462,2105,ENSG00000247498,GPRC5D-AS1
ENSG00000170276.5,0.001375829811081715,2106,ENSG00000170276,HSPB2
ENSG00000176920.11,0.0013756860382080347,2107,ENSG00000176920,FUT2
ENSG00000112837.16,0.001375339730615976,2108,ENSG00000112837,TBX18
ENSG00000148848.14,0.0013753367243805616,2109,ENSG00000148848,ADAM12
ENSG00000229391.7,0.0013751303325774823,2110,ENSG00000229391,HLA-DRB6
ENSG00000136573.12,0.0013748700827149695,2111,ENSG00000136573,BLK
ENSG00000226383.5,0.0013744845740555282,2112,ENSG00000226383,LINC01876
ENSG00000109193.10,0.0013744133143509842,2113,ENSG00000109193,SULT1E1
ENSG00000211829.6,0.0013742089561082252,2114,ENSG00000211829,TRDC
ENSG00000162687.16,0.0013741362143867401,2115,ENSG00000162687,KCNT2
ENSG00000253958.1,0.0013737492025524352,2116,ENSG00000253958,CLDN23
ENSG00000143167.11,0.0013737181040820517,2117,ENSG00000143167,GPA33
ENSG00000138315.12,0.0013736989773921405,2118,ENSG00000138315,OIT3
ENSG00000257764.2,0.0013736980793494144,2119,ENSG00000257764,ENSG00000257764
ENSG00000229417.1,0.0013734571916984171,2120,ENSG00000229417,NPM1P25
ENSG00000154678.16,0.0013732315520093355,2121,ENSG00000154678,PDE1C
ENSG00000109472.13,0.0013728255112320008,2122,ENSG00000109472,CPE
ENSG00000181790.10,0.0013725923044448814,2123,ENSG00000181790,ADGRB1
ENSG00000180875.4,0.0013724851011695,2124,ENSG00000180875,GREM2
ENSG00000180767.9,0.0013724823423934811,2125,ENSG00000180767,CHST13
ENSG00000176971.3,0.0013724443774534426,2126,ENSG00000176971,FIBIN
ENSG00000274825.1,0.0013722853957365447,2127,ENSG00000274825,ENSG00000274825
ENSG00000169306.9,0.0013722819044089019,2128,ENSG00000169306,IL1RAPL1
ENSG00000261496.1,0.0013722092468966159,2129,ENSG00000261496,ENSG00000261496
ENSG00000150337.13,0.0013722087011622834,2130,ENSG00000150337,FCGR1A
ENSG00000279286.2,0.0013720934530255333,2131,ENSG00000279286,ENSG00000279286
ENSG00000248538.6,0.0013720521120180209,2132,ENSG00000248538,PPP1R3B-DT
ENSG00000173930.8,0.0013718532074822242,2133,ENSG00000173930,SLCO4C1
ENSG00000173114.12,0.0013709732414270653,2134,ENSG00000173114,LRRN3
ENSG00000175445.14,0.0013709164648633614,2135,ENSG00000175445,LPL
ENSG00000223414.2,0.0013704376816603262,2136,ENSG00000223414,ENSG00000223414
ENSG00000091482.5,0.0013701596968012718,2137,ENSG00000091482,SMPX
ENSG00000095713.13,0.0013690357009328146,2138,ENSG00000095713,CRTAC1
ENSG00000176912.3,0.0013689814368878523,2139,ENSG00000176912,TYMSOS
ENSG00000115290.9,0.0013685315691406672,2140,ENSG00000115290,GRB14
ENSG00000175592.8,0.0013683111266426392,2141,ENSG00000175592,FOSL1
ENSG00000151320.10,0.0013683021784944543,2142,ENSG00000151320,AKAP6
ENSG00000150275.17,0.001368249697063361,2143,ENSG00000150275,PCDH15
ENSG00000081237.18,0.0013680117116927127,2144,ENSG00000081237,PTPRC
ENSG00000053918.15,0.0013680057073249443,2145,ENSG00000053918,KCNQ1
ENSG00000067798.13,0.0013678575009991596,2146,ENSG00000067798,NAV3
ENSG00000163239.12,0.0013678288795429304,2147,ENSG00000163239,TDRD10
ENSG00000198759.11,0.0013677287795133633,2148,ENSG00000198759,EGFL6
ENSG00000167656.4,0.0013676147064068096,2149,ENSG00000167656,LY6D
ENSG00000186847.5,0.0013675779580419312,2150,ENSG00000186847,KRT14
ENSG00000122223.12,0.0013673419030292185,2151,ENSG00000122223,CD244
ENSG00000103154.9,0.0013672939021193793,2152,ENSG00000103154,NECAB2
ENSG00000183148.6,0.0013671356744616814,2153,ENSG00000183148,ANKRD20A2P
ENSG00000125618.16,0.0013670126513491674,2154,ENSG00000125618,PAX8
ENSG00000118271.9,0.001366896987352278,2155,ENSG00000118271,TTR
ENSG00000069011.15,0.0013668767532831537,2156,ENSG00000069011,PITX1
ENSG00000226065.1,0.0013662741659274027,2157,ENSG00000226065,ZBTB45P2
ENSG00000260027.4,0.0013659533711662512,2158,ENSG00000260027,HOXB7
ENSG00000168081.8,0.0013657713656730559,2159,ENSG00000168081,PNOC
ENSG00000171798.17,0.001365395712254479,2160,ENSG00000171798,KNDC1
ENSG00000249590.7,0.001365187357030115,2161,ENSG00000249590,ENSG00000249590
ENSG00000183837.9,0.001364887737514092,2162,ENSG00000183837,PNMA3
ENSG00000122548.5,0.0013647457384615277,2163,ENSG00000122548,KIAA0087
ENSG00000008394.12,0.0013646457094299042,2164,ENSG00000008394,MGST1
ENSG00000157111.12,0.0013639579775472067,2165,ENSG00000157111,TMEM171
ENSG00000109832.12,0.0013637861787500307,2166,ENSG00000109832,DDX25
ENSG00000180440.3,0.0013633795394088278,2167,ENSG00000180440,SERTM1
ENSG00000158008.9,0.0013632173098911808,2168,ENSG00000158008,EXTL1
ENSG00000248405.9,0.0013624058510774831,2169,ENSG00000248405,PRR5-ARHGAP8
ENSG00000127152.17,0.0013622193972515967,2170,ENSG00000127152,BCL11B
ENSG00000105427.9,0.0013621569210466654,2171,ENSG00000105427,CNFN
ENSG00000198734.10,0.0013620345073753935,2172,ENSG00000198734,F5
ENSG00000148053.15,0.0013619842972823802,2173,ENSG00000148053,NTRK2
ENSG00000130208.9,0.001361945754926385,2174,ENSG00000130208,APOC1
ENSG00000178750.2,0.0013618889207665816,2175,ENSG00000178750,STX19
ENSG00000174123.10,0.0013617687999814966,2176,ENSG00000174123,TLR10
ENSG00000225706.1,0.001361591757394226,2177,ENSG00000225706,PTPRD-AS1
ENSG00000139219.17,0.0013606520154140782,2178,ENSG00000139219,COL2A1
ENSG00000112818.9,0.0013602021132700667,2179,ENSG00000112818,MEP1A
ENSG00000073737.16,0.0013595655144722477,2180,ENSG00000073737,DHRS9
ENSG00000115956.9,0.0013593183477003683,2181,ENSG00000115956,PLEK
ENSG00000170837.2,0.0013592749848462227,2182,ENSG00000170837,GPR27
ENSG00000224961.1,0.0013589632888039596,2183,ENSG00000224961,LINC01752
ENSG00000148344.10,0.00135865108322989,2184,ENSG00000148344,PTGES
ENSG00000101746.15,0.0013584885139446507,2185,ENSG00000101746,NOL4
ENSG00000180525.11,0.0013583434113642464,2186,ENSG00000180525,DIP2C-AS1
ENSG00000157851.16,0.0013580028137786123,2187,ENSG00000157851,DPYSL5
ENSG00000186854.10,0.001357955918234163,2188,ENSG00000186854,TRABD2A
ENSG00000141579.6,0.001357905297117639,2189,ENSG00000141579,ZNF750
ENSG00000171532.4,0.0013576851435967174,2190,ENSG00000171532,NEUROD2
ENSG00000144045.13,0.0013571549307507611,2191,ENSG00000144045,DQX1
ENSG00000134545.13,0.0013564546812816125,2192,ENSG00000134545,KLRC1
ENSG00000165799.4,0.0013555055590609255,2193,ENSG00000165799,RNASE7
ENSG00000196549.10,0.0013553356327131926,2194,ENSG00000196549,MME
ENSG00000163293.11,0.001355269463822153,2195,ENSG00000163293,NIPAL1
ENSG00000115363.13,0.0013549736214458923,2196,ENSG00000115363,EVA1A
ENSG00000164929.16,0.0013545962086492036,2197,ENSG00000164929,BAALC
ENSG00000225329.3,0.0013545686802572876,2198,ENSG00000225329,ENSG00000225329
ENSG00000255248.6,0.0013545643291649671,2199,ENSG00000255248,MIR100HG
ENSG00000197629.5,0.0013543150566825539,2200,ENSG00000197629,MPEG1
ENSG00000243896.3,0.0013541990916448535,2201,ENSG00000243896,OR2A7
ENSG00000057149.14,0.0013537989399948344,2202,ENSG00000057149,SERPINB3
ENSG00000170044.8,0.0013536074224260717,2203,ENSG00000170044,ZPLD1
ENSG00000115828.15,0.0013535386540283075,2204,ENSG00000115828,QPCT
ENSG00000175164.13,0.001353040306429208,2205,ENSG00000175164,ABO
ENSG00000105464.3,0.001353013527869372,2206,ENSG00000105464,GRIN2D
ENSG00000136002.16,0.0013529232400952208,2207,ENSG00000136002,ARHGEF4
ENSG00000233101.10,0.001352911364377597,2208,ENSG00000233101,HOXB-AS3
ENSG00000136155.16,0.0013527586934202944,2209,ENSG00000136155,SCEL
ENSG00000070526.14,0.0013527019250158142,2210,ENSG00000070526,ST6GALNAC1
ENSG00000150556.16,0.0013526044114689567,2211,ENSG00000150556,LYPD6B
ENSG00000189431.7,0.0013524904992187551,2212,ENSG00000189431,RASSF10
ENSG00000171724.2,0.0013524614108658569,2213,ENSG00000171724,VAT1L
ENSG00000254721.1,0.0013524458602041274,2214,ENSG00000254721,ENSG00000254721
ENSG00000138207.12,0.0013523360990874817,2215,ENSG00000138207,RBP4
ENSG00000162552.14,0.0013518355334180005,2216,ENSG00000162552,WNT4
ENSG00000231298.6,0.00135179377591251,2217,ENSG00000231298,MANCR
ENSG00000065325.12,0.0013517936312825128,2218,ENSG00000065325,GLP2R
ENSG00000236345.1,0.0013516980127447555,2219,ENSG00000236345,SCAT8
ENSG00000278934.1,0.0013515042496787726,2220,ENSG00000278934,ENSG00000278934
ENSG00000165995.18,0.0013514737806867851,2221,ENSG00000165995,CACNB2
ENSG00000114854.7,0.00135147371560028,2222,ENSG00000114854,TNNC1
ENSG00000148408.12,0.0013513900347718833,2223,ENSG00000148408,CACNA1B
ENSG00000184221.12,0.0013512175831904862,2224,ENSG00000184221,OLIG1
ENSG00000237742.6,0.0013511460615332142,2225,ENSG00000237742,HEY2-AS1
ENSG00000114374.12,0.0013506422825627022,2226,ENSG00000114374,USP9Y
ENSG00000182870.12,0.001350342356190289,2227,ENSG00000182870,GALNT9
ENSG00000095932.6,0.0013502997689480523,2228,ENSG00000095932,SMIM24
ENSG00000115590.13,0.001350161835257173,2229,ENSG00000115590,IL1R2
ENSG00000224916.8,0.001350036833827745,2230,ENSG00000224916,APOC4-APOC2
ENSG00000137460.8,0.0013499829841680066,2231,ENSG00000137460,FHDC1
ENSG00000180061.9,0.0013499597717844083,2232,ENSG00000180061,TMEM150B
ENSG00000162511.7,0.0013498462021633063,2233,ENSG00000162511,LAPTM5
ENSG00000261606.5,0.0013498202939432938,2234,ENSG00000261606,ENSG00000261606
ENSG00000128591.15,0.0013496781764816247,2235,ENSG00000128591,FLNC
ENSG00000146285.13,0.0013496017695371568,2236,ENSG00000146285,SCML4
ENSG00000147394.18,0.0013495710578079814,2237,ENSG00000147394,ZNF185
ENSG00000104808.7,0.001349534915468916,2238,ENSG00000104808,DHDH
ENSG00000179023.8,0.0013491397427789547,2239,ENSG00000179023,KLHDC7A
ENSG00000070193.4,0.0013490681202098177,2240,ENSG00000070193,FGF10
ENSG00000177699.4,0.0013489950986568487,2241,ENSG00000177699,LOC100129540
ENSG00000224287.2,0.0013487391046531536,2242,ENSG00000224287,ENSG00000224287
ENSG00000171658.8,0.0013483153858653467,2243,ENSG00000171658,NMRAL2P
ENSG00000267228.6,0.0013480620085047825,2244,ENSG00000267228,ENSG00000267228
ENSG00000115665.8,0.001348022851309732,2245,ENSG00000115665,SLC5A7
ENSG00000183570.16,0.0013478173137502917,2246,ENSG00000183570,PCBP3
ENSG00000162878.12,0.001347664616001197,2247,ENSG00000162878,PKDCC
ENSG00000145703.15,0.001347641558853552,2248,ENSG00000145703,IQGAP2
ENSG00000060709.13,0.001347617733531688,2249,ENSG00000060709,RIMBP2
ENSG00000131002.11,0.001347216391909764,2250,ENSG00000131002,TXLNGY
ENSG00000196139.11,0.0013469211915167918,2251,ENSG00000196139,AKR1C3
ENSG00000132329.10,0.0013468001482547425,2252,ENSG00000132329,RAMP1
ENSG00000127252.5,0.0013466236793895985,2253,ENSG00000127252,PLAAT1
ENSG00000163563.7,0.0013461764171491144,2254,ENSG00000163563,MNDA
ENSG00000095637.20,0.001346173982144161,2255,ENSG00000095637,SORBS1
ENSG00000276509.1,0.001345597146976776,2256,ENSG00000276509,LOC105371254
ENSG00000186407.6,0.0013451619300108172,2257,ENSG00000186407,CD300E
ENSG00000162438.11,0.0013451418690065566,2258,ENSG00000162438,CTRC
ENSG00000244693.1,0.0013448507051251647,2259,ENSG00000244693,ENSG00000244693
ENSG00000215452.3,0.0013445166318265325,2260,ENSG00000215452,ZNF663P
ENSG00000141526.14,0.00134451262665947,2261,ENSG00000141526,SLC16A3
ENSG00000196277.15,0.0013444731504239744,2262,ENSG00000196277,GRM7
ENSG00000147697.8,0.001344274367839054,2263,ENSG00000147697,GSDMC
ENSG00000106484.14,0.001343552619778569,2264,ENSG00000106484,MEST
ENSG00000133216.16,0.0013433811663241411,2265,ENSG00000133216,EPHB2
ENSG00000101210.10,0.0013432209747057144,2266,ENSG00000101210,EEF1A2
ENSG00000131355.14,0.0013429281599156024,2267,ENSG00000131355,ADGRE3
ENSG00000070731.9,0.0013428789560631866,2268,ENSG00000070731,ST6GALNAC2
ENSG00000128438.10,0.0013427365255284105,2269,ENSG00000128438,TBC1D27P
ENSG00000149534.8,0.001342312950737721,2270,ENSG00000149534,MS4A2
ENSG00000089199.9,0.0013415308738689887,2271,ENSG00000089199,CHGB
ENSG00000176490.4,0.0013413578403865672,2272,ENSG00000176490,DIRAS1
ENSG00000262074.6,0.0013407875209916224,2273,ENSG00000262074,SNORD3B-2
ENSG00000262560.1,0.0013401449236191622,2274,ENSG00000262560,ENSG00000262560
ENSG00000183246.6,0.0013401000535944658,2275,ENSG00000183246,RIMBP3C
ENSG00000243742.5,0.0013399723048694778,2276,ENSG00000243742,RPLP0P2
ENSG00000276975.1,0.0013396845350034895,2277,ENSG00000276975,HYDIN2
ENSG00000181656.6,0.0013396064484803584,2278,ENSG00000181656,GPR88
ENSG00000086300.15,0.0013395846954080133,2279,ENSG00000086300,SNX10
ENSG00000225849.1,0.0013389821655106,2280,ENSG00000225849,MKRN7P
ENSG00000080493.13,0.0013388375995384034,2281,ENSG00000080493,SLC4A4
ENSG00000265206.3,0.0013386570932315206,2282,ENSG00000265206,MIR142HG
ENSG00000062038.13,0.0013383750063380854,2283,ENSG00000062038,CDH3
ENSG00000149295.13,0.0013383161620728133,2284,ENSG00000149295,DRD2
ENSG00000177990.11,0.0013374849793168643,2285,ENSG00000177990,DPY19L2
ENSG00000224511.1,0.0013372908637280607,2286,ENSG00000224511,LINC00365
ENSG00000188508.10,0.00133716198947658,2287,ENSG00000188508,KRTDAP
ENSG00000129226.13,0.0013370781721352048,2288,ENSG00000129226,CD68
ENSG00000128573.22,0.0013370041724535945,2289,ENSG00000128573,FOXP2
ENSG00000179299.16,0.0013369156290794469,2290,ENSG00000179299,NSUN7
ENSG00000111981.4,0.0013365761010366126,2291,ENSG00000111981,ULBP1
ENSG00000269964.2,0.0013361713545643713,2292,ENSG00000269964,MEI4
ENSG00000274979.1,0.0013355680621777693,2293,ENSG00000274979,ENSG00000274979
ENSG00000216921.7,0.0013341618062456325,2294,ENSG00000216921,FAM240C
ENSG00000181541.5,0.001333990851871556,2295,ENSG00000181541,MAB21L2
ENSG00000154556.17,0.001333909267141216,2296,ENSG00000154556,SORBS2
ENSG00000104321.10,0.0013338705017673469,2297,ENSG00000104321,TRPA1
ENSG00000100448.3,0.0013337989445647003,2298,ENSG00000100448,CTSG
ENSG00000263934.4,0.0013337951891058293,2299,ENSG00000263934,SNORD3A
ENSG00000166924.8,0.001333773485654699,2300,ENSG00000166924,NYAP1
ENSG00000261189.1,0.0013333074479137399,2301,ENSG00000261189,DSP-AS1
ENSG00000112319.17,0.0013331778094946008,2302,ENSG00000112319,EYA4
ENSG00000184709.7,0.001332985640456422,2303,ENSG00000184709,LRRC26
ENSG00000188580.13,0.0013328553390310662,2304,ENSG00000188580,NKAIN2
ENSG00000038945.14,0.0013327532934496468,2305,ENSG00000038945,MSR1
ENSG00000102466.15,0.0013327235935722277,2306,ENSG00000102466,FGF14
ENSG00000169258.6,0.0013325486502988792,2307,ENSG00000169258,GPRIN1
ENSG00000227954.6,0.001332415165997737,2308,ENSG00000227954,TARID
ENSG00000268941.2,0.0013323944416969375,2309,ENSG00000268941,LINC01711
ENSG00000128815.17,0.0013323144613232192,2310,ENSG00000128815,WDFY4
ENSG00000106772.17,0.0013319001266022064,2311,ENSG00000106772,PRUNE2
ENSG00000108950.11,0.0013318958199601573,2312,ENSG00000108950,FAM20A
ENSG00000075673.11,0.0013312908860874254,2313,ENSG00000075673,ATP12A
ENSG00000106511.5,0.0013311505719344285,2314,ENSG00000106511,MEOX2
ENSG00000145358.6,0.0013309274106265319,2315,ENSG00000145358,DDIT4L
ENSG00000172014.12,0.0013307680194191347,2316,ENSG00000172014,ANKRD20A4P
ENSG00000156298.12,0.001330748755543415,2317,ENSG00000156298,TSPAN7
ENSG00000253426.5,0.0013300488824923855,2318,ENSG00000253426,ENSG00000253426
ENSG00000102837.6,0.00132960366772926,2319,ENSG00000102837,OLFM4
ENSG00000277200.1,0.0013291657537472855,2320,ENSG00000277200,CCDC92B
ENSG00000005187.11,0.0013289355702780555,2321,ENSG00000005187,ACSM3
ENSG00000229950.1,0.0013288672114606804,2322,ENSG00000229950,MIR5689HG
ENSG00000139970.16,0.0013287204305219057,2323,ENSG00000139970,RTN1
ENSG00000115598.9,0.0013286678330728173,2324,ENSG00000115598,IL36R
ENSG00000159958.4,0.0013283275712821804,2325,ENSG00000159958,TNFRSF13C
ENSG00000223802.7,0.0013282948655558968,2326,ENSG00000223802,CERS1
ENSG00000139865.16,0.0013280981405869162,2327,ENSG00000139865,TTC6
ENSG00000142973.12,0.00132768964118883,2328,ENSG00000142973,CYP4B1
ENSG00000171811.12,0.0013276708417863216,2329,ENSG00000171811,CFAP46
ENSG00000168280.16,0.0013272942294126617,2330,ENSG00000168280,KIF5C
ENSG00000072133.10,0.00132702926348724,2331,ENSG00000072133,RPS6KA6
ENSG00000236438.6,0.0013269571799926225,2332,ENSG00000236438,FAM157A
ENSG00000108511.9,0.0013269493901969121,2333,ENSG00000108511,HOXB6
ENSG00000073282.12,0.0013269490778841434,2334,ENSG00000073282,TP63
ENSG00000162630.5,0.0013266522356907072,2335,ENSG00000162630,B3GALT2
ENSG00000270171.1,0.001326507388554,2336,ENSG00000270171,ENSG00000270171
ENSG00000183784.6,0.0013264246434419446,2337,ENSG00000183784,DOCK8-AS1
ENSG00000144063.3,0.0013264242717936346,2338,ENSG00000144063,MALL
ENSG00000198829.6,0.0013263957717983906,2339,ENSG00000198829,SUCNR1
ENSG00000272189.1,0.001326121305348463,2340,ENSG00000272189,MAP7-AS1
ENSG00000153976.2,0.001325992949983764,2341,ENSG00000153976,HS3ST3A1
ENSG00000254290.1,0.001325642628378774,2342,ENSG00000254290,ENSG00000254290
ENSG00000166391.14,0.0013253609188459043,2343,ENSG00000166391,MOGAT2
ENSG00000169469.8,0.0013251184493808753,2344,ENSG00000169469,SPRR1B
ENSG00000132693.12,0.0013246166565534017,2345,ENSG00000132693,CRP
ENSG00000179546.4,0.0013245585697830287,2346,ENSG00000179546,HTR1D
ENSG00000163121.9,0.001324300090746094,2347,ENSG00000163121,NEURL3
ENSG00000135094.10,0.0013242749778953078,2348,ENSG00000135094,SDS
ENSG00000107518.16,0.001324156797009979,2349,ENSG00000107518,ATRNL1
ENSG00000174950.10,0.0013238836637448372,2350,ENSG00000174950,CD164L2
ENSG00000260398.1,0.00132386835922341,2351,ENSG00000260398,ENSG00000260398
ENSG00000175315.2,0.0013234895694248276,2352,ENSG00000175315,CST6
ENSG00000146477.5,0.0013230910237448383,2353,ENSG00000146477,SLC22A3
ENSG00000156414.18,0.0013229474944938375,2354,ENSG00000156414,TDRD9
ENSG00000168065.15,0.001322945524648891,2355,ENSG00000168065,SLC22A11
ENSG00000168497.4,0.0013228762941735227,2356,ENSG00000168497,CAVIN2
ENSG00000181392.14,0.001322590917767741,2357,ENSG00000181392,SYNE4
ENSG00000154277.12,0.0013224985343450893,2358,ENSG00000154277,UCHL1
ENSG00000120875.8,0.0013224881829059603,2359,ENSG00000120875,DUSP4
ENSG00000237515.7,0.001322370937559075,2360,ENSG00000237515,SHISA9
ENSG00000101447.13,0.0013223368939982427,2361,ENSG00000101447,SACK1D
ENSG00000142606.15,0.0013217838160713513,2362,ENSG00000142606,MMEL1
ENSG00000164266.10,0.0013216662940817758,2363,ENSG00000164266,SPINK1
ENSG00000120337.8,0.0013211331820943998,2364,ENSG00000120337,TNFSF18
ENSG00000185737.12,0.0013202081834175915,2365,ENSG00000185737,NRG3
ENSG00000197406.7,0.0013196117698491938,2366,ENSG00000197406,DIO3
ENSG00000273259.2,0.0013193077078948094,2367,ENSG00000273259,ENSG00000273259
ENSG00000227191.6,0.0013191033176394584,2368,ENSG00000227191,TRGC2
ENSG00000270136.5,0.0013189110242859243,2369,ENSG00000270136,MICOS10-NBL1
ENSG00000122641.9,0.0013188281807497396,2370,ENSG00000122641,INHBA
ENSG00000183454.13,0.001318701996080269,2371,ENSG00000183454,GRIN2A
ENSG00000186297.11,0.0013180480351248933,2372,ENSG00000186297,GABRA5
ENSG00000172575.11,0.0013180078888725454,2373,ENSG00000172575,RASGRP1
ENSG00000183833.16,0.0013179870383873253,2374,ENSG00000183833,CFAP91
ENSG00000156886.11,0.0013174017002784667,2375,ENSG00000156886,ITGAD
ENSG00000143412.9,0.0013169798223932317,2376,ENSG00000143412,ANXA9
ENSG00000231943.7,0.0013169573506613722,2377,ENSG00000231943,LOC124906859
ENSG00000248290.1,0.001316874596952357,2378,ENSG00000248290,TNXA
ENSG00000198963.10,0.00131682414247725,2379,ENSG00000198963,RORB
ENSG00000160471.12,0.0013168169707018175,2380,ENSG00000160471,COX6B2
ENSG00000282304.1,0.0013168070022481506,2381,ENSG00000282304,ENSG00000282304
ENSG00000221947.7,0.001316612277246174,2382,ENSG00000221947,XKR9
ENSG00000116183.10,0.0013165328470545676,2383,ENSG00000116183,PAPPA2
ENSG00000228314.1,0.0013164511322069246,2384,ENSG00000228314,CYP4F29P
ENSG00000230882.1,0.0013164182814496854,2385,ENSG00000230882,ENSG00000230882
ENSG00000127324.8,0.0013159728731726669,2386,ENSG00000127324,TSPAN8
ENSG00000100170.9,0.0013159583960053183,2387,ENSG00000100170,SLC5A1
ENSG00000126950.7,0.001315349855735129,2388,ENSG00000126950,TMEM35A
ENSG00000130413.15,0.0013152951385440952,2389,ENSG00000130413,STK33
ENSG00000135063.17,0.0013152524734103793,2390,ENSG00000135063,ENTREP1
ENSG00000196569.11,0.0013150917764997185,2391,ENSG00000196569,LAMA2
ENSG00000115468.11,0.0013150894981413617,2392,ENSG00000115468,EFHD1
ENSG00000105278.10,0.0013145519581895812,2393,ENSG00000105278,ZFR2
ENSG00000144406.18,0.0013145279841248894,2394,ENSG00000144406,UNC80
ENSG00000123843.12,0.0013143706592067454,2395,ENSG00000123843,C4BPB
ENSG00000232460.4,0.0013142819180748605,2396,ENSG00000232460,BMPR1AP2
ENSG00000249669.7,0.0013140164713417353,2397,ENSG00000249669,CARMN
ENSG00000005981.12,0.001313934711143304,2398,ENSG00000005981,ASB4
ENSG00000281508.1,0.001313866718749361,2399,ENSG00000281508,ENSG00000281508
ENSG00000280653.1,0.0013135185534143986,2400,ENSG00000280653,ENSG00000280653
ENSG00000259134.5,0.001313460991622986,2401,ENSG00000259134,LINC00924
ENSG00000186973.10,0.0013131570800946908,2402,ENSG00000186973,CFAP144
ENSG00000163141.18,0.0013122792630623455,2403,ENSG00000163141,BNIPL
ENSG00000211698.2,0.00131214445133277,2404,ENSG00000211698,TRGV4
ENSG00000147883.10,0.001311969532729516,2405,ENSG00000147883,CDKN2B
ENSG00000167646.13,0.001311880743371543,2406,ENSG00000167646,DNAAF3
ENSG00000101443.17,0.001311802465660307,2407,ENSG00000101443,WFDC2
ENSG00000108821.13,0.001311578561333372,2408,ENSG00000108821,COL1A1
ENSG00000134709.10,0.0013115633920681173,2409,ENSG00000134709,HOOK1
ENSG00000156966.6,0.0013110439097945724,2410,ENSG00000156966,B3GNT7
ENSG00000106031.7,0.0013108272293076253,2411,ENSG00000106031,HOXA13
ENSG00000184344.3,0.001310600765063297,2412,ENSG00000184344,GDF3
ENSG00000115297.10,0.0013103010186574133,2413,ENSG00000115297,TLX2
ENSG00000116983.12,0.0013101320607051775,2414,ENSG00000116983,HPCAL4
ENSG00000173369.15,0.0013098408616834087,2415,ENSG00000173369,C1QB
ENSG00000165188.13,0.0013095612603219063,2416,ENSG00000165188,RNF183
ENSG00000154914.16,0.0013095248139586154,2417,ENSG00000154914,USP43
ENSG00000270132.1,0.0013095068421664564,2418,ENSG00000270132,ENSG00000270132
ENSG00000165863.16,0.0013091933680973592,2419,ENSG00000165863,SPMIP5
ENSG00000101489.18,0.0013090911393063382,2420,ENSG00000101489,CELF4
ENSG00000172020.12,0.0013088907680240123,2421,ENSG00000172020,GAP43
ENSG00000188803.14,0.0013088399301591793,2422,ENSG00000188803,SHISA6
ENSG00000122375.11,0.0013078361011731885,2423,ENSG00000122375,OPN4
ENSG00000249574.1,0.0013070908833497246,2424,ENSG00000249574,LOC442497
ENSG00000161929.14,0.0013067237589724702,2425,ENSG00000161929,SCIMP
ENSG00000165215.6,0.0013061768296347724,2426,ENSG00000165215,CLDN3
ENSG00000238266.1,0.0013057927336762663,2427,ENSG00000238266,ENSG00000238266
ENSG00000267259.1,0.0013056060328372888,2428,ENSG00000267259,LOC112267992
ENSG00000281593.1,0.0013053822902201408,2429,ENSG00000281593,ENSG00000281593
ENSG00000158023.9,0.0013053510011327223,2430,ENSG00000158023,CFAP251
ENSG00000188404.8,0.0013052098155235772,2431,ENSG00000188404,SELL
ENSG00000115112.7,0.0013051594459429618,2432,ENSG00000115112,TFCP2L1
ENSG00000089723.9,0.0013047999680862623,2433,ENSG00000089723,OTUB2
ENSG00000258274.1,0.0013046223640771008,2434,ENSG00000258274,CRADD-AS1
ENSG00000096006.11,0.0013042395926450361,2435,ENSG00000096006,CRISP3
ENSG00000157890.17,0.0013040959587488645,2436,ENSG00000157890,MEGF11
ENSG00000154975.13,0.001303898724692859,2437,ENSG00000154975,CA10
ENSG00000278530.4,0.0013038477924977733,2438,ENSG00000278530,CHMP1B2P
ENSG00000018236.14,0.0013038358297767355,2439,ENSG00000018236,CNTN1
ENSG00000136379.11,0.0013035292386748896,2440,ENSG00000136379,ABHD17C
ENSG00000254536.1,0.0013035158149464824,2441,ENSG00000254536,ENSG00000254536
ENSG00000251201.8,0.0013030929291353757,2442,ENSG00000251201,TMED7-TICAM2
ENSG00000073067.13,0.0013024826817322648,2443,ENSG00000073067,CYP2W1
ENSG00000144407.9,0.001301735715229082,2444,ENSG00000144407,PTH2R
ENSG00000160255.16,0.001301155004031975,2445,ENSG00000160255,ITGB2
ENSG00000105131.7,0.0013011110325215154,2446,ENSG00000105131,EPHX3
ENSG00000242265.5,0.0013010235080758324,2447,ENSG00000242265,PEG10
ENSG00000205076.4,0.001300917621597551,2448,ENSG00000205076,LGALS7
ENSG00000235649.2,0.0013004920422026362,2449,ENSG00000235649,MXRA5Y
ENSG00000198354.5,0.0013004849405237582,2450,ENSG00000198354,DCAF12L2
ENSG00000170425.3,0.0013004721622039076,2451,ENSG00000170425,ADORA2B
ENSG00000279302.1,0.0013004600572104079,2452,ENSG00000279302,ENSG00000279302
ENSG00000172568.4,0.0013004493350752856,2453,ENSG00000172568,FNDC9
ENSG00000049283.17,0.001300363019412127,2454,ENSG00000049283,EPN3
ENSG00000168477.17,0.0013002933873207097,2455,ENSG00000168477,TNXB
ENSG00000068615.16,0.0013001955173390397,2456,ENSG00000068615,REEP1
ENSG00000243772.6,0.0013001472513976275,2457,ENSG00000243772,KIR2DL3
ENSG00000088992.17,0.0013001304232984612,2458,ENSG00000088992,TESC
ENSG00000082175.14,0.0012998649120713138,2459,ENSG00000082175,PGR
ENSG00000267580.1,0.0012997429631981952,2460,ENSG00000267580,ENSG00000267580
ENSG00000206195.10,0.0012997366326714416,2461,ENSG00000206195,DUXAP8
ENSG00000143674.10,0.0012993323177531095,2462,ENSG00000143674,MAP3K21
ENSG00000162631.18,0.0012992638155778396,2463,ENSG00000162631,NTNG1
ENSG00000160606.10,0.0012991019796449873,2464,ENSG00000160606,TLCD1
ENSG00000144785.8,0.0012986753034362317,2465,ENSG00000144785,ENSG00000144785
ENSG00000185090.14,0.0012985438696310014,2466,ENSG00000185090,MANEAL
ENSG00000171864.4,0.0012985021460724363,2467,ENSG00000171864,PRND
ENSG00000225526.4,0.0012984670152694983,2468,ENSG00000225526,MKRN2OS
ENSG00000179639.10,0.0012982117493873745,2469,ENSG00000179639,FCER1A
ENSG00000268518.1,0.0012980957862122936,2470,ENSG00000268518,MYREM
ENSG00000047936.10,0.0012975103132599403,2471,ENSG00000047936,ROS1
ENSG00000128342.4,0.0012970374499683321,2472,ENSG00000128342,LIF
ENSG00000279141.3,0.0012967222460511854,2473,ENSG00000279141,LINC01451
ENSG00000211689.6,0.0012967167040139175,2474,ENSG00000211689,TARP
ENSG00000136457.9,0.001295816770683118,2475,ENSG00000136457,CHAD
ENSG00000163082.9,0.001295736277517543,2476,ENSG00000163082,SGPP2
ENSG00000231106.2,0.0012955528272913634,2477,ENSG00000231106,LINC01436
ENSG00000168542.12,0.0012954599034330258,2478,ENSG00000168542,COL3A1
ENSG00000140287.10,0.001295273548980771,2479,ENSG00000140287,HDC
ENSG00000077279.16,0.0012951670225791086,2480,ENSG00000077279,DCX
ENSG00000101349.16,0.0012951206779511118,2481,ENSG00000101349,PAK5
ENSG00000205890.3,0.0012950956503400184,2482,ENSG00000205890,LOC100128770
ENSG00000253293.4,0.0012950591347174153,2483,ENSG00000253293,HOXA10
ENSG00000087495.16,0.001294634712065436,2484,ENSG00000087495,PHACTR3
ENSG00000138829.10,0.001294612489439753,2485,ENSG00000138829,FBN2
ENSG00000230006.7,0.0012941567200421354,2486,ENSG00000230006,ANKRD36BP2
ENSG00000167914.10,0.00129414314014058,2487,ENSG00000167914,GSDMA
ENSG00000243955.5,0.001293388461710161,2488,ENSG00000243955,GSTA1
ENSG00000226031.5,0.0012931063929059127,2489,ENSG00000226031,FGF13-AS1
ENSG00000106952.7,0.0012931030552182474,2490,ENSG00000106952,TNFSF8
ENSG00000132563.15,0.0012928276739175818,2491,ENSG00000132563,REEP2
ENSG00000198523.5,0.0012927635444014295,2492,ENSG00000198523,PLN
ENSG00000135333.13,0.0012924645836415415,2493,ENSG00000135333,EPHA7
ENSG00000118785.13,0.0012919206783864599,2494,ENSG00000118785,SPP1
ENSG00000163823.3,0.0012918295765430834,2495,ENSG00000163823,CCR1
ENSG00000257671.1,0.0012917976371855358,2496,ENSG00000257671,KRT7-AS
ENSG00000095970.16,0.0012917605793724839,2497,ENSG00000095970,TREM2
ENSG00000136531.13,0.001291419970159525,2498,ENSG00000136531,SCN2A
ENSG00000185742.6,0.0012914084195108748,2499,ENSG00000185742,C11orf87
ENSG00000163534.14,0.001291322880683085,2500,ENSG00000163534,FCRL1
ENSG00000145708.10,0.0012907547321143748,2501,ENSG00000145708,CRHBP
ENSG00000115648.13,0.0012905469913779028,2502,ENSG00000115648,MLPH
ENSG00000265188.1,0.0012904370037258683,2503,ENSG00000265188,LOC100422274
ENSG00000135406.13,0.0012901371275389035,2504,ENSG00000135406,PRPH
ENSG00000253161.5,0.0012898482403322043,2505,ENSG00000253161,LINC01605
ENSG00000225556.1,0.0012896356360795021,2506,ENSG00000225556,C2CD4D
ENSG00000273079.4,0.0012896008737898013,2507,ENSG00000273079,GRIN2B
ENSG00000188089.13,0.0012894663441446637,2508,ENSG00000188089,PLA2G4E
ENSG00000226913.1,0.0012893487661363235,2509,ENSG00000226913,BSN-DT
ENSG00000255366.1,0.0012892758095565894,2510,ENSG00000255366,ENSG00000255366
ENSG00000198915.11,0.001289193604103719,2511,ENSG00000198915,RASGEF1A
ENSG00000279289.1,0.0012891498340292773,2512,ENSG00000279289,ENSG00000279289
ENSG00000164270.17,0.001289143533256028,2513,ENSG00000164270,HTR4
ENSG00000087510.6,0.0012890969451967483,2514,ENSG00000087510,TFAP2C
ENSG00000137868.18,0.0012877912480374707,2515,ENSG00000137868,STRA6
ENSG00000110148.9,0.0012876397716708532,2516,ENSG00000110148,CCKBR
ENSG00000119866.20,0.0012868432115345529,2517,ENSG00000119866,BCL11A
ENSG00000167614.13,0.0012867344969630067,2518,ENSG00000167614,TTYH1
ENSG00000133488.14,0.0012866467032168188,2519,ENSG00000133488,SEC14L4
ENSG00000105976.14,0.001286317073056995,2520,ENSG00000105976,MET
ENSG00000198910.12,0.0012862962609210679,2521,ENSG00000198910,L1CAM
ENSG00000111879.18,0.0012856972164885373,2522,ENSG00000111879,FAM184A
ENSG00000082293.12,0.0012851557388650172,2523,ENSG00000082293,COL19A1
ENSG00000178860.8,0.0012850590405162308,2524,ENSG00000178860,MSC
ENSG00000090659.17,0.0012846661380436879,2525,ENSG00000090659,CD209
ENSG00000254715.3,0.0012845811676788152,2526,ENSG00000254715,OR7E154P
ENSG00000077063.10,0.001284494024966739,2527,ENSG00000077063,CTTNBP2
ENSG00000167306.18,0.0012844340477195394,2528,ENSG00000167306,MYO5B
ENSG00000225492.6,0.0012843919660552392,2529,ENSG00000225492,GBP1P1
ENSG00000140279.12,0.0012842735266282174,2530,ENSG00000140279,DUOX2
ENSG00000232110.7,0.001284032384920097,2531,ENSG00000232110,ENSG00000232110
ENSG00000270885.1,0.0012838056084654012,2532,ENSG00000270885,RASL10B
ENSG00000141469.16,0.0012836616409398751,2533,ENSG00000141469,SLC14A1
ENSG00000123405.13,0.0012836450408583258,2534,ENSG00000123405,NFE2
ENSG00000064270.12,0.00128353643090037,2535,ENSG00000064270,ATP2C2
ENSG00000206052.10,0.001283434616754403,2536,ENSG00000206052,DOK6
ENSG00000277559.1,0.0012833762790433769,2537,ENSG00000277559,ENSG00000277559
ENSG00000166428.12,0.0012832915585996888,2538,ENSG00000166428,PLD4
ENSG00000188676.13,0.001283234336109652,2539,ENSG00000188676,IDO2
ENSG00000170370.11,0.0012831717153206368,2540,ENSG00000170370,EMX2
ENSG00000169550.12,0.0012831454831677533,2541,ENSG00000169550,MUC15
ENSG00000137077.7,0.0012831189604658642,2542,ENSG00000137077,CCL21
ENSG00000172322.13,0.0012828877544859387,2543,ENSG00000172322,CLEC12A
ENSG00000138685.12,0.0012828720846315943,2544,ENSG00000138685,FGF2
ENSG00000214273.4,0.0012826568303370962,2545,ENSG00000214273,AGGF1P1
ENSG00000103257.8,0.0012824275608775684,2546,ENSG00000103257,SLC7A5
ENSG00000180438.14,0.001282371373291468,2547,ENSG00000180438,TPRXL
ENSG00000235023.1,0.0012822543742755125,2548,ENSG00000235023,ENSG00000235023
ENSG00000185052.11,0.0012819477223160404,2549,ENSG00000185052,SLC24A3
ENSG00000186417.13,0.0012819043982209466,2550,ENSG00000186417,GLDN
ENSG00000123388.4,0.0012816218575788503,2551,ENSG00000123388,HOXC11
ENSG00000230316.6,0.001281521795354022,2552,ENSG00000230316,FEZF1-AS1
ENSG00000269289.5,0.001280462173010628,2553,ENSG00000269289,ZNF276-AS1
ENSG00000203697.11,0.0012801786278882332,2554,ENSG00000203697,CAPN8
ENSG00000140832.9,0.0012798974219030241,2555,ENSG00000140832,MARVELD3
ENSG00000198788.8,0.001279752060788542,2556,ENSG00000198788,MUC2
ENSG00000087237.10,0.001279618822152264,2557,ENSG00000087237,CETP
ENSG00000142623.9,0.0012796031807519506,2558,ENSG00000142623,PADI1
ENSG00000182162.9,0.001279568078774314,2559,ENSG00000182162,P2RY8
ENSG00000222033.1,0.0012795667330514633,2560,ENSG00000222033,LINC01124
ENSG00000151224.12,0.001279114185919439,2561,ENSG00000151224,MAT1A
ENSG00000112655.15,0.0012789163047954228,2562,ENSG00000112655,PTK7
ENSG00000149968.11,0.0012788682743316382,2563,ENSG00000149968,MMP3
ENSG00000152939.14,0.0012787809670626229,2564,ENSG00000152939,MARVELD2
ENSG00000114771.13,0.0012786429724003985,2565,ENSG00000114771,AADAC
ENSG00000224769.1,0.0012785122641268203,2566,ENSG00000224769,MUC20P1
ENSG00000185666.14,0.0012782836927515515,2567,ENSG00000185666,SYN3
ENSG00000165105.9,0.0012782267318249751,2568,ENSG00000165105,RASEF
ENSG00000133083.14,0.0012781641645212302,2569,ENSG00000133083,DCLK1
ENSG00000164796.17,0.0012781601127016232,2570,ENSG00000164796,CSMD3
ENSG00000204618.8,0.001278095112086059,2571,ENSG00000204618,RNF39
ENSG00000114455.13,0.0012777881449277163,2572,ENSG00000114455,HHLA2
ENSG00000172551.10,0.0012776830861159353,2573,ENSG00000172551,MUCL1
ENSG00000235162.8,0.0012774498836178078,2574,ENSG00000235162,C12orf75
ENSG00000205562.2,0.0012771624275103525,2575,ENSG00000205562,FLRT2-AS1
ENSG00000108700.4,0.0012769890466901024,2576,ENSG00000108700,CCL8
ENSG00000164220.6,0.0012769344954418462,2577,ENSG00000164220,F2RL2
ENSG00000135083.14,0.0012768901471313207,2578,ENSG00000135083,CCNJL
ENSG00000225950.7,0.0012768812139425986,2579,ENSG00000225950,NTF4
ENSG00000245164.6,0.001276853036097733,2580,ENSG00000245164,LINC00861
ENSG00000148677.6,0.0012762508904789348,2581,ENSG00000148677,ANKRD1
ENSG00000166825.13,0.0012762430209137048,2582,ENSG00000166825,ANPEP
ENSG00000142512.14,0.001276113612519715,2583,ENSG00000142512,SIGLEC10
ENSG00000175130.6,0.0012755107186757045,2584,ENSG00000175130,MARCKSL1
ENSG00000188833.9,0.0012747992714561246,2585,ENSG00000188833,ENTPD8
ENSG00000146276.11,0.001274769445030377,2586,ENSG00000146276,GABRR1
ENSG00000268790.5,0.001274720558866349,2587,ENSG00000268790,ENSG00000268790
ENSG00000130762.14,0.0012745044240996956,2588,ENSG00000130762,ARHGEF16
ENSG00000043039.6,0.0012744524528291857,2589,ENSG00000043039,BARX2
ENSG00000181631.6,0.0012743478385503864,2590,ENSG00000181631,P2RY13
ENSG00000239704.10,0.0012741639344808937,2591,ENSG00000239704,CDRT4
ENSG00000248583.1,0.0012739686986385954,2592,ENSG00000248583,ENSG00000248583
ENSG00000269994.1,0.0012733584168702634,2593,ENSG00000269994,LINC02893
ENSG00000143590.13,0.0012733379598600426,2594,ENSG00000143590,EFNA3
ENSG00000174788.9,0.0012733206808804062,2595,ENSG00000174788,PCP2
ENSG00000204174.6,0.0012732865529193715,2596,ENSG00000204174,NPY4R
ENSG00000268861.5,0.0012731189371942232,2597,ENSG00000268861,ENSG00000268861
ENSG00000185862.6,0.0012730511583485076,2598,ENSG00000185862,EVI2B
ENSG00000214999.3,0.0012729653322287571,2599,ENSG00000214999,ENSG00000214999
ENSG00000101280.7,0.001272287088151717,2600,ENSG00000101280,ANGPT4
ENSG00000231439.4,0.0012720628737743053,2601,ENSG00000231439,WASIR2
ENSG00000261821.2,0.0012717426972143312,2602,ENSG00000261821,ENSG00000261821
ENSG00000260272.1,0.0012713386215746525,2603,ENSG00000260272,ENSG00000260272
ENSG00000137975.7,0.0012709472084690202,2604,ENSG00000137975,CLCA2
ENSG00000198796.6,0.0012707088726339583,2605,ENSG00000198796,ALPK2
ENSG00000147655.10,0.0012706211024606302,2606,ENSG00000147655,RSPO2
ENSG00000181409.11,0.001270581586190711,2607,ENSG00000181409,LMTK1
ENSG00000222328.1,0.0012702873156101913,2608,ENSG00000222328,RNU2-2
ENSG00000125384.6,0.0012702456256650685,2609,ENSG00000125384,PTGER2
ENSG00000055813.5,0.0012701846867187153,2610,ENSG00000055813,CCDC85A
ENSG00000153707.15,0.0012700031054248741,2611,ENSG00000153707,PTPRD
ENSG00000228278.3,0.0012698832091827296,2612,ENSG00000228278,ORM2
ENSG00000168672.3,0.0012698755873439083,2613,ENSG00000168672,LRATD2
ENSG00000266992.1,0.0012698572669210737,2614,ENSG00000266992,DHX40P1
ENSG00000170927.14,0.0012694808386372457,2615,ENSG00000170927,PKHD1
ENSG00000234431.2,0.001268975202417737,2616,ENSG00000234431,ENSG00000234431
ENSG00000168843.13,0.0012688013580270288,2617,ENSG00000168843,FSTL5
ENSG00000139044.10,0.0012687870583853427,2618,ENSG00000139044,B4GALNT3
ENSG00000139200.13,0.0012686996944849935,2619,ENSG00000139200,PIANP
ENSG00000177685.16,0.0012686618820573613,2620,ENSG00000177685,CRACR2B
ENSG00000214814.6,0.0012675585053217048,2621,ENSG00000214814,FER1L6
ENSG00000189398.5,0.0012671039417331384,2622,ENSG00000189398,OR7E12P
ENSG00000261488.1,0.001267047778805972,2623,ENSG00000261488,TBILA
ENSG00000259498.1,0.0012669720867254095,2624,ENSG00000259498,TPM1-AS
ENSG00000121743.3,0.0012669224992365709,2625,ENSG00000121743,GJA3
ENSG00000124205.15,0.001266596255865847,2626,ENSG00000124205,EDN3
ENSG00000171227.6,0.0012664701373147206,2627,ENSG00000171227,TMEM37
ENSG00000165061.14,0.0012663804243018984,2628,ENSG00000165061,ZMAT4
ENSG00000162494.5,0.00126628123342085,2629,ENSG00000162494,LRRC38
ENSG00000159556.9,0.0012662700428794566,2630,ENSG00000159556,ISL2
ENSG00000255090.5,0.0012662109682328182,2631,ENSG00000255090,ENSG00000255090
ENSG00000143365.16,0.001266095881913436,2632,ENSG00000143365,RORC
ENSG00000179399.13,0.0012655979806025198,2633,ENSG00000179399,GPC5
ENSG00000164076.16,0.0012655627588255593,2634,ENSG00000164076,CAMKV
ENSG00000019169.10,0.0012653997829306443,2635,ENSG00000019169,MARCO
ENSG00000188338.14,0.001265253661612186,2636,ENSG00000188338,SLC38A3
ENSG00000268307.1,0.001264480964648962,2637,ENSG00000268307,LINC02560
ENSG00000184731.5,0.0012642375367688276,2638,ENSG00000184731,FAM110C
ENSG00000214733.8,0.0012640762510200652,2639,ENSG00000214733,ENSG00000214733
ENSG00000109956.12,0.0012637774533749216,2640,ENSG00000109956,B3GAT1
ENSG00000137875.4,0.0012637511757821983,2641,ENSG00000137875,BCL2L10
ENSG00000122852.14,0.001263632562296312,2642,ENSG00000122852,SFTPA1
ENSG00000130475.14,0.0012634965205822674,2643,ENSG00000130475,FCHO1
ENSG00000279809.1,0.0012634144544104028,2644,ENSG00000279809,ENSG00000279809
ENSG00000071909.18,0.0012633915188434103,2645,ENSG00000071909,MYO3B
ENSG00000117707.15,0.0012633204847742187,2646,ENSG00000117707,PROX1
ENSG00000130829.17,0.0012631127960629925,2647,ENSG00000130829,DUSP9
ENSG00000198576.3,0.0012624582058008702,2648,ENSG00000198576,ARC
ENSG00000277639.1,0.0012623829655239176,2649,ENSG00000277639,CHD9NB
ENSG00000181218.5,0.0012620230063027818,2650,ENSG00000181218,H2AC25
ENSG00000226887.7,0.0012620068914321308,2651,ENSG00000226887,ERVMER34-1
ENSG00000240694.8,0.001261863017966887,2652,ENSG00000240694,PNMA2
ENSG00000253187.2,0.0012617073647480032,2653,ENSG00000253187,HOXA10-AS
ENSG00000092051.16,0.0012615867371909102,2654,ENSG00000092051,JPH4
ENSG00000235961.5,0.00126140478043145,2655,ENSG00000235961,PNMA6A
ENSG00000163618.17,0.001261204227877651,2656,ENSG00000163618,CADPS
ENSG00000151967.18,0.0012611182208789797,2657,ENSG00000151967,SCHIP1
ENSG00000127472.10,0.0012610506392970221,2658,ENSG00000127472,PLA2G5
ENSG00000113494.16,0.0012610439151051124,2659,ENSG00000113494,PRLR
ENSG00000267059.2,0.0012608557696250568,2660,ENSG00000267059,ENSG00000267059
ENSG00000182742.5,0.001260733452843603,2661,ENSG00000182742,HOXB4
ENSG00000066382.16,0.0012606617357049843,2662,ENSG00000066382,MPPED2
ENSG00000280255.1,0.00126057857650249,2663,ENSG00000280255,ENSG00000280255
ENSG00000175928.5,0.0012605781283398854,2664,ENSG00000175928,LRRN1
ENSG00000117394.19,0.0012603277847369448,2665,ENSG00000117394,SLC2A1
ENSG00000231345.3,0.0012602913662027643,2666,ENSG00000231345,BEND3P1
ENSG00000109182.11,0.0012600699108968078,2667,ENSG00000109182,CWH43
ENSG00000183019.7,0.0012600613147993715,2668,ENSG00000183019,MCEMP1
ENSG00000133067.17,0.0012600164535813512,2669,ENSG00000133067,LGR6
ENSG00000017483.14,0.00125919574775188,2670,ENSG00000017483,SLC38A5
ENSG00000101916.11,0.0012590114403485324,2671,ENSG00000101916,TLR8
ENSG00000082482.13,0.0012587952810610744,2672,ENSG00000082482,KCNK2
ENSG00000124664.10,0.001258390105729298,2673,ENSG00000124664,SPDEF
ENSG00000261684.1,0.0012581310964033976,2674,ENSG00000261684,ENSG00000261684
ENSG00000164932.12,0.0012580683206981976,2675,ENSG00000164932,CTHRC1
ENSG00000198075.9,0.0012574052994005858,2676,ENSG00000198075,SULT1C4
ENSG00000249853.7,0.0012571389716233483,2677,ENSG00000249853,HS3ST5
ENSG00000206120.11,0.0012567179057157512,2678,ENSG00000206120,EGFEM1P
ENSG00000136099.13,0.0012566902127899141,2679,ENSG00000136099,PCDH8
ENSG00000138316.10,0.0012564812527523408,2680,ENSG00000138316,ADAMTS14
ENSG00000230267.7,0.0012564209828506325,2681,ENSG00000230267,HERC2P4
ENSG00000163207.6,0.001256301906852,2682,ENSG00000163207,IVL
ENSG00000187773.8,0.0012559041423223468,2683,ENSG00000187773,DIPK1C
ENSG00000172987.12,0.0012554907296930928,2684,ENSG00000172987,HPSE2
ENSG00000156463.17,0.0012554492651108901,2685,ENSG00000156463,SH3RF2
ENSG00000122824.10,0.0012552084365982132,2686,ENSG00000122824,NUDT10
ENSG00000171517.5,0.001255007586136638,2687,ENSG00000171517,LPAR3
ENSG00000168350.7,0.0012549184841547584,2688,ENSG00000168350,DEGS2
ENSG00000105967.15,0.001254750675707885,2689,ENSG00000105967,TFEC
ENSG00000275410.4,0.0012547306634323196,2690,ENSG00000275410,HNF1B
ENSG00000164309.14,0.0012543906675408429,2691,ENSG00000164309,CMYA5
ENSG00000171533.11,0.0012541210028837796,2692,ENSG00000171533,MAP6
ENSG00000110876.9,0.001253829477110047,2693,ENSG00000110876,SELPLG
ENSG00000132938.18,0.0012537948822205958,2694,ENSG00000132938,MTUS2
ENSG00000110400.10,0.0012534361403962779,2695,ENSG00000110400,NECTIN1
ENSG00000281406.1,0.0012531488745884162,2696,ENSG00000281406,BLACAT1
ENSG00000259120.2,0.0012529771878901175,2697,ENSG00000259120,ERLN
ENSG00000047597.5,0.0012526186376747978,2698,ENSG00000047597,XK
ENSG00000106537.7,0.001252616901729669,2699,ENSG00000106537,TSPAN13
ENSG00000179083.6,0.0012522990751994943,2700,ENSG00000179083,FAM133A
ENSG00000189120.4,0.0012522893828616417,2701,ENSG00000189120,SP6
ENSG00000236699.8,0.0012521309234137393,2702,ENSG00000236699,ARHGEF38
ENSG00000259129.5,0.0012517217436209475,2703,ENSG00000259129,LINC00648
ENSG00000189280.3,0.001251592734332739,2704,ENSG00000189280,GJB5
ENSG00000105989.8,0.0012515235011426732,2705,ENSG00000105989,WNT2
ENSG00000227471.8,0.0012514880496289457,2706,ENSG00000227471,AKR1B15
ENSG00000120093.11,0.00125133928713907,2707,ENSG00000120093,HOXB3
ENSG00000132514.13,0.0012511098065174976,2708,ENSG00000132514,CLEC10A
ENSG00000082556.10,0.001251026072967498,2709,ENSG00000082556,OPRK1
ENSG00000178773.14,0.0012508538362015378,2710,ENSG00000178773,CPNE7
ENSG00000205426.10,0.0012508040250403735,2711,ENSG00000205426,KRT81
ENSG00000188064.9,0.0012503910927368247,2712,ENSG00000188064,WNT7B
ENSG00000251003.7,0.0012502424754435835,2713,ENSG00000251003,ZFPM2-AS1
ENSG00000133110.14,0.0012500976873588727,2714,ENSG00000133110,POSTN
ENSG00000146072.6,0.0012500676742534242,2715,ENSG00000146072,TNFRSF21
ENSG00000173917.10,0.0012498928832203695,2716,ENSG00000173917,HOXB2
ENSG00000267530.2,0.0012498832931011619,2717,ENSG00000267530,LINC01836
ENSG00000003989.16,0.0012496183714701906,2718,ENSG00000003989,SLC7A2
ENSG00000106327.12,0.0012492681598671054,2719,ENSG00000106327,TFR2
ENSG00000227632.2,0.001249209222120989,2720,ENSG00000227632,ENSG00000227632
ENSG00000167633.16,0.0012485020300456433,2721,ENSG00000167633,KIR3DL1
ENSG00000132837.14,0.0012483272166520169,2722,ENSG00000132837,DMGDH
ENSG00000197822.10,0.0012482749641684204,2723,ENSG00000197822,OCLN
ENSG00000235049.1,0.0012482201801168806,2724,ENSG00000235049,LINC00940
ENSG00000279333.1,0.001247748534913438,2725,ENSG00000279333,ENSG00000279333
ENSG00000138109.9,0.001247479775941066,2726,ENSG00000138109,CYP2C9
ENSG00000145864.12,0.00124723335789127,2727,ENSG00000145864,GABRB2
ENSG00000113722.16,0.001246704052890818,2728,ENSG00000113722,CDX1
ENSG00000127074.14,0.0012462181494906895,2729,ENSG00000127074,RGS13
ENSG00000013297.10,0.0012455144305326964,2730,ENSG00000013297,CLDN11
ENSG00000135127.11,0.0012453319519063998,2731,ENSG00000135127,BICDL1
ENSG00000249624.8,0.001245322373671712,2732,ENSG00000249624,IFNAR2-IL10RB
ENSG00000166840.13,0.0012451998963958718,2733,ENSG00000166840,GLYATL1
ENSG00000103485.17,0.0012448595520457132,2734,ENSG00000103485,QPRT
ENSG00000254706.2,0.001244777631289216,2735,ENSG00000254706,ENSG00000254706
ENSG00000228594.3,0.0012447175411605261,2736,ENSG00000228594,FNDC10
ENSG00000187116.13,0.0012446918166817986,2737,ENSG00000187116,LILRA5
ENSG00000150471.15,0.0012446626961450848,2738,ENSG00000150471,ADGRL3
ENSG00000168995.13,0.0012444709482850992,2739,ENSG00000168995,SIGLEC7
ENSG00000189212.12,0.0012439165161790165,2740,ENSG00000189212,DPY19L2P1
ENSG00000103569.9,0.0012438136805313566,2741,ENSG00000103569,AQP9
ENSG00000130600.15,0.0012435658213556273,2742,ENSG00000130600,H19
ENSG00000182379.9,0.0012434452317628018,2743,ENSG00000182379,NXPH4
ENSG00000182916.7,0.0012432241327659497,2744,ENSG00000182916,TCEAL7
ENSG00000204044.6,0.0012429969662390995,2745,ENSG00000204044,SLC12A5-AS1
ENSG00000255794.6,0.0012429154372405144,2746,ENSG00000255794,RMST
ENSG00000188322.4,0.0012427856174194376,2747,ENSG00000188322,SBK1
ENSG00000198099.8,0.0012422829029380058,2748,ENSG00000198099,ADH4
ENSG00000160200.17,0.0012421953956551208,2749,ENSG00000160200,CBS
ENSG00000087116.13,0.0012418652982079577,2750,ENSG00000087116,ADAMTS2
ENSG00000134317.17,0.0012404477479362002,2751,ENSG00000134317,GRHL1
ENSG00000196557.10,0.0012402253327314931,2752,ENSG00000196557,CACNA1H
ENSG00000088882.7,0.0012398734216314269,2753,ENSG00000088882,CPXM1
ENSG00000254894.1,0.0012396769223299087,2754,ENSG00000254894,NAV2-AS1
ENSG00000166589.12,0.001238791091544519,2755,ENSG00000166589,CDH16
ENSG00000116147.16,0.0012385255878686952,2756,ENSG00000116147,TNR
ENSG00000182389.18,0.0012384968123700017,2757,ENSG00000182389,CACNB4
ENSG00000158258.15,0.0012384239060580623,2758,ENSG00000158258,CLSTN2
ENSG00000009765.14,0.0012382401541715445,2759,ENSG00000009765,IYD
ENSG00000118473.21,0.0012379401684622995,2760,ENSG00000118473,SGIP1
ENSG00000164093.15,0.0012379191892837739,2761,ENSG00000164093,PITX2
ENSG00000234685.1,0.0012377734349102584,2762,ENSG00000234685,NUS1P2
ENSG00000147676.13,0.001237469938067838,2763,ENSG00000147676,MAL2
ENSG00000108342.12,0.0012369355004005248,2764,ENSG00000108342,CSF3
ENSG00000165379.13,0.0012369233969696614,2765,ENSG00000165379,LRFN5
ENSG00000223382.3,0.0012361718495200505,2766,ENSG00000223382,LINC01778
ENSG00000187758.7,0.0012358516879900831,2767,ENSG00000187758,ADH1A
ENSG00000267078.1,0.0012355465059635852,2768,ENSG00000267078,ENSG00000267078
ENSG00000250232.1,0.0012353832033352343,2769,ENSG00000250232,ENSG00000250232
ENSG00000272921.1,0.001235381896883565,2770,ENSG00000272921,ENSG00000272921
ENSG00000168447.10,0.0012351691845065038,2771,ENSG00000168447,SCNN1B
ENSG00000169594.12,0.001235059473210758,2772,ENSG00000169594,BNC1
ENSG00000177272.8,0.001235004937506979,2773,ENSG00000177272,KCNA3
ENSG00000113396.12,0.0012344750542786199,2774,ENSG00000113396,SLC27A6
ENSG00000261754.2,0.0012344068991144547,2775,ENSG00000261754,ENSG00000261754
ENSG00000104267.9,0.001234373398313795,2776,ENSG00000104267,CA2
ENSG00000187094.11,0.0012341029913756924,2777,ENSG00000187094,CCK
ENSG00000178776.4,0.0012340179447158366,2778,ENSG00000178776,C5orf46
ENSG00000255301.1,0.0012339329187387295,2779,ENSG00000255301,ENSG00000255301
ENSG00000139292.12,0.0012336556199624043,2780,ENSG00000139292,LGR5
ENSG00000156113.20,0.0012333370865585886,2781,ENSG00000156113,KCNMA1
ENSG00000089169.14,0.0012333336978277974,2782,ENSG00000089169,RPH3A
ENSG00000162522.10,0.0012332542458859095,2783,ENSG00000162522,NHSL3
ENSG00000188001.9,0.0012329812343847579,2784,ENSG00000188001,TPRG1
ENSG00000270933.1,0.0012327079747123328,2785,ENSG00000270933,ENSG00000270933
ENSG00000113946.3,0.0012323972143174489,2786,ENSG00000113946,CLDN16
ENSG00000128710.5,0.0012321669295394925,2787,ENSG00000128710,HOXD10
ENSG00000015413.9,0.0012319214356473636,2788,ENSG00000015413,DPEP1
ENSG00000162391.11,0.0012318139315589764,2789,ENSG00000162391,FAM151A
ENSG00000184937.12,0.0012315310649109988,2790,ENSG00000184937,WT1
ENSG00000139352.3,0.0012313283587837393,2791,ENSG00000139352,ASCL1
ENSG00000157005.3,0.001230679522732594,2792,ENSG00000157005,SST
ENSG00000275740.1,0.0012306184877240729,2793,ENSG00000275740,RBM27-POU4F3
ENSG00000180745.4,0.0012304227658552914,2794,ENSG00000180745,CLRN3
ENSG00000169903.6,0.00122968614520656,2795,ENSG00000169903,TM4SF4
ENSG00000125735.10,0.0012293379812960933,2796,ENSG00000125735,TNFSF14
ENSG00000180871.7,0.0012293134891220255,2797,ENSG00000180871,CXCR2
ENSG00000134343.12,0.001229252381125801,2798,ENSG00000134343,ANO3
ENSG00000205336.11,0.001229210403977403,2799,ENSG00000205336,ADGRG1
ENSG00000145794.16,0.001229153184291664,2800,ENSG00000145794,MEGF10
ENSG00000228956.8,0.0012290977544492658,2801,ENSG00000228956,SATB1-AS1
ENSG00000147465.11,0.0012289035391232646,2802,ENSG00000147465,STAR
ENSG00000129654.7,0.0012282539605335673,2803,ENSG00000129654,FOXJ1
ENSG00000270607.1,0.0012282180019395127,2804,ENSG00000270607,LEISA1
ENSG00000184564.8,0.0012281374764654344,2805,ENSG00000184564,SLITRK6
ENSG00000170231.15,0.0012281146984641283,2806,ENSG00000170231,FABP6
ENSG00000134013.15,0.0012278574946638103,2807,ENSG00000134013,LOXL2
ENSG00000151632.16,0.00122783523691613,2808,ENSG00000151632,AKR1C2
ENSG00000267459.1,0.0012277604477116302,2809,ENSG00000267459,ENSG00000267459
ENSG00000259153.1,0.001227723319534412,2810,ENSG00000259153,MAP3K9-DT
ENSG00000139155.8,0.0012275377074512706,2811,ENSG00000139155,SLCO1C1
ENSG00000101311.15,0.0012273988103800385,2812,ENSG00000101311,FERMT1
ENSG00000105997.22,0.0012273191540095735,2813,ENSG00000105997,HOXA3
ENSG00000152315.4,0.0012272837850975174,2814,ENSG00000152315,KCNK13
ENSG00000143194.12,0.0012265745675507545,2815,ENSG00000143194,MAEL
ENSG00000167749.11,0.0012264869191533564,2816,ENSG00000167749,KLK4
ENSG00000160867.14,0.0012262703528390247,2817,ENSG00000160867,FGFR4
ENSG00000165323.15,0.0012261383565591603,2818,ENSG00000165323,FAT3
ENSG00000064195.7,0.0012259793008624275,2819,ENSG00000064195,DLX3
ENSG00000085265.10,0.0012256593360165683,2820,ENSG00000085265,FCN1
ENSG00000101825.7,0.0012256212012857984,2821,ENSG00000101825,MXRA5
ENSG00000163735.6,0.0012253973936562524,2822,ENSG00000163735,CXCL5
ENSG00000173391.8,0.0012246737678851926,2823,ENSG00000173391,OLR1
ENSG00000265179.6,0.0012243840395244252,2824,ENSG00000265179,ENSG00000265179
ENSG00000181019.12,0.0012240814203495621,2825,ENSG00000181019,NQO1
ENSG00000172461.10,0.0012240465157690363,2826,ENSG00000172461,FUT9
ENSG00000240668.1,0.0012239928274735397,2827,ENSG00000240668,KRT8P36
ENSG00000188933.14,0.0012239409622808032,2828,ENSG00000188933,USP32P1
ENSG00000273204.1,0.0012237248487024484,2829,ENSG00000273204,ENSG00000273204
ENSG00000095752.6,0.0012225218554014184,2830,ENSG00000095752,IL11
ENSG00000196353.11,0.0012222351749018117,2831,ENSG00000196353,CPNE4
ENSG00000144278.14,0.0012219588290210378,2832,ENSG00000144278,GALNT13
ENSG00000182601.6,0.0012218247795942325,2833,ENSG00000182601,HS3ST4
ENSG00000115596.3,0.0012217997913842337,2834,ENSG00000115596,WNT6
ENSG00000171119.2,0.001221307694072706,2835,ENSG00000171119,NRTN
ENSG00000185306.12,0.001221188004361004,2836,ENSG00000185306,C12orf56
ENSG00000272196.2,0.0012211295842135467,2837,ENSG00000272196,ENSG00000272196
ENSG00000184669.7,0.0012206933783788136,2838,ENSG00000184669,OR7E14P
ENSG00000091656.15,0.0012206061294250483,2839,ENSG00000091656,ZFHX4
ENSG00000070729.13,0.0012206014926389925,2840,ENSG00000070729,CNGB1
ENSG00000251095.6,0.0012203422830352494,2841,ENSG00000251095,LOC105377329
ENSG00000138356.13,0.0012202783145434627,2842,ENSG00000138356,AOX1
ENSG00000173267.13,0.0012194737850943949,2843,ENSG00000173267,SNCG
ENSG00000138696.10,0.0012194520160604201,2844,ENSG00000138696,BMPR1B
ENSG00000075340.22,0.0012189012539359934,2845,ENSG00000075340,ADD2
ENSG00000166407.13,0.0012188790011692006,2846,ENSG00000166407,LMO1
ENSG00000156076.9,0.001218699381829124,2847,ENSG00000156076,WIF1
ENSG00000101955.14,0.0012178239779354412,2848,ENSG00000101955,SRPX
ENSG00000117477.12,0.0012176757601524942,2849,ENSG00000117477,CCDC181
ENSG00000176595.3,0.0012176642741499534,2850,ENSG00000176595,KBTBD11
ENSG00000205236.6,0.0012176426278972296,2851,ENSG00000205236,ENSG00000205236
ENSG00000172403.10,0.0012175927800198202,2852,ENSG00000172403,SYNPO2
ENSG00000116299.16,0.0012175550724440004,2853,ENSG00000116299,ELAPOR1
ENSG00000168913.6,0.0012173048891779698,2854,ENSG00000168913,ENHO
ENSG00000235563.1,0.0012172855742616285,2855,ENSG00000235563,ENSG00000235563
ENSG00000105664.10,0.0012172372242553234,2856,ENSG00000105664,COMP
ENSG00000250056.5,0.0012169074084014528,2857,ENSG00000250056,LINC01018
ENSG00000271579.1,0.001216762476442557,2858,ENSG00000271579,ENSG00000271579
ENSG00000170786.12,0.0012166795516094227,2859,ENSG00000170786,SDR16C5
ENSG00000254369.6,0.0012163219486372018,2860,ENSG00000254369,HOXA-AS3
ENSG00000196136.16,0.0012160508387982982,2861,ENSG00000196136,SERPINA3
ENSG00000105219.8,0.0012160383747330046,2862,ENSG00000105219,CCNP
ENSG00000249948.6,0.0012159610240145386,2863,ENSG00000249948,GBA3
ENSG00000130876.11,0.0012157369588261828,2864,ENSG00000130876,SLC7A10
ENSG00000103034.14,0.0012155437932476335,2865,ENSG00000103034,NDRG4
ENSG00000196990.8,0.0012154143681047925,2866,ENSG00000196990,FAM163B
ENSG00000010379.15,0.0012153926508296788,2867,ENSG00000010379,SLC6A13
ENSG00000223485.1,0.0012151519826116084,2868,ENSG00000223485,LINC01615
ENSG00000133048.12,0.0012149635899353676,2869,ENSG00000133048,CHI3L1
ENSG00000178150.8,0.0012148213792780077,2870,ENSG00000178150,ZNF114
ENSG00000253552.7,0.0012146727140148648,2871,ENSG00000253552,HOXA-AS2
ENSG00000164946.19,0.001214477115268228,2872,ENSG00000164946,FREM1
ENSG00000154493.17,0.0012144296466987479,2873,ENSG00000154493,C10orf90
ENSG00000152377.12,0.0012143752416546776,2874,ENSG00000152377,SPOCK1
ENSG00000230928.1,0.001213981474777109,2875,ENSG00000230928,ENSG00000230928
ENSG00000090104.11,0.0012139784312838046,2876,ENSG00000090104,RGS1
ENSG00000165171.10,0.001213815351234474,2877,ENSG00000165171,METTL27
ENSG00000137203.10,0.0012137541419171016,2878,ENSG00000137203,TFAP2A
ENSG00000117594.9,0.0012128204487418912,2879,ENSG00000117594,HSD11B1
ENSG00000178401.14,0.0012125186794515698,2880,ENSG00000178401,DNAJC22
ENSG00000251194.2,0.0012123927882470241,2881,ENSG00000251194,ENSG00000251194
ENSG00000170214.3,0.0012123712992846251,2882,ENSG00000170214,ADRA1B
ENSG00000196581.10,0.0012122159828783466,2883,ENSG00000196581,AJAP1
ENSG00000119514.6,0.0012121777736704266,2884,ENSG00000119514,GALNT12
ENSG00000198848.12,0.0012119801069610742,2885,ENSG00000198848,CES1
ENSG00000101850.12,0.0012118538669737258,2886,ENSG00000101850,GPR143
ENSG00000215837.7,0.0012116670223236863,2887,ENSG00000215837,SDHAP2
ENSG00000163586.9,0.0012115413359782346,2888,ENSG00000163586,FABP1
ENSG00000142611.16,0.0012113286115581431,2889,ENSG00000142611,PRDM16
ENSG00000124143.10,0.0012101238565771699,2890,ENSG00000124143,ARHGAP40
ENSG00000167588.12,0.0012099167206582211,2891,ENSG00000167588,GPD1
ENSG00000181374.7,0.001209851836463206,2892,ENSG00000181374,CCL13
ENSG00000146530.11,0.001209646618058795,2893,ENSG00000146530,VWDE
ENSG00000153789.12,0.001209645507304504,2894,ENSG00000153789,CIBAR2
ENSG00000131668.13,0.001209631646615109,2895,ENSG00000131668,BARX1
ENSG00000170442.11,0.0012095880355177623,2896,ENSG00000170442,KRT86
ENSG00000257607.1,0.0012094163741604377,2897,ENSG00000257607,ENSG00000257607
ENSG00000187134.12,0.001209131566184957,2898,ENSG00000187134,AKR1C1
ENSG00000107984.9,0.0012089359227045913,2899,ENSG00000107984,DKK1
ENSG00000183117.17,0.0012087501069120274,2900,ENSG00000183117,CSMD1
ENSG00000273442.1,0.0012087223036717724,2901,ENSG00000273442,ENSG00000273442
ENSG00000156510.12,0.0012082772411804378,2902,ENSG00000156510,HKDC1
ENSG00000255277.3,0.0012080165732693382,2903,ENSG00000255277,ABCC6P2
ENSG00000127831.10,0.0012078870681687338,2904,ENSG00000127831,VIL1
ENSG00000139329.4,0.0012078468675466685,2905,ENSG00000139329,LUM
ENSG00000122025.14,0.001207677244874271,2906,ENSG00000122025,FLT3
ENSG00000250334.5,0.001207436204905175,2907,ENSG00000250334,LINC00989
ENSG00000138100.13,0.0012072858908354462,2908,ENSG00000138100,TRIM54
ENSG00000144460.11,0.0012072529785197444,2909,ENSG00000144460,NYAP2
ENSG00000205663.5,0.0012069284087104502,2910,ENSG00000205663,ENSG00000205663
ENSG00000224163.4,0.001206854488022464,2911,ENSG00000224163,LOC392787
ENSG00000275793.1,0.0012068117644792181,2912,ENSG00000275793,RIMBP3
ENSG00000214076.3,0.0012066772932388282,2913,ENSG00000214076,CPSF1P1
ENSG00000102468.10,0.0012066396078923292,2914,ENSG00000102468,HTR2A
ENSG00000260122.1,0.0012064541268317476,2915,ENSG00000260122,ENSG00000260122
ENSG00000277586.1,0.0012058554695338153,2916,ENSG00000277586,NEFL
ENSG00000167419.10,0.0012053703524885777,2917,ENSG00000167419,LPO
ENSG00000168135.4,0.0012051055998194302,2918,ENSG00000168135,KCNJ4
ENSG00000151322.18,0.0012051052116732657,2919,ENSG00000151322,NPAS3
ENSG00000262943.7,0.0012048627123338405,2920,ENSG00000262943,ALOX12P2
ENSG00000186732.13,0.0012045769237616884,2921,ENSG00000186732,MPPED1
ENSG00000172005.10,0.0012045410426835526,2922,ENSG00000172005,MAL
ENSG00000262003.1,0.0012043581012253753,2923,ENSG00000262003,LOC101927727
ENSG00000183840.6,0.0012042300396294717,2924,ENSG00000183840,GPR39
ENSG00000118898.15,0.001204083657040516,2925,ENSG00000118898,PPL
ENSG00000254415.3,0.001203703214765419,2926,ENSG00000254415,SIGLEC14
ENSG00000161905.12,0.0012033857128185726,2927,ENSG00000161905,ALOX15
ENSG00000010932.15,0.0012024169893660602,2928,ENSG00000010932,FMO1
ENSG00000186998.15,0.0012024136902434967,2929,ENSG00000186998,EMID1
ENSG00000268416.1,0.0012021941920342149,2930,ENSG00000268416,ENSG00000268416
ENSG00000156475.18,0.0012016565309652045,2931,ENSG00000156475,PPP2R2B
ENSG00000162782.15,0.001201477903168193,2932,ENSG00000162782,TDRD5
ENSG00000279508.1,0.001201214850735211,2933,ENSG00000279508,ENSG00000279508
ENSG00000134917.9,0.0012009531505600608,2934,ENSG00000134917,ADAMTS8
ENSG00000184160.7,0.0012006732626416285,2935,ENSG00000184160,ADRA2C
ENSG00000153822.13,0.0012006659321870808,2936,ENSG00000153822,KCNJ16
ENSG00000106004.4,0.0012006030605384121,2937,ENSG00000106004,HOXA5
ENSG00000267640.5,0.0012003438428592132,2938,ENSG00000267640,ENSG00000267640
ENSG00000170439.6,0.0012002523396623427,2939,ENSG00000170439,TMT1B
ENSG00000188488.13,0.0012001026694250694,2940,ENSG00000188488,SERPINA5
ENSG00000164434.11,0.001199655144879832,2941,ENSG00000164434,FABP7
ENSG00000140600.16,0.0011995666456081357,2942,ENSG00000140600,SH3GL3
ENSG00000143847.15,0.0011994478449396193,2943,ENSG00000143847,PPFIA4
ENSG00000165816.12,0.0011993685597074515,2944,ENSG00000165816,VWA2
ENSG00000073756.11,0.001199155238332314,2945,ENSG00000073756,PTGS2
ENSG00000130940.14,0.0011990247142336216,2946,ENSG00000130940,CASZ1
ENSG00000165646.11,0.0011989672514956954,2947,ENSG00000165646,SLC18A2
ENSG00000196104.10,0.0011989585593921107,2948,ENSG00000196104,SPOCK3
ENSG00000277010.1,0.0011989552513940796,2949,ENSG00000277010,ENSG00000277010
ENSG00000078399.15,0.0011988729630926364,2950,ENSG00000078399,HOXA9
ENSG00000141622.13,0.0011988649107812803,2951,ENSG00000141622,ARK2C
ENSG00000198019.12,0.0011987109490736105,2952,ENSG00000198019,FCGR1BP
ENSG00000261115.5,0.0011986781328820492,2953,ENSG00000261115,TMEM178B
ENSG00000214940.8,0.0011981343808206296,2954,ENSG00000214940,NPIPA8
ENSG00000160307.9,0.001198067435361023,2955,ENSG00000160307,S100B
ENSG00000198723.10,0.0011976834436930866,2956,ENSG00000198723,SAXO5
ENSG00000175093.4,0.0011976508092012641,2957,ENSG00000175093,SPSB4
ENSG00000171246.5,0.00119762423292259,2958,ENSG00000171246,NPTX1
ENSG00000180178.10,0.0011974409126904852,2959,ENSG00000180178,FAR2P1
ENSG00000177519.3,0.0011972014362907981,2960,ENSG00000177519,RPRM
ENSG00000186897.4,0.0011971398819072617,2961,ENSG00000186897,C1QL4
ENSG00000185269.11,0.0011968309115748803,2962,ENSG00000185269,NOTUM
ENSG00000164749.11,0.0011967520045134783,2963,ENSG00000164749,HNF4G
ENSG00000237523.1,0.0011963736844815994,2964,ENSG00000237523,LINC00857
ENSG00000151136.14,0.0011963700623249674,2965,ENSG00000151136,ABTB3
ENSG00000075223.13,0.0011956292923525197,2966,ENSG00000075223,SEMA3C
ENSG00000134042.12,0.001195617167463069,2967,ENSG00000134042,MRO
ENSG00000139211.6,0.0011954945856088575,2968,ENSG00000139211,AMIGO2
ENSG00000279399.1,0.0011954819186955218,2969,ENSG00000279399,ENSG00000279399
ENSG00000162543.5,0.0011951516536462354,2970,ENSG00000162543,UBXN10
ENSG00000261786.1,0.0011947459800065825,2971,ENSG00000261786,ENSG00000261786
ENSG00000248485.1,0.0011947152209533425,2972,ENSG00000248485,PCP4L1
ENSG00000272508.1,0.0011943337333815873,2973,ENSG00000272508,ENSG00000272508
ENSG00000134775.15,0.0011941161845288664,2974,ENSG00000134775,FHOD3
ENSG00000169432.14,0.001194036619921657,2975,ENSG00000169432,SCN9A
ENSG00000120088.14,0.0011939933594843119,2976,ENSG00000120088,CRHR1
ENSG00000170579.14,0.0011930129974749301,2977,ENSG00000170579,DLGAP1
ENSG00000267466.1,0.0011927288128073506,2978,ENSG00000267466,ENSG00000267466
ENSG00000164647.8,0.001192693330115034,2979,ENSG00000164647,STEAP1
ENSG00000236751.1,0.0011925707476708092,2980,ENSG00000236751,LINC01186
ENSG00000258702.1,0.0011920285299460622,2981,ENSG00000258702,LOC105370645
ENSG00000182040.8,0.001191996272444933,2982,ENSG00000182040,USH1G
ENSG00000115380.18,0.0011919514362480374,2983,ENSG00000115380,EFEMP1
ENSG00000148702.14,0.0011917698330929905,2984,ENSG00000148702,HABP2
ENSG00000101197.12,0.0011916399586256565,2985,ENSG00000101197,BIRC7
ENSG00000135253.13,0.001191405314954998,2986,ENSG00000135253,KCP
ENSG00000126218.11,0.0011912650974261058,2987,ENSG00000126218,F10
ENSG00000113924.11,0.0011908794151358163,2988,ENSG00000113924,HGD
ENSG00000043355.10,0.001190849234612828,2989,ENSG00000043355,ZIC2
ENSG00000179593.15,0.0011905668108435044,2990,ENSG00000179593,ALOX15B
ENSG00000159337.6,0.0011905580648250028,2991,ENSG00000159337,PLA2G4D
ENSG00000104921.14,0.0011903705192666764,2992,ENSG00000104921,FCER2
ENSG00000105929.15,0.0011901242651903225,2993,ENSG00000105929,ATP6V0A4
ENSG00000275688.4,0.0011893563553930697,2994,ENSG00000275688,CCL15-CCL14
ENSG00000196169.14,0.0011890748328730989,2995,ENSG00000196169,KIF19
ENSG00000136274.8,0.001188972872224698,2996,ENSG00000136274,NACAD
ENSG00000100078.3,0.0011888595075599572,2997,ENSG00000100078,PLA2G3
ENSG00000203907.9,0.0011884038450756384,2998,ENSG00000203907,OOEP
ENSG00000162490.6,0.0011883569072395183,2999,ENSG00000162490,DRAXIN
ENSG00000158164.6,0.0011882787782197097,3000,ENSG00000158164,TMSB15A
ENSG00000173156.6,0.0011881485623891324,3001,ENSG00000173156,RHOD
ENSG00000135549.14,0.0011879997496789718,3002,ENSG00000135549,PKIB
ENSG00000187908.15,0.0011879283205841475,3003,ENSG00000187908,DMBT1
ENSG00000273032.1,0.0011877298403101364,3004,ENSG00000273032,DGCR5
ENSG00000259803.6,0.0011871861495729322,3005,ENSG00000259803,SLC22A31
ENSG00000170382.11,0.0011871830289296088,3006,ENSG00000170382,LRRN2
ENSG00000182132.12,0.001186559956639352,3007,ENSG00000182132,KCNIP1
ENSG00000229481.2,0.0011864430634987795,3008,ENSG00000229481,ENSG00000229481
ENSG00000169894.17,0.0011861359386082797,3009,ENSG00000169894,MUC3A
ENSG00000162849.15,0.001185189079780528,3010,ENSG00000162849,KIF26B
ENSG00000261105.5,0.0011849958076732652,3011,ENSG00000261105,LMO7-AS1
ENSG00000088827.12,0.0011849340202717126,3012,ENSG00000088827,SIGLEC1
ENSG00000247134.6,0.0011847482447157524,3013,ENSG00000247134,ENSG00000247134
ENSG00000074410.13,0.0011837862255772453,3014,ENSG00000074410,CA12
ENSG00000086570.12,0.0011835827899081583,3015,ENSG00000086570,FAT2
ENSG00000000005.5,0.0011833095229863229,3016,ENSG00000000005,TNMD
ENSG00000004468.12,0.001182816229084148,3017,ENSG00000004468,CD38
ENSG00000246465.1,0.0011825510786396894,3018,ENSG00000246465,LOC124903670
ENSG00000143196.4,0.00118246661231073,3019,ENSG00000143196,DPT
ENSG00000250264.1,0.0011822746968105323,3020,ENSG00000250264,ENSG00000250264
ENSG00000197360.9,0.0011820659939822467,3021,ENSG00000197360,ZNF98
ENSG00000159212.12,0.0011819515884733212,3022,ENSG00000159212,CLIC6
ENSG00000229314.5,0.0011816744249941258,3023,ENSG00000229314,ORM1
ENSG00000241794.1,0.001181465435623678,3024,ENSG00000241794,SPRR2A
ENSG00000149596.6,0.0011813381725698942,3025,ENSG00000149596,JPH2
ENSG00000132470.13,0.0011813135785869447,3026,ENSG00000132470,ITGB4
ENSG00000259288.5,0.001181042549630117,3027,ENSG00000259288,BUB1B-PAK6
ENSG00000172724.11,0.0011807447681185929,3028,ENSG00000172724,CCL19
ENSG00000196917.5,0.001180178414971494,3029,ENSG00000196917,HCAR1
ENSG00000110076.18,0.0011795402712390002,3030,ENSG00000110076,NRXN2
ENSG00000267432.5,0.0011794317105373031,3031,ENSG00000267432,DNAH17-AS1
ENSG00000264019.1,0.0011790815006325907,3032,ENSG00000264019,ENSG00000264019
ENSG00000165023.5,0.0011788907628583617,3033,ENSG00000165023,DIRAS2
ENSG00000065621.14,0.0011783746452892962,3034,ENSG00000065621,GSTO2
ENSG00000139445.17,0.0011783477661267434,3035,ENSG00000139445,FOXN4
ENSG00000180730.4,0.0011782912567647216,3036,ENSG00000180730,SHISA2
ENSG00000178796.12,0.0011782657437146916,3037,ENSG00000178796,RIIAD1
ENSG00000174175.16,0.0011776757874451414,3038,ENSG00000174175,SELP
ENSG00000181449.3,0.0011775721411991964,3039,ENSG00000181449,SOX2
ENSG00000250133.2,0.0011774300606614762,3040,ENSG00000250133,HOXC-AS2
ENSG00000141314.12,0.0011767062521353382,3041,ENSG00000141314,RHBDL3
ENSG00000165325.13,0.001176629559206825,3042,ENSG00000165325,DEUP1
ENSG00000258757.1,0.0011763418522851867,3043,ENSG00000258757,ENSG00000258757
ENSG00000154027.18,0.001176312716683679,3044,ENSG00000154027,AK5
ENSG00000274423.1,0.0011760911374066796,3045,ENSG00000274423,SEC22B2P
ENSG00000260644.6,0.001176034269739377,3046,ENSG00000260644,HERC2P5
ENSG00000223723.1,0.0011756374848519103,3047,ENSG00000223723,TFDP1P2
ENSG00000106006.6,0.0011752232401079346,3048,ENSG00000106006,HOXA6
ENSG00000188176.11,0.0011746508944990054,3049,ENSG00000188176,SMTNL2
ENSG00000154080.12,0.0011746038738171412,3050,ENSG00000154080,CHST9
ENSG00000259780.3,0.0011743557731824419,3051,ENSG00000259780,ENSG00000259780
ENSG00000164379.5,0.0011741662687174011,3052,ENSG00000164379,FOXQ1
ENSG00000091262.14,0.001173836019351038,3053,ENSG00000091262,ABCC6
ENSG00000265531.3,0.0011736904877192918,3054,ENSG00000265531,FCGR1CP
ENSG00000184845.3,0.0011733585232890623,3055,ENSG00000184845,DRD1
ENSG00000146674.14,0.0011732863370067601,3056,ENSG00000146674,IGFBP3
ENSG00000187642.9,0.001173235379381322,3057,ENSG00000187642,PERM1
ENSG00000237943.6,0.0011730905124736441,3058,ENSG00000237943,PRKCQ-AS1
ENSG00000046653.14,0.0011730866507462952,3059,ENSG00000046653,GPM6B
ENSG00000123610.4,0.0011723850875291386,3060,ENSG00000123610,TNFAIP6
ENSG00000135454.13,0.0011717212803231786,3061,ENSG00000135454,B4GALNT1
ENSG00000151012.13,0.0011716573792622882,3062,ENSG00000151012,SLC7A11
ENSG00000115457.9,0.0011715574610259955,3063,ENSG00000115457,IGFBP2
ENSG00000228549.3,0.0011715085739546233,3064,ENSG00000228549,LINC03126
ENSG00000101076.16,0.0011713788786180666,3065,ENSG00000101076,HNF4A
ENSG00000103888.15,0.001171127103950132,3066,ENSG00000103888,CEMIP
ENSG00000180139.11,0.0011708940951783158,3067,ENSG00000180139,ACTA2-AS1
ENSG00000152467.9,0.0011692894752823645,3068,ENSG00000152467,ZSCAN1
ENSG00000135917.13,0.001169132739653613,3069,ENSG00000135917,SLC19A3
ENSG00000158516.11,0.0011690644723273396,3070,ENSG00000158516,CPA2
ENSG00000171126.7,0.001168964331888114,3071,ENSG00000171126,KCNG3
ENSG00000148671.13,0.0011689491941486376,3072,ENSG00000148671,ADIRF
ENSG00000140022.9,0.0011689188952465337,3073,ENSG00000140022,STON2
ENSG00000214514.7,0.0011688478176961957,3074,ENSG00000214514,KRT42P
ENSG00000115386.5,0.0011683359939010938,3075,ENSG00000115386,REG1A
ENSG00000007062.11,0.0011682796059903785,3076,ENSG00000007062,PROM1
ENSG00000197565.15,0.0011676184877668372,3077,ENSG00000197565,COL4A6
ENSG00000143768.11,0.0011669564681014196,3078,ENSG00000143768,LEFTY2
ENSG00000257017.8,0.0011667925930680676,3079,ENSG00000257017,HP
ENSG00000119915.4,0.0011667442798252233,3080,ENSG00000119915,ELOVL3
ENSG00000169347.16,0.0011660276891783947,3081,ENSG00000169347,GP2
ENSG00000273615.1,0.0011657049665822067,3082,ENSG00000273615,ENSG00000273615
ENSG00000142621.19,0.001165484586809523,3083,ENSG00000142621,FHAD1
ENSG00000136883.12,0.001165308118823065,3084,ENSG00000136883,KIF12
ENSG00000164692.17,0.0011652722507489845,3085,ENSG00000164692,COL1A2
ENSG00000186212.3,0.0011651865244001432,3086,ENSG00000186212,SOWAHB
ENSG00000170558.8,0.0011649678361365789,3087,ENSG00000170558,CDH2
ENSG00000224114.1,0.0011648467087201188,3088,ENSG00000224114,RPS14P1
ENSG00000188175.9,0.0011644796851804184,3089,ENSG00000188175,HEPACAM2
ENSG00000205358.3,0.001164225442692039,3090,ENSG00000205358,MT1H
ENSG00000186842.4,0.0011641586246535177,3091,ENSG00000186842,ENSG00000186842
ENSG00000260105.6,0.0011641568482943876,3092,ENSG00000260105,AOC4P
ENSG00000078725.12,0.0011639471894065675,3093,ENSG00000078725,BRINP1
ENSG00000112964.13,0.0011638337183350414,3094,ENSG00000112964,GHR
ENSG00000180806.4,0.0011637401692429386,3095,ENSG00000180806,HOXC9
ENSG00000120262.9,0.0011635171184915228,3096,ENSG00000120262,CCDC170
ENSG00000228741.2,0.0011631512329945929,3097,ENSG00000228741,SPATA13
ENSG00000249684.5,0.0011631084218001084,3098,ENSG00000249684,ENSG00000249684
ENSG00000183114.7,0.0011625370407993697,3099,ENSG00000183114,FAM43B
ENSG00000006283.17,0.0011623985932838878,3100,ENSG00000006283,CACNA1G
ENSG00000215196.4,0.0011623238363767739,3101,ENSG00000215196,BASP1-AS1
ENSG00000164171.10,0.0011621989219545714,3102,ENSG00000164171,ITGA2
ENSG00000145087.12,0.0011610393903753052,3103,ENSG00000145087,STXBP5L
ENSG00000269985.1,0.0011608951420156814,3104,ENSG00000269985,FARS2-AS1
ENSG00000204969.6,0.0011600149609338744,3105,ENSG00000204969,PCDHA2
ENSG00000226747.6,0.001159966867754111,3106,ENSG00000226747,ENSG00000226747
ENSG00000116133.11,0.0011596584886122657,3107,ENSG00000116133,DHCR24
ENSG00000112280.15,0.001159462215816577,3108,ENSG00000112280,COL9A1
ENSG00000271474.1,0.0011590547999420506,3109,ENSG00000271474,UNC5C-AS1
ENSG00000182901.15,0.0011588150093057301,3110,ENSG00000182901,RGS7
ENSG00000182013.17,0.0011586569427144914,3111,ENSG00000182013,PNMA8A
ENSG00000273275.1,0.0011585780487938931,3112,ENSG00000273275,ENSG00000273275
ENSG00000233878.1,0.0011584122717354286,3113,ENSG00000233878,ENSG00000233878
ENSG00000169908.10,0.0011582024830555533,3114,ENSG00000169908,TM4SF1
ENSG00000236279.6,0.0011575064004155336,3115,ENSG00000236279,CLEC2L
ENSG00000065675.14,0.001157226924658233,3116,ENSG00000065675,PRKCQ
ENSG00000272872.1,0.00115706500834188,3117,ENSG00000272872,ENSG00000272872
ENSG00000227695.5,0.001156610459785988,3118,ENSG00000227695,DNMBP-AS1
ENSG00000165072.9,0.0011563474906396405,3119,ENSG00000165072,MAMDC2
ENSG00000231826.5,0.0011562885007397672,3120,ENSG00000231826,LINC01819
ENSG00000140254.12,0.0011559076587820375,3121,ENSG00000140254,DUOXA1
ENSG00000114547.9,0.0011558630220453914,3122,ENSG00000114547,ROPN1B
ENSG00000100473.15,0.0011558021466660127,3123,ENSG00000100473,COCH
ENSG00000005073.5,0.001155661044786625,3124,ENSG00000005073,HOXA11
ENSG00000204860.4,0.001155352557564127,3125,ENSG00000204860,FAM201A
ENSG00000130822.15,0.0011551665471056084,3126,ENSG00000130822,PNCK
ENSG00000196196.2,0.0011547813070668445,3127,ENSG00000196196,HRCT1
ENSG00000248810.1,0.0011545704908620573,3128,ENSG00000248810,LINC02432
ENSG00000185303.15,0.0011545570730442925,3129,ENSG00000185303,SFTPA2
ENSG00000182580.2,0.0011544250389439318,3130,ENSG00000182580,EPHB3
ENSG00000162745.10,0.0011538951483009098,3131,ENSG00000162745,OLFML2B
ENSG00000122592.7,0.0011538917440751157,3132,ENSG00000122592,HOXA7
ENSG00000135638.13,0.0011537360896183536,3133,ENSG00000135638,EMX1
ENSG00000102230.13,0.0011536339457182139,3134,ENSG00000102230,PCYT1B
ENSG00000113578.17,0.0011534790592733519,3135,ENSG00000113578,FGF1
ENSG00000069188.16,0.0011534510571031107,3136,ENSG00000069188,SDK2
ENSG00000165238.16,0.001153382341888398,3137,ENSG00000165238,WNK2
ENSG00000273024.5,0.001153004475518809,3138,ENSG00000273024,INTS4P2
ENSG00000127533.3,0.001152352658759841,3139,ENSG00000127533,F2RL3
ENSG00000161681.15,0.0011519948634679297,3140,ENSG00000161681,SHANK1
ENSG00000100739.10,0.001151377314613661,3141,ENSG00000100739,BDKRB1
ENSG00000176381.5,0.0011507253671133961,3142,ENSG00000176381,PRR18
ENSG00000177106.14,0.0011504691339583367,3143,ENSG00000177106,EPS8L2
ENSG00000272163.1,0.0011501876946132532,3144,ENSG00000272163,ENSG00000272163
ENSG00000204175.5,0.0011498338761234542,3145,ENSG00000204175,GPRIN2
ENSG00000158315.10,0.0011498125576066011,3146,ENSG00000158315,RHBDL2
ENSG00000109738.10,0.0011497462943430767,3147,ENSG00000109738,GLRB
ENSG00000055118.14,0.0011492778889187812,3148,ENSG00000055118,KCNH2
ENSG00000233521.5,0.0011492424222504251,3149,ENSG00000233521,LINC01638
ENSG00000119547.5,0.0011489045944844426,3150,ENSG00000119547,ONECUT2
ENSG00000113296.14,0.0011484765173520246,3151,ENSG00000113296,THBS4
ENSG00000169750.8,0.0011484219312410829,3152,ENSG00000169750,RAC3
ENSG00000161055.3,0.0011482388920136222,3153,ENSG00000161055,SCGB3A1
ENSG00000169224.12,0.0011482085391225521,3154,ENSG00000169224,GCSAML
ENSG00000221972.3,0.0011480225491224323,3155,ENSG00000221972,ENSG00000221972
ENSG00000197576.13,0.0011476670887980924,3156,ENSG00000197576,HOXA4
ENSG00000165973.17,0.0011474216960571683,3157,ENSG00000165973,NELL1
ENSG00000274565.1,0.001147160791653241,3158,ENSG00000274565,LOC107985020
ENSG00000261063.1,0.001146831420695596,3159,ENSG00000261063,ENSG00000261063
ENSG00000085741.12,0.001146517497171543,3160,ENSG00000085741,WNT11
ENSG00000133665.12,0.0011464018945889802,3161,ENSG00000133665,DYDC2
ENSG00000112414.14,0.0011460365701899571,3162,ENSG00000112414,ADGRG6
ENSG00000272851.1,0.001145770358754148,3163,ENSG00000272851,ENSG00000272851
ENSG00000102109.8,0.0011454682605590908,3164,ENSG00000102109,PCSK1N
ENSG00000205307.10,0.0011451015702550033,3165,ENSG00000205307,SAP25
ENSG00000007402.11,0.0011449955050315788,3166,ENSG00000007402,CACNA2D2
ENSG00000267815.1,0.0011447402741637024,3167,ENSG00000267815,ENSG00000267815
ENSG00000276644.4,0.001144625890400352,3168,ENSG00000276644,DACH1
ENSG00000134240.11,0.0011443024590579217,3169,ENSG00000134240,HMGCS2
ENSG00000240204.2,0.0011441112105898272,3170,ENSG00000240204,SMKR1
ENSG00000185272.13,0.0011439645790601951,3171,ENSG00000185272,RBM11
ENSG00000117632.20,0.0011438581405385031,3172,ENSG00000117632,STMN1
ENSG00000106236.3,0.0011433624305656532,3173,ENSG00000106236,NPTX2
ENSG00000007350.16,0.0011432102814365182,3174,ENSG00000007350,TKTL1
ENSG00000281162.2,0.0011430795350044643,3175,ENSG00000281162,LINC01127
ENSG00000272991.1,0.0011429684548361597,3176,ENSG00000272991,ENSG00000272991
ENSG00000102271.13,0.0011427925069383215,3177,ENSG00000102271,KLHL4
ENSG00000188086.12,0.0011425800390894394,3178,ENSG00000188086,PRSS45P
ENSG00000132000.11,0.0011422549135621904,3179,ENSG00000132000,PODNL1
ENSG00000226476.2,0.0011419097857046617,3180,ENSG00000226476,LINC01748
ENSG00000184347.14,0.0011418687522855367,3181,ENSG00000184347,SLIT3
ENSG00000179178.10,0.0011418164284190332,3182,ENSG00000179178,TMEM125
ENSG00000070985.13,0.0011417574447380825,3183,ENSG00000070985,TRPM5
ENSG00000053108.16,0.001141630397159587,3184,ENSG00000053108,FSTL4
ENSG00000117122.13,0.0011413452019437042,3185,ENSG00000117122,MFAP2
ENSG00000254680.1,0.0011412328348603137,3186,ENSG00000254680,MICAL2-AS1
ENSG00000105697.7,0.0011409996005826775,3187,ENSG00000105697,HAMP
ENSG00000137819.13,0.0011406852119429365,3188,ENSG00000137819,PAQR5
ENSG00000145198.14,0.0011406538447953105,3189,ENSG00000145198,VWA5B2
ENSG00000263155.5,0.001140618442539722,3190,ENSG00000263155,MYZAP
ENSG00000163359.15,0.001140571289662076,3191,ENSG00000163359,COL6A3
ENSG00000274877.1,0.0011404504681812417,3192,ENSG00000274877,ENSG00000274877
ENSG00000141934.9,0.0011400970061408507,3193,ENSG00000141934,PLPP2
ENSG00000226686.7,0.0011400853249972384,3194,ENSG00000226686,LINC01535
ENSG00000272568.5,0.001140007635636611,3195,ENSG00000272568,CPVL-AS2
ENSG00000047457.13,0.001139844903604901,3196,ENSG00000047457,CP
ENSG00000264727.1,0.0011394695809666064,3197,ENSG00000264727,ENSG00000264727
ENSG00000183186.7,0.001138992719687573,3198,ENSG00000183186,C2CD4C
ENSG00000173077.14,0.0011388217848521366,3199,ENSG00000173077,DELEC1
ENSG00000111344.11,0.001138690038349577,3200,ENSG00000111344,RASAL1
ENSG00000105141.5,0.0011386517299496548,3201,ENSG00000105141,CASP14
ENSG00000228144.2,0.0011386138057321868,3202,ENSG00000228144,ENSG00000228144
ENSG00000255367.1,0.0011383364522638297,3203,ENSG00000255367,LOC101927708
ENSG00000235333.3,0.0011383089717679948,3204,ENSG00000235333,PVRIG2P
ENSG00000165164.12,0.00113828206450401,3205,ENSG00000165164,CFAP47
ENSG00000124749.16,0.0011381303982376187,3206,ENSG00000124749,COL21A1
ENSG00000128709.11,0.0011378445909510258,3207,ENSG00000128709,HOXD9
ENSG00000170153.10,0.0011374368315781964,3208,ENSG00000170153,RNF150
ENSG00000081923.10,0.001137279310670785,3209,ENSG00000081923,ATP8B1
ENSG00000263264.1,0.001135992760455374,3210,ENSG00000263264,ENSG00000263264
ENSG00000174697.4,0.0011359448164197843,3211,ENSG00000174697,LEP
ENSG00000178752.15,0.0011353261839841115,3212,ENSG00000178752,ERFE
ENSG00000268869.5,0.0011353101618336715,3213,ENSG00000268869,ESPNP
ENSG00000138435.14,0.0011350551674591514,3214,ENSG00000138435,CHRNA1
ENSG00000198203.9,0.001135007267229248,3215,ENSG00000198203,SULT1C2
ENSG00000110195.11,0.0011347695198246758,3216,ENSG00000110195,FOLR1
ENSG00000261011.1,0.0011346761390430768,3217,ENSG00000261011,AGAP11
ENSG00000180071.18,0.001134499855611782,3218,ENSG00000180071,ANKRD18A
ENSG00000267056.2,0.0011340164186177833,3219,ENSG00000267056,LOC729654
ENSG00000154764.5,0.0011338410646277804,3220,ENSG00000154764,WNT7A
ENSG00000110723.11,0.0011336365945503672,3221,ENSG00000110723,EXPH5
ENSG00000185818.7,0.0011331973138457698,3222,ENSG00000185818,ASPNAT
ENSG00000109625.18,0.0011330048184178315,3223,ENSG00000109625,CPZ
ENSG00000171587.14,0.0011329429653678827,3224,ENSG00000171587,DSCAM
ENSG00000240990.9,0.00113281014873864,3225,ENSG00000240990,HOXA11-AS
ENSG00000230453.9,0.001132685132270792,3226,ENSG00000230453,ANKRD18B
ENSG00000106927.11,0.0011326674083288859,3227,ENSG00000106927,AMBP
ENSG00000177098.8,0.0011324432967066771,3228,ENSG00000177098,SCN4B
ENSG00000170893.3,0.0011322654614277358,3229,ENSG00000170893,TRH
ENSG00000091831.21,0.00113204081617365,3230,ENSG00000091831,ESR1
ENSG00000280179.1,0.0011320394370158548,3231,ENSG00000280179,ENSG00000280179
ENSG00000118113.11,0.0011317385048081193,3232,ENSG00000118113,MMP8
ENSG00000255082.1,0.0011316147201918647,3233,ENSG00000255082,GRM5-AS1
ENSG00000233487.6,0.001131451335313087,3234,ENSG00000233487,RPSAP69
ENSG00000116748.19,0.001131119777312239,3235,ENSG00000116748,AMPD1
ENSG00000235280.2,0.0011310632372142756,3236,ENSG00000235280,MCF2L-AS1
ENSG00000092758.15,0.0011310279520381978,3237,ENSG00000092758,COL9A3
ENSG00000135697.9,0.0011304369578172136,3238,ENSG00000135697,BCO1
ENSG00000111816.7,0.001130400591533369,3239,ENSG00000111816,FRK
ENSG00000105825.11,0.0011303014474728977,3240,ENSG00000105825,TFPI2
ENSG00000274736.4,0.00113025605698556,3241,ENSG00000274736,CCL23
ENSG00000206172.8,0.0011299481619035285,3242,ENSG00000206172,HBA1
ENSG00000251442.5,0.0011295793094654694,3243,ENSG00000251442,LOC101928893
ENSG00000198417.6,0.0011294602241983585,3244,ENSG00000198417,MT1F
ENSG00000166828.2,0.0011291892987316103,3245,ENSG00000166828,SCNN1G
ENSG00000204983.12,0.0011286773844066563,3246,ENSG00000204983,PRSS1
ENSG00000001617.11,0.0011284193487510225,3247,ENSG00000001617,SEMA3F
ENSG00000145040.3,0.001127606521495677,3248,ENSG00000145040,UCN2
ENSG00000134115.12,0.0011275058200194443,3249,ENSG00000134115,CNTN6
ENSG00000274248.1,0.0011274605034591655,3250,ENSG00000274248,LOC101928796
ENSG00000189001.10,0.0011272976409721343,3251,ENSG00000189001,SBSN
ENSG00000243069.7,0.0011270296941060629,3252,ENSG00000243069,ARHGEF26-AS1
ENSG00000231588.1,0.0011266860263685252,3253,ENSG00000231588,SHQ1P1
ENSG00000101282.8,0.0011263358687135445,3254,ENSG00000101282,RSPO4
ENSG00000130720.12,0.001126242909314277,3255,ENSG00000130720,FIBCD1
ENSG00000163687.13,0.00112599966150927,3256,ENSG00000163687,DNASE1L3
ENSG00000162722.8,0.0011259720398363387,3257,ENSG00000162722,TRIM58
ENSG00000259171.1,0.001125637586156412,3258,ENSG00000259171,ENSG00000259171
ENSG00000078579.8,0.0011250444006598809,3259,ENSG00000078579,FGF20
ENSG00000228221.5,0.001124954215594418,3260,ENSG00000228221,LINC00578
ENSG00000272551.1,0.0011243874493992714,3261,ENSG00000272551,ENSG00000272551
ENSG00000265579.1,0.0011242871049942007,3262,ENSG00000265579,ENSG00000265579
ENSG00000088836.12,0.001124145351132888,3263,ENSG00000088836,SLC4A11
ENSG00000197106.6,0.0011239875186143651,3264,ENSG00000197106,SLC6A17
ENSG00000105996.6,0.0011236642774451176,3265,ENSG00000105996,HOXA2
ENSG00000186510.11,0.0011235943168536936,3266,ENSG00000186510,CLCNKA
ENSG00000183878.15,0.001123577017065503,3267,ENSG00000183878,UTY
ENSG00000163736.3,0.0011235670075587939,3268,ENSG00000163736,PPBP
ENSG00000121742.15,0.0011235399178760725,3269,ENSG00000121742,GJB6
ENSG00000185565.11,0.0011233271615477478,3270,ENSG00000185565,LSAMP
ENSG00000262202.4,0.0011231744812912707,3271,ENSG00000262202,ENSG00000262202
ENSG00000245869.2,0.0011230535721494447,3272,ENSG00000245869,ENSG00000245869
ENSG00000166523.7,0.001122708711254132,3273,ENSG00000166523,CLEC4E
ENSG00000163209.14,0.0011225048751532282,3274,ENSG00000163209,SPRR3
ENSG00000171617.13,0.0011222902592797719,3275,ENSG00000171617,ENC1
ENSG00000280320.1,0.0011222394671242116,3276,ENSG00000280320,ENSG00000280320
ENSG00000163701.18,0.0011221661100278587,3277,ENSG00000163701,IL17RE
ENSG00000125740.13,0.0011220302786824651,3278,ENSG00000125740,FOSB
ENSG00000184139.8,0.0011219677572583868,3279,ENSG00000184139,RPL7AP28
ENSG00000237438.6,0.0011212316244953665,3280,ENSG00000237438,CECR7
ENSG00000080031.9,0.0011210370032479625,3281,ENSG00000080031,PTPRH
ENSG00000178372.7,0.001120827749576628,3282,ENSG00000178372,CALML5
ENSG00000144868.13,0.0011207451282036303,3283,ENSG00000144868,TMEM108
ENSG00000131771.13,0.001120550273099256,3284,ENSG00000131771,PPP1R1B
ENSG00000164694.16,0.0011198586381665637,3285,ENSG00000164694,FNDC1
ENSG00000179066.7,0.0011196019142748663,3286,ENSG00000179066,LOC124904701
ENSG00000138115.13,0.0011194838905732158,3287,ENSG00000138115,CYP2C8
ENSG00000276980.1,0.0011194221310083011,3288,ENSG00000276980,ENSG00000276980
ENSG00000249992.1,0.0011192623650086938,3289,ENSG00000249992,TMEM158
ENSG00000131941.7,0.0011189394543499648,3290,ENSG00000131941,RHPN2
ENSG00000114812.12,0.0011188643937964933,3291,ENSG00000114812,VIPR1
ENSG00000108852.14,0.0011186969677351858,3292,ENSG00000108852,MPP2
ENSG00000155269.11,0.0011182852103945374,3293,ENSG00000155269,GPR78
ENSG00000236924.1,0.0011181623501991058,3294,ENSG00000236924,MAHAC
ENSG00000232386.9,0.0011177139486134233,3295,ENSG00000232386,ENSG00000232386
ENSG00000183850.13,0.0011176098289332615,3296,ENSG00000183850,ZNF730
ENSG00000166796.11,0.0011175713138196369,3297,ENSG00000166796,LDHC
ENSG00000153404.13,0.001117417012681892,3298,ENSG00000153404,PLEKHG4B
ENSG00000236740.6,0.0011173575776573228,3299,ENSG00000236740,ENSG00000236740
ENSG00000160883.10,0.0011172854172292834,3300,ENSG00000160883,HK3
ENSG00000070601.9,0.001115915155434132,3301,ENSG00000070601,FRMPD1
ENSG00000255126.1,0.0011152985472384015,3302,ENSG00000255126,ENSG00000255126
ENSG00000064886.13,0.00111528478568549,3303,ENSG00000064886,CHI3L2
ENSG00000198692.9,0.001115085963741372,3304,ENSG00000198692,EIF1AY
ENSG00000133742.13,0.0011141453755153347,3305,ENSG00000133742,CA1
ENSG00000198842.9,0.0011141375826269747,3306,ENSG00000198842,STYXL2
ENSG00000179477.9,0.0011140952147517913,3307,ENSG00000179477,ALOX12B
ENSG00000130635.15,0.001114058740216378,3308,ENSG00000130635,COL5A1
ENSG00000124343.12,0.0011138855136655183,3309,ENSG00000124343,XG
ENSG00000122012.13,0.001113691549246677,3310,ENSG00000122012,SV2C
ENSG00000157502.12,0.0011134820770309286,3311,ENSG00000157502,PWWP3B
ENSG00000139209.15,0.0011134367480673186,3312,ENSG00000139209,SLC38A4
ENSG00000105509.10,0.0011134098389710713,3313,ENSG00000105509,HAS1
ENSG00000143333.6,0.0011130389289000493,3314,ENSG00000143333,RGS16
ENSG00000148488.15,0.00111292593333173,3315,ENSG00000148488,ST8SIA6
ENSG00000171401.14,0.0011126343601871663,3316,ENSG00000171401,KRT13
ENSG00000074211.13,0.001112598874549252,3317,ENSG00000074211,PPP2R2C
ENSG00000123689.5,0.0011122686461609705,3318,ENSG00000123689,G0S2
ENSG00000135052.16,0.0011119476664510335,3319,ENSG00000135052,GOLM1
ENSG00000076826.9,0.0011115922131507117,3320,ENSG00000076826,CAMSAP3
ENSG00000230387.2,0.001111343649666142,3321,ENSG00000230387,LINC03125
ENSG00000205277.9,0.0011109110852366225,3322,ENSG00000205277,MUC12
ENSG00000101276.14,0.0011108512867963147,3323,ENSG00000101276,SLC52A3
ENSG00000224689.7,0.001110511921409476,3324,ENSG00000224689,ZNF812P
ENSG00000163145.12,0.001110496473139171,3325,ENSG00000163145,C1QTNF7
ENSG00000095739.10,0.001110096795071547,3326,ENSG00000095739,BAMBI
ENSG00000197769.5,0.0011092659076443528,3327,ENSG00000197769,MAP1LC3C
ENSG00000198133.8,0.0011085192221996802,3328,ENSG00000198133,TMEM229B
ENSG00000174348.13,0.0011083755855109338,3329,ENSG00000174348,PODN
ENSG00000270765.5,0.0011081454549694352,3330,ENSG00000270765,GAS2L2
ENSG00000184613.10,0.001107724030917526,3331,ENSG00000184613,NELL2
ENSG00000159167.11,0.0011076080453647954,3332,ENSG00000159167,STC1
ENSG00000267506.5,0.0011075264153032728,3333,ENSG00000267506,ENSG00000267506
ENSG00000137285.9,0.0011071178759844175,3334,ENSG00000137285,TUBB2B
ENSG00000178826.10,0.0011069118369864757,3335,ENSG00000178826,TMEM139
ENSG00000204740.9,0.001106891800486909,3336,ENSG00000204740,MALRD1
ENSG00000178445.8,0.0011066026889998003,3337,ENSG00000178445,GLDC
ENSG00000197415.11,0.0011065466899040197,3338,ENSG00000197415,VEPH1
ENSG00000069482.6,0.0011061758146223755,3339,ENSG00000069482,GAL
ENSG00000138061.11,0.0011061598159727854,3340,ENSG00000138061,CYP1B1
ENSG00000278266.1,0.0011058071886405885,3341,ENSG00000278266,ENSG00000278266
ENSG00000168389.17,0.0011058070863009352,3342,ENSG00000168389,MFSD2A
ENSG00000003249.13,0.001105798735395166,3343,ENSG00000003249,DBNDD1
ENSG00000149633.11,0.0011054365804633653,3344,ENSG00000149633,KIAA1755
ENSG00000126562.16,0.001105142424703396,3345,ENSG00000126562,WNK4
ENSG00000177459.10,0.0011050621185990114,3346,ENSG00000177459,ERICH5
ENSG00000280623.1,0.0011048552525370248,3347,ENSG00000280623,LOC124900476
ENSG00000257390.5,0.0011046173097336025,3348,ENSG00000257390,ENSG00000257390
ENSG00000204544.5,0.0011044721732296253,3349,ENSG00000204544,MUC21
ENSG00000196632.10,0.0011044423468567154,3350,ENSG00000196632,WNK3
ENSG00000167754.12,0.0011044303401894805,3351,ENSG00000167754,KLK5
ENSG00000212643.2,0.0011035774192473481,3352,ENSG00000212643,ZRSR2P1
ENSG00000134443.9,0.0011033722210663894,3353,ENSG00000134443,GRP
ENSG00000169035.11,0.0011031602200367097,3354,ENSG00000169035,KLK7
ENSG00000101307.15,0.0011031384763055836,3355,ENSG00000101307,SIRPB1
ENSG00000228789.6,0.001102789433328574,3356,ENSG00000228789,HCG22
ENSG00000151365.2,0.0011023904191499554,3357,ENSG00000151365,THRSP
ENSG00000166592.11,0.00110209309611835,3358,ENSG00000166592,RRAD
ENSG00000169313.9,0.0011020873363878606,3359,ENSG00000169313,P2RY12
ENSG00000149300.9,0.0011015178736855122,3360,ENSG00000149300,C11orf52
ENSG00000213937.3,0.0011013117555313111,3361,ENSG00000213937,CLDN9
ENSG00000087085.13,0.0011011584451179985,3362,ENSG00000087085,ACHE
ENSG00000104537.16,0.0011010968259230946,3363,ENSG00000104537,ANXA13
ENSG00000154928.16,0.0011007481047005715,3364,ENSG00000154928,EPHB1
ENSG00000178965.13,0.001100659910481029,3365,ENSG00000178965,ERICH3
ENSG00000272281.6,0.001100484272120403,3366,ENSG00000272281,TPTE2P2
ENSG00000151572.16,0.001100288559644154,3367,ENSG00000151572,ANO4
ENSG00000260197.1,0.0011002678258158454,3368,ENSG00000260197,KDNBY
ENSG00000088340.15,0.0011002040745883275,3369,ENSG00000088340,FER1L4
ENSG00000282572.1,0.0010999037623929202,3370,ENSG00000282572,FAM157D
ENSG00000104059.4,0.001099556451891394,3371,ENSG00000104059,ENTREP2
ENSG00000272079.2,0.0010994807569559143,3372,ENSG00000272079,ENSG00000272079
ENSG00000196890.4,0.0010993066039964635,3373,ENSG00000196890,H2BC26
ENSG00000176728.7,0.001099253347483824,3374,ENSG00000176728,TTTY14
ENSG00000106366.8,0.0010991179650677353,3375,ENSG00000106366,SERPINE1
ENSG00000273301.1,0.0010989848706826793,3376,ENSG00000273301,ENSG00000273301
ENSG00000218336.7,0.0010986373358016868,3377,ENSG00000218336,TENM3
ENSG00000149380.11,0.0010985892179116428,3378,ENSG00000149380,P4HA3
ENSG00000111110.11,0.0010984540981719474,3379,ENSG00000111110,PPM1H
ENSG00000263429.3,0.001097846929104304,3380,ENSG00000263429,TMEM238L
ENSG00000254510.1,0.0010975128298405723,3381,ENSG00000254510,ENSG00000254510
ENSG00000184985.16,0.0010974866311557697,3382,ENSG00000184985,SORCS2
ENSG00000081052.11,0.001097263261859607,3383,ENSG00000081052,COL4A4
ENSG00000186231.16,0.0010972602593130084,3384,ENSG00000186231,KLHL32
ENSG00000259459.5,0.0010972133299105178,3385,ENSG00000259459,LINC02568
ENSG00000184374.2,0.0010970783684892138,3386,ENSG00000184374,COLEC10
ENSG00000164099.3,0.0010968084681600334,3387,ENSG00000164099,PRSS12
ENSG00000162814.10,0.001096726059471892,3388,ENSG00000162814,SPATA17
ENSG00000203710.10,0.001096621445905024,3389,ENSG00000203710,CR1
ENSG00000239389.7,0.0010963905930423644,3390,ENSG00000239389,PCDHA13
ENSG00000260577.2,0.0010961864157150196,3391,ENSG00000260577,CDH3-AS1
ENSG00000130234.10,0.0010958261030477384,3392,ENSG00000130234,ACE2
ENSG00000114279.13,0.001095748859233678,3393,ENSG00000114279,FGF12
ENSG00000172379.18,0.0010954123299564285,3394,ENSG00000172379,ARNT2
ENSG00000244953.1,0.0010953986380092956,3395,ENSG00000244953,ENSG00000244953
ENSG00000268460.1,0.0010952966370038203,3396,ENSG00000268460,LOC93429
ENSG00000065361.14,0.0010950328515978553,3397,ENSG00000065361,ERBB3
ENSG00000133475.16,0.001094893583377748,3398,ENSG00000133475,GGT2P
ENSG00000274358.1,0.0010945810393959623,3399,ENSG00000274358,ENSG00000274358
ENSG00000171094.15,0.0010945224297941787,3400,ENSG00000171094,ALK
ENSG00000124134.8,0.0010943651566840342,3401,ENSG00000124134,KCNS1
ENSG00000261409.1,0.0010943082228845981,3402,ENSG00000261409,ENSG00000261409
ENSG00000255641.1,0.0010942961750183902,3403,ENSG00000255641,ENSG00000255641
ENSG00000168329.13,0.0010942278533688568,3404,ENSG00000168329,CX3CR1
ENSG00000158014.14,0.0010940034470049876,3405,ENSG00000158014,SLC30A2
ENSG00000181085.14,0.0010937848588514,3406,ENSG00000181085,MAPK15
ENSG00000188536.12,0.0010936914953485308,3407,ENSG00000188536,HBA2
ENSG00000221818.8,0.0010936492656816725,3408,ENSG00000221818,EBF2
ENSG00000205488.8,0.0010935147119616382,3409,ENSG00000205488,CALML3-AS1
ENSG00000144191.11,0.001093500227663514,3410,ENSG00000144191,CNGA3
ENSG00000255498.1,0.0010934757455925623,3411,ENSG00000255498,ENSG00000255498
ENSG00000151948.11,0.0010934119015731064,3412,ENSG00000151948,GLT1D1
ENSG00000188660.3,0.0010933774254145202,3413,ENSG00000188660,CH507-42P11.6
ENSG00000049540.16,0.0010930561362689378,3414,ENSG00000049540,ELN
ENSG00000182771.17,0.0010925468128006625,3415,ENSG00000182771,GRID1
ENSG00000162747.9,0.0010925092260601272,3416,ENSG00000162747,FCGR3B
ENSG00000144837.8,0.0010918658089995,3417,ENSG00000144837,PLA1A
ENSG00000143375.14,0.0010916728739087873,3418,ENSG00000143375,CGN
ENSG00000274553.1,0.0010916020514979913,3419,ENSG00000274553,CICP15
ENSG00000156466.9,0.0010914400705951015,3420,ENSG00000156466,GDF6
ENSG00000170801.9,0.001090792640177858,3421,ENSG00000170801,HTRA3
ENSG00000080007.7,0.0010906494328534306,3422,ENSG00000080007,DDX43
ENSG00000173376.13,0.0010902494187333084,3423,ENSG00000173376,NDNF
ENSG00000150873.11,0.0010902277369186635,3424,ENSG00000150873,CIMIP5
ENSG00000154639.18,0.0010899300919498633,3425,ENSG00000154639,CXADR
ENSG00000172955.17,0.0010899193871247608,3426,ENSG00000172955,ADH6
ENSG00000148357.16,0.00108987171122055,3427,ENSG00000148357,HMCN2
ENSG00000086717.18,0.0010898353177313301,3428,ENSG00000086717,PPEF1
ENSG00000198515.13,0.001089503171518629,3429,ENSG00000198515,CNGA1
ENSG00000105366.15,0.001089310516801806,3430,ENSG00000105366,SIGLEC8
ENSG00000279878.1,0.0010888219496298403,3431,ENSG00000279878,ENSG00000279878
ENSG00000149328.14,0.0010886132348902253,3432,ENSG00000149328,GLB1L2
ENSG00000157193.14,0.0010881889007192261,3433,ENSG00000157193,LRP8
ENSG00000274080.1,0.001088006604578976,3434,ENSG00000274080,ENSG00000274080
ENSG00000262966.2,0.0010875624983620175,3435,ENSG00000262966,LOC101928266
ENSG00000226145.7,0.001087379206718082,3436,ENSG00000226145,KRT16P6
ENSG00000254815.5,0.0010873109303946233,3437,ENSG00000254815,LMNTD2-AS1
ENSG00000186188.10,0.0010872131335241237,3438,ENSG00000186188,FFAR4
ENSG00000115255.10,0.0010870140855799503,3439,ENSG00000115255,REEP6
ENSG00000064300.8,0.0010865939736209524,3440,ENSG00000064300,NGFR
ENSG00000163331.10,0.001086162407045231,3441,ENSG00000163331,DAPL1
ENSG00000167701.13,0.0010860692854112453,3442,ENSG00000167701,GPT
ENSG00000198948.11,0.0010859349937935585,3443,ENSG00000198948,MFAP3L
ENSG00000165124.17,0.0010856971968730682,3444,ENSG00000165124,SVEP1
ENSG00000276144.1,0.0010855552000063591,3445,ENSG00000276144,ENSG00000276144
ENSG00000259834.1,0.0010848521938130256,3446,ENSG00000259834,ENSG00000259834
ENSG00000153930.10,0.0010848211568384321,3447,ENSG00000153930,ANKFN1
ENSG00000198185.11,0.0010847995971669147,3448,ENSG00000198185,ZNF334
ENSG00000227906.7,0.0010847736331277354,3449,ENSG00000227906,SNAP25-AS1
ENSG00000172296.12,0.0010845701946117397,3450,ENSG00000172296,SPTLC3
ENSG00000168631.11,0.0010845079950829069,3451,ENSG00000168631,MUCL3
ENSG00000099725.14,0.0010844678637950832,3452,ENSG00000099725,PRKY
ENSG00000197165.10,0.0010841203824149713,3453,ENSG00000197165,SULT1A2
ENSG00000170356.8,0.0010838909999828278,3454,ENSG00000170356,OR2A20P
ENSG00000181126.13,0.001083575899203004,3455,ENSG00000181126,HLA-V
ENSG00000095917.13,0.0010834486882620594,3456,ENSG00000095917,TPSD1
ENSG00000172572.6,0.0010833779784793056,3457,ENSG00000172572,PDE3A
ENSG00000188015.9,0.0010832926932775144,3458,ENSG00000188015,S100A3
ENSG00000070886.10,0.0010832039918979616,3459,ENSG00000070886,EPHA8
ENSG00000163406.10,0.0010830144106438097,3460,ENSG00000163406,SLC15A2
ENSG00000137561.4,0.0010827698344394107,3461,ENSG00000137561,TTPA
ENSG00000233836.7,0.0010827436741137715,3462,ENSG00000233836,ENSG00000233836
ENSG00000180581.7,0.0010823829211136975,3463,ENSG00000180581,SRP9P1
ENSG00000239552.2,0.0010822653694101843,3464,ENSG00000239552,HOXB-AS2
ENSG00000136928.4,0.001082244906077504,3465,ENSG00000136928,GABBR2
ENSG00000104044.15,0.0010822377285373812,3466,ENSG00000104044,OCA2
ENSG00000126860.11,0.0010818024556191288,3467,ENSG00000126860,EVI2A
ENSG00000073464.11,0.0010817395039479116,3468,ENSG00000073464,CLCN4
ENSG00000173208.3,0.0010817361859655063,3469,ENSG00000173208,ABCD2
ENSG00000198768.10,0.0010816220460637812,3470,ENSG00000198768,APCDD1L
ENSG00000156535.13,0.001081591247587604,3471,ENSG00000156535,CD109
ENSG00000005884.17,0.0010812440398232771,3472,ENSG00000005884,ITGA3
ENSG00000144355.14,0.0010809125958283585,3473,ENSG00000144355,DLX1
ENSG00000102385.12,0.0010809031658942482,3474,ENSG00000102385,DRP2
ENSG00000248727.5,0.0010808500672797503,3475,ENSG00000248727,LINC01948
ENSG00000134259.3,0.0010808098163636482,3476,ENSG00000134259,NGF
ENSG00000280435.1,0.0010805743426026376,3477,ENSG00000280435,ENSG00000280435
ENSG00000163060.7,0.0010799837764137964,3478,ENSG00000163060,TEKT4
ENSG00000223572.9,0.0010794725317870204,3479,ENSG00000223572,CKMT1A
ENSG00000114805.16,0.0010792834232882635,3480,ENSG00000114805,PLCH1
ENSG00000166863.11,0.0010791634697934669,3481,ENSG00000166863,TAC3
ENSG00000108830.9,0.0010790801555100613,3482,ENSG00000108830,RND2
ENSG00000137801.10,0.0010786535751861868,3483,ENSG00000137801,THBS1
ENSG00000243449.6,0.0010784716792048327,3484,ENSG00000243449,NICOL1
ENSG00000174145.7,0.0010784686859816556,3485,ENSG00000174145,NWD2
ENSG00000129988.5,0.001078384097407701,3486,ENSG00000129988,LBP
ENSG00000225362.8,0.0010782642628056856,3487,ENSG00000225362,CT62
ENSG00000186652.9,0.0010781682088020204,3488,ENSG00000186652,PRG2
ENSG00000100033.16,0.0010781110359364377,3489,ENSG00000100033,PRODH
ENSG00000149599.15,0.0010780665384226337,3490,ENSG00000149599,DUSP15
ENSG00000168952.15,0.0010778928440209094,3491,ENSG00000168952,STXBP6
ENSG00000204099.11,0.0010777055485527442,3492,ENSG00000204099,NEU4
ENSG00000226051.6,0.0010776985972722729,3493,ENSG00000226051,ZNF503-AS1
ENSG00000168878.16,0.0010769149390869516,3494,ENSG00000168878,SFTPB
ENSG00000151952.14,0.001076839617390227,3495,ENSG00000151952,TMEM132D
ENSG00000170703.15,0.0010765742340168062,3496,ENSG00000170703,TTLL6
ENSG00000116690.11,0.001076574128295682,3497,ENSG00000116690,PRG4
ENSG00000142627.12,0.0010764331098964688,3498,ENSG00000142627,EPHA2
ENSG00000184185.9,0.0010764176365970631,3499,ENSG00000184185,KCNJ12
ENSG00000168427.8,0.0010761849716960019,3500,ENSG00000168427,KLHL30
ENSG00000248323.5,0.0010761510578337365,3501,ENSG00000248323,LUCAT1
ENSG00000141448.8,0.0010758457982475694,3502,ENSG00000141448,GATA6
ENSG00000254692.1,0.0010758218773458466,3503,ENSG00000254692,ENSG00000254692
ENSG00000214447.4,0.001075795674461437,3504,ENSG00000214447,FAM187A
ENSG00000139144.9,0.0010757370602271412,3505,ENSG00000139144,PIK3C2G
ENSG00000130477.14,0.0010757069235713087,3506,ENSG00000130477,UNC13A
ENSG00000164742.14,0.001075623799528126,3507,ENSG00000164742,ADCY1
ENSG00000260903.2,0.0010754552436012283,3508,ENSG00000260903,XKR7
ENSG00000205809.9,0.0010752304184934154,3509,ENSG00000205809,KLRC2
ENSG00000170381.12,0.001075143951602055,3510,ENSG00000170381,SEMA3E
ENSG00000272410.5,0.0010750228055333426,3511,ENSG00000272410,ENSG00000272410
ENSG00000165246.12,0.0010750199327106335,3512,ENSG00000165246,NLGN4Y
ENSG00000155761.13,0.001074412105548648,3513,ENSG00000155761,SPAG17
ENSG00000275325.4,0.0010741635249039564,3514,ENSG00000275325,PDCD6IPP1
ENSG00000163221.8,0.0010740519510935409,3515,ENSG00000163221,S100A12
ENSG00000172935.8,0.0010731501172351688,3516,ENSG00000172935,MRGPRF
ENSG00000148082.9,0.0010730468369746992,3517,ENSG00000148082,SHC3
ENSG00000264272.1,0.0010727817676805288,3518,ENSG00000264272,ENSG00000264272
ENSG00000145423.4,0.0010724029900328596,3519,ENSG00000145423,SFRP2
ENSG00000037965.5,0.0010722536644312561,3520,ENSG00000037965,HOXC8
ENSG00000143387.12,0.0010721497151947655,3521,ENSG00000143387,CTSK
ENSG00000021645.17,0.0010719476026638686,3522,ENSG00000021645,NRXN3
ENSG00000174171.5,0.0010719123874856171,3523,ENSG00000174171,LOC105370792
ENSG00000197380.10,0.0010718401063611574,3524,ENSG00000197380,DACT3
ENSG00000156687.10,0.0010715442516900497,3525,ENSG00000156687,UNC5D
ENSG00000182575.7,0.0010714750369840507,3526,ENSG00000182575,NXPH3
ENSG00000136235.15,0.001071173182970124,3527,ENSG00000136235,GPNMB
ENSG00000264187.1,0.0010710267002475653,3528,ENSG00000264187,ENSG00000264187
ENSG00000101188.4,0.0010705516416915884,3529,ENSG00000101188,NTSR1
ENSG00000277287.1,0.001070518142462862,3530,ENSG00000277287,ENSG00000277287
ENSG00000133863.6,0.0010702112819236996,3531,ENSG00000133863,TEX15
ENSG00000164520.11,0.001069746344684476,3532,ENSG00000164520,RAET1E
ENSG00000133636.10,0.001069741336171889,3533,ENSG00000133636,NTS
ENSG00000125869.9,0.001069282606968961,3534,ENSG00000125869,LAMP5
ENSG00000168621.14,0.0010690906651725917,3535,ENSG00000168621,GDNF
ENSG00000205502.3,0.0010688864549524087,3536,ENSG00000205502,C2CD4B
ENSG00000141433.12,0.001068565706689764,3537,ENSG00000141433,ADCYAP1
ENSG00000080224.17,0.0010684042969112601,3538,ENSG00000080224,EPHA6
ENSG00000137968.16,0.0010683962241324198,3539,ENSG00000137968,SLC44A5
ENSG00000196503.2,0.001068390329041762,3540,ENSG00000196503,ARL9
ENSG00000166923.10,0.001068367750148218,3541,ENSG00000166923,GREM1
ENSG00000225345.3,0.001068359222394444,3542,ENSG00000225345,SNX18P3
ENSG00000196660.10,0.0010679486593919043,3543,ENSG00000196660,SLC30A10
ENSG00000106536.19,0.001067911461343878,3544,ENSG00000106536,POU6F2
ENSG00000183798.4,0.001067779796583927,3545,ENSG00000183798,EMILIN3
ENSG00000084710.13,0.0010677426531466789,3546,ENSG00000084710,EFR3B
ENSG00000204961.6,0.0010676129806517422,3547,ENSG00000204961,PCDHA9
ENSG00000180818.4,0.0010675775046335558,3548,ENSG00000180818,HOXC10
ENSG00000134668.12,0.001067538003090047,3549,ENSG00000134668,SPOCD1
ENSG00000262967.1,0.0010674813824797847,3550,ENSG00000262967,ENSG00000262967
ENSG00000077327.15,0.0010669960851759851,3551,ENSG00000077327,SPAG6
ENSG00000205231.1,0.0010668051543105113,3552,ENSG00000205231,TTLL10-AS1
ENSG00000131711.14,0.0010667158836722987,3553,ENSG00000131711,MAP1B
ENSG00000180739.13,0.0010666764078693226,3554,ENSG00000180739,S1PR5
ENSG00000164161.9,0.0010666753793345917,3555,ENSG00000164161,HHIP
ENSG00000253696.2,0.0010661232620191097,3556,ENSG00000253696,KBTBD11-OT1
ENSG00000280913.2,0.0010661200197066827,3557,ENSG00000280913,CTSLP3
ENSG00000104055.14,0.0010655948117253575,3558,ENSG00000104055,TGM5
ENSG00000255408.3,0.001065485255378903,3559,ENSG00000255408,PCDHA3
ENSG00000111218.11,0.00106475947164931,3560,ENSG00000111218,PRMT8
ENSG00000225883.2,0.0010643784592609374,3561,ENSG00000225883,BMS1P11
ENSG00000172201.10,0.0010642658769354227,3562,ENSG00000172201,ID4
ENSG00000281453.1,0.0010642511577967305,3563,ENSG00000281453,TGFB2-OT1
ENSG00000221890.2,0.0010639838081761732,3564,ENSG00000221890,NPTXR
ENSG00000112232.8,0.0010636631471395046,3565,ENSG00000112232,KHDRBS2
ENSG00000175175.5,0.001063473988013092,3566,ENSG00000175175,PPM1E
ENSG00000101670.11,0.001063203154275695,3567,ENSG00000101670,LIPG
ENSG00000174567.7,0.001063067197350173,3568,ENSG00000174567,GOLT1A
ENSG00000196542.8,0.0010624649454509,3569,ENSG00000196542,SPTSSB
ENSG00000227036.6,0.0010621983668663469,3570,ENSG00000227036,LINC00511
ENSG00000140519.12,0.0010621707194956305,3571,ENSG00000140519,RHCG
ENSG00000160678.11,0.0010621660865312776,3572,ENSG00000160678,S100A1
ENSG00000184454.6,0.0010620320637618958,3573,ENSG00000184454,NCMAP
ENSG00000102174.8,0.0010620282385555254,3574,ENSG00000102174,PHEX
ENSG00000067715.13,0.0010618817760653539,3575,ENSG00000067715,SYT1
ENSG00000176842.14,0.0010618645418890359,3576,ENSG00000176842,IRX5
ENSG00000215914.4,0.001061187285461604,3577,ENSG00000215914,MMP23A
ENSG00000125780.11,0.0010611087698570566,3578,ENSG00000125780,TGM3
ENSG00000219438.8,0.0010610909900213058,3579,ENSG00000219438,TAFA5
ENSG00000062282.14,0.0010608070742458633,3580,ENSG00000062282,DGAT2
ENSG00000169083.15,0.0010607750937792425,3581,ENSG00000169083,AR
ENSG00000254872.3,0.0010605712835993202,3582,ENSG00000254872,LINC02688
ENSG00000204219.9,0.0010604800896145768,3583,ENSG00000204219,TCEA3
ENSG00000197757.7,0.0010604769882361226,3584,ENSG00000197757,HOXC6
ENSG00000171049.8,0.0010601716816667519,3585,ENSG00000171049,FPR2
ENSG00000205334.2,0.0010601452844494915,3586,ENSG00000205334,LINC01460
ENSG00000275395.4,0.001060085334506746,3587,ENSG00000275395,FCGBP
ENSG00000197301.7,0.0010599229148690716,3588,ENSG00000197301,HMGA2-AS1
ENSG00000104760.16,0.001059672949555604,3589,ENSG00000104760,FGL1
ENSG00000156218.12,0.001059182932172396,3590,ENSG00000156218,ADAMTSL3
ENSG00000166183.15,0.0010591279525142435,3591,ENSG00000166183,ASPG
ENSG00000144681.10,0.0010589398885420588,3592,ENSG00000144681,STAC
ENSG00000251209.7,0.0010587563639017459,3593,ENSG00000251209,LINC00923
ENSG00000278978.1,0.0010587210048641023,3594,ENSG00000278978,ENSG00000278978
ENSG00000186094.16,0.0010586724944977842,3595,ENSG00000186094,AGBL4
ENSG00000275620.1,0.0010582557750444155,3596,ENSG00000275620,FLJ16779
ENSG00000271361.1,0.0010582406968053777,3597,ENSG00000271361,HTATSF1P2
ENSG00000183150.7,0.0010582109170749314,3598,ENSG00000183150,GPR19
ENSG00000011465.16,0.001058174937362087,3599,ENSG00000011465,DCN
ENSG00000275152.4,0.0010577921527373665,3600,ENSG00000275152,CCL16
ENSG00000177570.13,0.0010577582730421963,3601,ENSG00000177570,SAMD12
ENSG00000108551.4,0.0010575366259812004,3602,ENSG00000108551,RASD1
ENSG00000112175.7,0.0010565030757305205,3603,ENSG00000112175,BMP5
ENSG00000176399.3,0.0010564226899232167,3604,ENSG00000176399,DMRTA1
ENSG00000153446.15,0.0010564135296923533,3605,ENSG00000153446,C16orf89
ENSG00000114631.10,0.0010560987733443962,3606,ENSG00000114631,PODXL2
ENSG00000119946.10,0.0010558407355896744,3607,ENSG00000119946,CNNM1
ENSG00000163624.5,0.0010554190125958095,3608,ENSG00000163624,CDS1
ENSG00000103089.8,0.00105521537202548,3609,ENSG00000103089,FA2H
ENSG00000077274.8,0.0010552109261666625,3610,ENSG00000077274,CAPN6
ENSG00000176753.5,0.0010551781126101932,3611,ENSG00000176753,PAK6-AS1
ENSG00000154188.9,0.0010549214491779697,3612,ENSG00000154188,ANGPT1
ENSG00000257542.4,0.0010547445242679815,3613,ENSG00000257542,OR7E47P
ENSG00000027644.4,0.0010545528526694136,3614,ENSG00000027644,INSRR
ENSG00000171903.16,0.0010543863301542163,3615,ENSG00000171903,CYP4F11
ENSG00000233117.2,0.0010533644076822224,3616,ENSG00000233117,LINC00702
ENSG00000160469.16,0.001053328756165622,3617,ENSG00000160469,BRSK1
ENSG00000179846.8,0.0010531148787194604,3618,ENSG00000179846,NKPD1
ENSG00000258017.1,0.0010530624873064398,3619,ENSG00000258017,TUBA1B-AS1
ENSG00000177508.11,0.0010529874944143693,3620,ENSG00000177508,IRX3
ENSG00000123243.14,0.0010529166152788484,3621,ENSG00000123243,ITIH5
ENSG00000167971.15,0.001052649674892659,3622,ENSG00000167971,CASKIN1
ENSG00000004948.13,0.0010524942881378204,3623,ENSG00000004948,CALCR
ENSG00000112303.13,0.001052062311622126,3624,ENSG00000112303,VNN2
ENSG00000205611.3,0.001051801225712093,3625,ENSG00000205611,LOC107985433
ENSG00000213860.4,0.0010515535928047814,3626,ENSG00000213860,RPL21P75
ENSG00000174482.10,0.0010513144522317742,3627,ENSG00000174482,LINGO2
ENSG00000228510.2,0.001051272346131006,3628,ENSG00000228510,ENSG00000228510
ENSG00000188573.7,0.001051122574026597,3629,ENSG00000188573,FBLL1
ENSG00000128833.12,0.0010509186138318153,3630,ENSG00000128833,MYO5C
ENSG00000278071.1,0.0010505687001980232,3631,ENSG00000278071,ENSG00000278071
ENSG00000103528.16,0.0010501115807500317,3632,ENSG00000103528,SYT17
ENSG00000261857.6,0.0010498935587709977,3633,ENSG00000261857,MIA
ENSG00000230699.2,0.0010496160552661705,3634,ENSG00000230699,ENSG00000230699
ENSG00000242808.7,0.0010496119848617098,3635,ENSG00000242808,SOX2-OT
ENSG00000198753.11,0.001049486817794029,3636,ENSG00000198753,PLXNB3
ENSG00000115844.10,0.0010492592740549004,3637,ENSG00000115844,DLX2
ENSG00000196218.11,0.0010491493325359004,3638,ENSG00000196218,RYR1
ENSG00000182674.5,0.0010488627920905364,3639,ENSG00000182674,KCNB2
ENSG00000167244.17,0.0010488455172591611,3640,ENSG00000167244,IGF2
ENSG00000244734.3,0.0010488356957061402,3641,ENSG00000244734,HBB
ENSG00000102287.16,0.0010486662483603938,3642,ENSG00000102287,GABRE
ENSG00000245694.8,0.0010480346854182632,3643,ENSG00000245694,LOC101927480
ENSG00000155265.10,0.0010480315350454461,3644,ENSG00000155265,GOLGA7B
ENSG00000132677.12,0.0010477556909320885,3645,ENSG00000132677,RHBG
ENSG00000144619.14,0.0010473866589403755,3646,ENSG00000144619,CNTN4
ENSG00000280755.1,0.0010471986959439733,3647,ENSG00000280755,ENSG00000280755
ENSG00000143473.11,0.0010469220631503116,3648,ENSG00000143473,KCNH1
ENSG00000198353.7,0.001046486176631616,3649,ENSG00000198353,HOXC4
ENSG00000081041.8,0.001046331582570575,3650,ENSG00000081041,CXCL2
ENSG00000186867.10,0.0010462479018943256,3651,ENSG00000186867,QRFPR
ENSG00000163661.3,0.0010461474540222775,3652,ENSG00000163661,PTX3
ENSG00000169385.2,0.0010460997332594902,3653,ENSG00000169385,RNASE2
ENSG00000184515.10,0.0010453794838487058,3654,ENSG00000184515,BEX5
ENSG00000248871.1,0.0010451364449241987,3655,ENSG00000248871,TNFSF12-TNFSF13
ENSG00000114251.13,0.0010451325409074222,3656,ENSG00000114251,WNT5A
ENSG00000152580.8,0.0010449279679424653,3657,ENSG00000152580,IGSF10
ENSG00000186481.15,0.001044566825053273,3658,ENSG00000186481,ANKRD20A5P
ENSG00000163817.15,0.0010443487377816666,3659,ENSG00000163817,SLC6A20
ENSG00000279036.1,0.0010442362795426534,3660,ENSG00000279036,ENSG00000279036
ENSG00000164778.4,0.0010441834656792787,3661,ENSG00000164778,EN2
ENSG00000211445.11,0.0010441108129236188,3662,ENSG00000211445,GPX3
ENSG00000180044.4,0.001043939052744285,3663,ENSG00000180044,C3orf80
ENSG00000184058.12,0.0010438588950042846,3664,ENSG00000184058,TBX1
ENSG00000136918.7,0.001043775583901024,3665,ENSG00000136918,WDR38
ENSG00000109705.7,0.0010435523183261334,3666,ENSG00000109705,NKX3-2
ENSG00000175946.8,0.0010432745922195935,3667,ENSG00000175946,KLHL38
ENSG00000135773.12,0.0010431913526431082,3668,ENSG00000135773,CAPN9
ENSG00000267022.1,0.0010428343235823693,3669,ENSG00000267022,ENSG00000267022
ENSG00000115252.18,0.0010427347121177957,3670,ENSG00000115252,PDE1A
ENSG00000155974.11,0.0010426944626417886,3671,ENSG00000155974,GRIP1
ENSG00000100593.17,0.0010424162523796389,3672,ENSG00000100593,ISM2
ENSG00000137857.17,0.0010423922166863558,3673,ENSG00000137857,DUOX1
ENSG00000258545.5,0.0010422761907758263,3674,ENSG00000258545,RHOXF1-AS1
ENSG00000188931.3,0.001042125116230461,3675,ENSG00000188931,CFAP126
ENSG00000206262.8,0.0010416507703052025,3676,ENSG00000206262,FOXL2NB
ENSG00000115616.2,0.001041353112624932,3677,ENSG00000115616,SLC9A2
ENSG00000101134.11,0.001040172973850097,3678,ENSG00000101134,DOK5
ENSG00000158865.12,0.001040161593854982,3679,ENSG00000158865,SLC5A11
ENSG00000124212.5,0.001039937223736083,3680,ENSG00000124212,PTGIS
ENSG00000060566.13,0.0010398981550934518,3681,ENSG00000060566,CREB3L3
ENSG00000145824.12,0.00103955069296443,3682,ENSG00000145824,CXCL14
ENSG00000164303.10,0.0010392504455077325,3683,ENSG00000164303,ENPP6
ENSG00000196337.10,0.0010390915359624019,3684,ENSG00000196337,CGB7
ENSG00000129991.12,0.0010390056396562507,3685,ENSG00000129991,TNNI3
ENSG00000186047.9,0.0010389453842717502,3686,ENSG00000186047,DLEU7
ENSG00000249364.5,0.0010385323003631063,3687,ENSG00000249364,LINC02997
ENSG00000164484.11,0.0010385017873799371,3688,ENSG00000164484,TMEM200A
ENSG00000260372.6,0.001038247725738309,3689,ENSG00000260372,AQP4-AS1
ENSG00000134198.9,0.0010378332515456556,3690,ENSG00000134198,TSPAN2
ENSG00000271810.5,0.0010368206179327299,3691,ENSG00000271810,ENSG00000271810
ENSG00000151364.15,0.0010368172313046562,3692,ENSG00000151364,KCTD14
ENSG00000280285.1,0.001036510005299013,3693,ENSG00000280285,ENSG00000280285
ENSG00000260314.2,0.0010364005061850605,3694,ENSG00000260314,MRC1
ENSG00000168539.3,0.0010361899240512952,3695,ENSG00000168539,CHRM1
ENSG00000100842.12,0.0010356627632509623,3696,ENSG00000100842,EFS
ENSG00000142178.7,0.0010354725629030865,3697,ENSG00000142178,SIK1
ENSG00000107242.17,0.0010349552822177493,3698,ENSG00000107242,PIP5K1B
ENSG00000227392.1,0.0010346496645636035,3699,ENSG00000227392,HPN-AS1
ENSG00000233221.6,0.0010345154757765778,3700,ENSG00000233221,ARHGEF4-AS1
ENSG00000122877.13,0.0010332877188437121,3701,ENSG00000122877,EGR2
ENSG00000148798.9,0.001033188062393655,3702,ENSG00000148798,INA
ENSG00000197705.9,0.0010325354387726046,3703,ENSG00000197705,KLHL14
ENSG00000129048.6,0.0010323083190162097,3704,ENSG00000129048,ACKR4
ENSG00000115461.4,0.0010321398011535134,3705,ENSG00000115461,IGFBP5
ENSG00000150051.13,0.0010321303294075,3706,ENSG00000150051,MKX
ENSG00000236155.6,0.0010321046178537205,3707,ENSG00000236155,ZPLD2P
ENSG00000120669.15,0.0010317205738691621,3708,ENSG00000120669,SOHLH2
ENSG00000005102.12,0.0010312772388230572,3709,ENSG00000005102,MEOX1
ENSG00000228709.1,0.0010311415442188208,3710,ENSG00000228709,LINC02575
ENSG00000176387.6,0.0010306939306932844,3711,ENSG00000176387,HSD11B2
ENSG00000244239.1,0.0010306054263853944,3712,ENSG00000244239,ICA1-AS1
ENSG00000243243.5,0.0010303329306703753,3713,ENSG00000243243,ENSG00000243243
ENSG00000146038.11,0.0010303084553199991,3714,ENSG00000146038,DCDC2
ENSG00000237686.6,0.0010301255088992634,3715,ENSG00000237686,SCIRT
ENSG00000241945.7,0.001029555959411793,3716,ENSG00000241945,PWP2
ENSG00000151388.10,0.0010295267458699188,3717,ENSG00000151388,ADAMTS12
ENSG00000240253.5,0.0010294569945348301,3718,ENSG00000240253,FAR2P3
ENSG00000256802.2,0.001028728627792933,3719,ENSG00000256802,LCIIAR
ENSG00000159648.11,0.0010283323565994397,3720,ENSG00000159648,SPMIP8
ENSG00000107954.10,0.0010282839762167876,3721,ENSG00000107954,NEURL1
ENSG00000012124.14,0.0010281188822309922,3722,ENSG00000012124,CD22
ENSG00000067646.11,0.001028009089157086,3723,ENSG00000067646,ZFY
ENSG00000074276.10,0.0010276570105780748,3724,ENSG00000074276,CDHR2
ENSG00000132437.17,0.001027483378407753,3725,ENSG00000132437,DDC
ENSG00000135119.14,0.0010272156135987958,3726,ENSG00000135119,RNFT2
ENSG00000173557.14,0.00102674761116876,3727,ENSG00000173557,CIMIP2C
ENSG00000049089.13,0.0010265301739119394,3728,ENSG00000049089,COL9A2
ENSG00000228695.9,0.0010265148176160927,3729,ENSG00000228695,LOC107987423
ENSG00000175426.10,0.0010262552294029654,3730,ENSG00000175426,PCSK1
ENSG00000135069.13,0.001026084569606273,3731,ENSG00000135069,PSAT1
ENSG00000182492.15,0.001026071877056488,3732,ENSG00000182492,BGN
ENSG00000055732.12,0.0010257067490786233,3733,ENSG00000055732,MCOLN3
ENSG00000182912.6,0.0010255437944002084,3734,ENSG00000182912,ENSG00000182912
ENSG00000143061.17,0.0010255074895709473,3735,ENSG00000143061,IGSF3
ENSG00000126259.19,0.0010251246345611054,3736,ENSG00000126259,KIRREL2
ENSG00000166741.7,0.0010249387405735306,3737,ENSG00000166741,NNMT
ENSG00000117154.11,0.001024585780423399,3738,ENSG00000117154,IGSF21
ENSG00000137976.7,0.0010245576560285097,3739,ENSG00000137976,DNASE2B
ENSG00000185924.6,0.0010242022579446013,3740,ENSG00000185924,RTN4RL1
ENSG00000007908.15,0.0010240125468015176,3741,ENSG00000007908,SELE
ENSG00000144821.9,0.0010235957408607334,3742,ENSG00000144821,MYH15
ENSG00000129521.13,0.001023017312813644,3743,ENSG00000129521,EGLN3
ENSG00000165621.8,0.0010229435697400372,3744,ENSG00000165621,OXGR1
ENSG00000228630.5,0.0010228806003027492,3745,ENSG00000228630,HOTAIR
ENSG00000109339.18,0.001022590743309896,3746,ENSG00000109339,MAPK10
ENSG00000270106.5,0.0010225195085026614,3747,ENSG00000270106,TSNAX-DISC1
ENSG00000183067.5,0.001022225210517663,3748,ENSG00000183067,IGSF5
ENSG00000153347.9,0.0010218706177511187,3749,ENSG00000153347,FAM81B
ENSG00000073150.13,0.0010216739022604838,3750,ENSG00000073150,PANX2
ENSG00000007001.12,0.0010216173976316234,3751,ENSG00000007001,UPP2
ENSG00000270661.1,0.001020944163278993,3752,ENSG00000270661,ENSG00000270661
ENSG00000135116.9,0.0010209213910074356,3753,ENSG00000135116,HRK
ENSG00000244300.2,0.0010207872656515567,3754,ENSG00000244300,GATA2-AS1
ENSG00000114923.16,0.0010207221269314735,3755,ENSG00000114923,SLC4A3
ENSG00000273274.1,0.0010207205125205914,3756,ENSG00000273274,ZBTB8B
ENSG00000266265.2,0.0010204857589526243,3757,ENSG00000266265,KLF14
ENSG00000078098.13,0.0010200009980404173,3758,ENSG00000078098,FAP
ENSG00000145721.11,0.0010199627619602444,3759,ENSG00000145721,LIX1
ENSG00000121769.7,0.0010192897334527944,3760,ENSG00000121769,FABP3
ENSG00000161958.10,0.0010192888983487072,3761,ENSG00000161958,FGF11
ENSG00000184911.14,0.001019177106656092,3762,ENSG00000184911,DMRTC1B
ENSG00000100346.17,0.0010191046166995409,3763,ENSG00000100346,CACNA1I
ENSG00000269911.1,0.0010185305740162565,3764,ENSG00000269911,FAM226B
ENSG00000016082.14,0.0010185128881598376,3765,ENSG00000016082,ISL1
ENSG00000196368.4,0.0010184402697008205,3766,ENSG00000196368,NUDT11
ENSG00000095777.14,0.0010183924027778533,3767,ENSG00000095777,MYO3A
ENSG00000109610.5,0.0010182754038146247,3768,ENSG00000109610,SOD3
ENSG00000267128.1,0.0010182069712997305,3769,ENSG00000267128,RNF157-AS1
ENSG00000099617.3,0.0010180405646079188,3770,ENSG00000099617,EFNA2
ENSG00000178662.15,0.0010179082277924137,3771,ENSG00000178662,CSRNP3
ENSG00000254452.1,0.0010179009137470918,3772,ENSG00000254452,ENSG00000254452
ENSG00000250120.6,0.0010178416423363315,3773,ENSG00000250120,PCDHA10
ENSG00000156689.6,0.00101781575368044,3774,ENSG00000156689,GLYATL2
ENSG00000152669.8,0.001017654121330163,3775,ENSG00000152669,CCNO
ENSG00000105894.11,0.0010176235376904796,3776,ENSG00000105894,PTN
ENSG00000133937.4,0.0010174269555336803,3777,ENSG00000133937,GSC
ENSG00000102996.4,0.0010171639790862322,3778,ENSG00000102996,MMP15
ENSG00000204869.8,0.0010170135418208575,3779,ENSG00000204869,IGFL4
ENSG00000259884.1,0.0010167242727368373,3780,ENSG00000259884,NR4A1AS
ENSG00000198570.5,0.001016613250285176,3781,ENSG00000198570,RD3
ENSG00000265263.1,0.0010165988960164902,3782,ENSG00000265263,ENSG00000265263
ENSG00000263812.5,0.0010165752960233393,3783,ENSG00000263812,ENSG00000263812
ENSG00000226321.5,0.0010164066300024789,3784,ENSG00000226321,CROCC2
ENSG00000163737.3,0.00101640458915923,3785,ENSG00000163737,PF4
ENSG00000172482.4,0.0010163079346889293,3786,ENSG00000172482,AGXT
ENSG00000165125.17,0.0010161081201120355,3787,ENSG00000165125,TRPV6
ENSG00000257225.1,0.0010160911075069794,3788,ENSG00000257225,PRICKLE1-AS1
ENSG00000237289.9,0.0010157927259674601,3789,ENSG00000237289,CKMT1B
ENSG00000132554.19,0.0010156653765197306,3790,ENSG00000132554,RGS22
ENSG00000254221.2,0.0010155989176862926,3791,ENSG00000254221,PCDHGB1
ENSG00000183876.8,0.0010155415537230943,3792,ENSG00000183876,ARSI
ENSG00000237580.1,0.0010150052910774998,3793,ENSG00000237580,GCSHP3
ENSG00000187140.5,0.001014940296104729,3794,ENSG00000187140,FOXD3
ENSG00000171557.16,0.0010147922706005097,3795,ENSG00000171557,FGG
ENSG00000186198.3,0.001014594070221191,3796,ENSG00000186198,SLC51B
ENSG00000077943.7,0.0010139938985429377,3797,ENSG00000077943,ITGA8
ENSG00000124208.16,0.0010135927114916835,3798,ENSG00000124208,PEDS1-UBE2V1
ENSG00000138615.5,0.0010134207187333494,3799,ENSG00000138615,CILP
ENSG00000157168.18,0.0010133305473979098,3800,ENSG00000157168,NRG1
ENSG00000113645.13,0.0010131290547542406,3801,ENSG00000113645,WWC1
ENSG00000043591.5,0.001013114717064763,3802,ENSG00000043591,ADRB1
ENSG00000185760.15,0.0010125658502819713,3803,ENSG00000185760,KCNQ5
ENSG00000110680.12,0.0010124307406905067,3804,ENSG00000110680,CALCA
ENSG00000204962.5,0.0010123650489875446,3805,ENSG00000204962,PCDHA8
ENSG00000128655.16,0.0010120792205807736,3806,ENSG00000128655,PDE11A
ENSG00000104415.13,0.0010119206204888995,3807,ENSG00000104415,CCN4
ENSG00000259793.1,0.0010117827484705628,3808,ENSG00000259793,ENSG00000259793
ENSG00000127325.18,0.0010116547801326127,3809,ENSG00000127325,BEST3
ENSG00000254835.1,0.001011454802744613,3810,ENSG00000254835,RNF185-AS1
ENSG00000231013.1,0.0010113512317388032,3811,ENSG00000231013,SCTR-AS1
ENSG00000178947.8,0.0010112512745571523,3812,ENSG00000178947,SMIM10L2A
ENSG00000003137.8,0.001010992516252986,3813,ENSG00000003137,CYP26B1
ENSG00000145335.15,0.0010108965103182944,3814,ENSG00000145335,SNCA
ENSG00000171812.10,0.0010108451872357946,3815,ENSG00000171812,COL8A2
ENSG00000274600.1,0.0010105593077609513,3816,ENSG00000274600,RIMBP3B
ENSG00000116132.11,0.001010522936220498,3817,ENSG00000116132,PRRX1
ENSG00000179914.4,0.0010104603016307953,3818,ENSG00000179914,ITLN1
ENSG00000182256.12,0.0010096373759950449,3819,ENSG00000182256,GABRG3
ENSG00000256980.4,0.0010095735089088026,3820,ENSG00000256980,KHDC1L
ENSG00000182272.11,0.0010090796021601277,3821,ENSG00000182272,B4GALNT4
ENSG00000272661.1,0.0010090219428709685,3822,ENSG00000272661,ENSG00000272661
ENSG00000270024.5,0.0010089250010182089,3823,ENSG00000270024,ENSG00000270024
ENSG00000170561.12,0.0010089119659160233,3824,ENSG00000170561,IRX2
ENSG00000113083.12,0.00100881393811264,3825,ENSG00000113083,LOX
ENSG00000232354.7,0.001008775237346351,3826,ENSG00000232354,VIPR1-AS1
ENSG00000146250.6,0.0010085341991644074,3827,ENSG00000146250,PRSS35
ENSG00000180532.10,0.0010085227575133482,3828,ENSG00000180532,ZSCAN4
ENSG00000229299.2,0.0010082271881784858,3829,ENSG00000229299,ZBTB46-AS2
ENSG00000141576.14,0.0010079261434675479,3830,ENSG00000141576,RNF157
ENSG00000135519.6,0.0010075897564434126,3831,ENSG00000135519,KCNH3
ENSG00000232862.5,0.0010075572201505877,3832,ENSG00000232862,LOC100128093
ENSG00000197992.6,0.0010072282255881367,3833,ENSG00000197992,CLEC9A
ENSG00000171033.12,0.0010068856103380838,3834,ENSG00000171033,PKIA
ENSG00000279013.1,0.001006748063946365,3835,ENSG00000279013,ENSG00000279013
ENSG00000171564.11,0.0010066442315174102,3836,ENSG00000171564,FGB
ENSG00000125730.16,0.0010065718193363337,3837,ENSG00000125730,C3
ENSG00000075461.5,0.0010062392444558804,3838,ENSG00000075461,CACNG4
ENSG00000140807.5,0.0010060479820164614,3839,ENSG00000140807,NKD1
ENSG00000157399.14,0.001005748171914933,3840,ENSG00000157399,ARSL
ENSG00000178081.12,0.0010055248170380154,3841,ENSG00000178081,ULK4P3
ENSG00000052850.5,0.0010052964348839716,3842,ENSG00000052850,ALX4
ENSG00000225465.8,0.0010052652059154643,3843,ENSG00000225465,LOC102723305
ENSG00000169436.16,0.0010051852689912984,3844,ENSG00000169436,COL22A1
ENSG00000110092.3,0.001005154280129206,3845,ENSG00000110092,CCND1
ENSG00000105376.4,0.0010050784468699048,3846,ENSG00000105376,ICAM5
ENSG00000204965.8,0.001004844258980809,3847,ENSG00000204965,PCDHA5
ENSG00000118849.9,0.0010041600339981134,3848,ENSG00000118849,RARRES1
ENSG00000099984.10,0.0010039809847702471,3849,ENSG00000099984,GSTT2
ENSG00000142235.8,0.0010039291404829885,3850,ENSG00000142235,LMTK3
ENSG00000166535.19,0.0010038739423708378,3851,ENSG00000166535,A2ML1
ENSG00000204335.3,0.0010037723787820103,3852,ENSG00000204335,SP5
ENSG00000227627.1,0.0010035307914364434,3853,ENSG00000227627,ENSG00000227627
ENSG00000136244.11,0.0010033452514890695,3854,ENSG00000136244,IL6
ENSG00000112559.13,0.001003213110310285,3855,ENSG00000112559,MDFI
ENSG00000112981.4,0.0010032044140239943,3856,ENSG00000112981,NME5
ENSG00000235034.6,0.001003143986438371,3857,ENSG00000235034,C19orf81
ENSG00000134533.6,0.0010027873578329829,3858,ENSG00000134533,RERG
ENSG00000162039.14,0.0010025911951803068,3859,ENSG00000162039,MEIOB
ENSG00000248596.6,0.0010025077955092237,3860,ENSG00000248596,CEP192P1
ENSG00000179148.9,0.001002290538858817,3861,ENSG00000179148,ALOXE3
ENSG00000176956.12,0.0010022818064946925,3862,ENSG00000176956,LY6H
ENSG00000130032.15,0.0010022111814670092,3863,ENSG00000130032,PRRG3
ENSG00000160886.13,0.0010021953050100136,3864,ENSG00000160886,LY6K
ENSG00000135324.5,0.0010019943200199532,3865,ENSG00000135324,MRAP2
ENSG00000177363.4,0.0010016856000799018,3866,ENSG00000177363,LRRN4CL
ENSG00000006047.12,0.001001646268548908,3867,ENSG00000006047,YBX2
ENSG00000105290.11,0.0010016143541095174,3868,ENSG00000105290,APLP1
ENSG00000261625.1,0.0010013267729288477,3869,ENSG00000261625,ENSG00000261625
ENSG00000273046.1,0.001000707322655504,3870,ENSG00000273046,ENSG00000273046
ENSG00000257743.8,0.0010000581996083323,3871,ENSG00000257743,MGAM2
ENSG00000166342.18,0.0009995469478965464,3872,ENSG00000166342,NETO1
ENSG00000278195.1,0.0009994447015122543,3873,ENSG00000278195,SSTR3
ENSG00000127954.12,0.0009993052804328144,3874,ENSG00000127954,STEAP4
ENSG00000175264.7,0.0009992274507079728,3875,ENSG00000175264,CHST1
ENSG00000185634.11,0.0009990441537036827,3876,ENSG00000185634,SHC4
ENSG00000133256.12,0.0009988965683939445,3877,ENSG00000133256,PDE6B
ENSG00000170477.12,0.000998728992149759,3878,ENSG00000170477,KRT4
ENSG00000257207.5,0.0009983283029404812,3879,ENSG00000257207,ENSG00000257207
ENSG00000166450.12,0.0009981370613663663,3880,ENSG00000166450,PRTG
ENSG00000237732.9,0.0009974282525325336,3881,ENSG00000237732,CT75
ENSG00000148926.9,0.000997243482663313,3882,ENSG00000148926,ADM
ENSG00000130176.7,0.0009970436728319499,3883,ENSG00000130176,CNN1
ENSG00000137573.13,0.0009967878255347235,3884,ENSG00000137573,SULF1
ENSG00000143001.4,0.0009962686184741194,3885,ENSG00000143001,TMEM61
ENSG00000145681.10,0.0009962522397695226,3886,ENSG00000145681,HAPLN1
ENSG00000164920.9,0.0009958437551968729,3887,ENSG00000164920,OSR2
ENSG00000128510.10,0.0009956035254117188,3888,ENSG00000128510,CPA4
ENSG00000260604.2,0.0009952175225606166,3889,ENSG00000260604,TGILR
ENSG00000165548.10,0.0009945645919844583,3890,ENSG00000165548,TMEM63C
ENSG00000277125.1,0.0009945306419436451,3891,ENSG00000277125,PMS2P14
ENSG00000227755.1,0.000994172086815083,3892,ENSG00000227755,ENSG00000227755
ENSG00000233392.5,0.0009930810024314325,3893,ENSG00000233392,UICLM
ENSG00000183287.13,0.0009927067992733084,3894,ENSG00000183287,CCBE1
ENSG00000280571.1,0.0009923869142690902,3895,ENSG00000280571,ENSG00000280571
ENSG00000254959.6,0.0009923799927557548,3896,ENSG00000254959,INMT-MINDY4
ENSG00000276289.4,0.0009923290449827917,3897,ENSG00000276289,LOC102723475
ENSG00000180914.10,0.0009921745632246206,3898,ENSG00000180914,OXTR
ENSG00000108001.13,0.0009920281638276954,3899,ENSG00000108001,EBF3
ENSG00000167755.13,0.000991746489907737,3900,ENSG00000167755,KLK6
ENSG00000122574.10,0.0009916744169537364,3901,ENSG00000122574,WIPF3
ENSG00000155659.14,0.0009912241865322876,3902,ENSG00000155659,VSIG4
ENSG00000120885.19,0.0009910415119408148,3903,ENSG00000120885,CLU
ENSG00000134323.10,0.0009906806248142035,3904,ENSG00000134323,MYCN
ENSG00000223573.6,0.0009904461573824385,3905,ENSG00000223573,TINCR
ENSG00000133101.9,0.000990334230028849,3906,ENSG00000133101,CCNA1
ENSG00000234840.1,0.0009898722968073607,3907,ENSG00000234840,LINC01239
ENSG00000183914.14,0.0009892180876383432,3908,ENSG00000183914,DNAH2
ENSG00000113303.11,0.0009888875774768247,3909,ENSG00000113303,BTNL8
ENSG00000175874.9,0.0009887497853746127,3910,ENSG00000175874,CREG2
ENSG00000169071.14,0.0009882216552218627,3911,ENSG00000169071,ROR2
ENSG00000255571.6,0.0009881075350412678,3912,ENSG00000255571,MIR9-3HG
ENSG00000120149.8,0.0009877163323956904,3913,ENSG00000120149,MSX2
ENSG00000081479.12,0.0009874753151899484,3914,ENSG00000081479,LRP2
ENSG00000138669.9,0.0009872938790776809,3915,ENSG00000138669,PRKG2
ENSG00000224389.8,0.0009872002084062065,3916,ENSG00000224389,C4B
ENSG00000131044.16,0.0009869894769108224,3917,ENSG00000131044,TTLL9
ENSG00000010310.8,0.0009869120601282513,3918,ENSG00000010310,GIPR
ENSG00000197421.9,0.0009867495452168132,3919,ENSG00000197421,GGT3P
ENSG00000181291.6,0.0009864720899493472,3920,ENSG00000181291,TMEM132E
ENSG00000146678.9,0.0009863897838013412,3921,ENSG00000146678,IGFBP1
ENSG00000142661.18,0.0009863752706780003,3922,ENSG00000142661,MYOM3
ENSG00000223813.2,0.0009863214403164897,3923,ENSG00000223813,PRR15-DT
ENSG00000138131.3,0.0009861344034676255,3924,ENSG00000138131,LOXL4
ENSG00000237510.7,0.0009853724803778974,3925,ENSG00000237510,LOC128966744
ENSG00000235288.3,0.000984727921424999,3926,ENSG00000235288,ENSG00000235288
ENSG00000029534.19,0.000984492871197207,3927,ENSG00000029534,ANK1
ENSG00000248713.1,0.0009843071382376572,3928,ENSG00000248713,C4orf54
ENSG00000165309.13,0.0009838477454160834,3929,ENSG00000165309,ARMC3
ENSG00000162643.12,0.0009837504317442365,3930,ENSG00000162643,DNAI3
ENSG00000167889.12,0.0009836738532138412,3931,ENSG00000167889,MGAT5B
ENSG00000142494.13,0.000983455179897888,3932,ENSG00000142494,SLC47A1
ENSG00000250654.7,0.0009831914903639122,3933,ENSG00000250654,ENSG00000250654
ENSG00000111249.13,0.000983026029910558,3934,ENSG00000111249,CUX2
ENSG00000197261.11,0.0009829839796956764,3935,ENSG00000197261,C6orf141
ENSG00000196932.11,0.0009827077717085454,3936,ENSG00000196932,TMEM26
ENSG00000131094.3,0.0009816729415827873,3937,ENSG00000131094,C1QL1
ENSG00000183248.11,0.0009816138665075256,3938,ENSG00000183248,PRR36
ENSG00000053747.15,0.0009811857994964847,3939,ENSG00000053747,LAMA3
ENSG00000060718.18,0.0009811118527881415,3940,ENSG00000060718,COL11A1
ENSG00000180785.8,0.0009809730365764593,3941,ENSG00000180785,OR51E1
ENSG00000198780.11,0.0009809644994353457,3942,ENSG00000198780,FAM169A
ENSG00000267007.1,0.0009805741916910238,3943,ENSG00000267007,ENSG00000267007
ENSG00000175894.14,0.0009797072123911726,3944,ENSG00000175894,TSPEAR
ENSG00000142173.14,0.0009795577688630197,3945,ENSG00000142173,COL6A2
ENSG00000259207.7,0.000979453796026239,3946,ENSG00000259207,ITGB3
ENSG00000244731.7,0.0009792033211851988,3947,ENSG00000244731,C4A
ENSG00000186919.12,0.0009791831512352717,3948,ENSG00000186919,ZACN
ENSG00000016602.9,0.0009789941378295524,3949,ENSG00000016602,CLCA4
ENSG00000120332.15,0.0009789760598739644,3950,ENSG00000120332,TNN
ENSG00000047662.4,0.0009784937194448617,3951,ENSG00000047662,FAM184B
ENSG00000148600.14,0.00097837157551307,3952,ENSG00000148600,CDHR1
ENSG00000164294.13,0.0009783360452457813,3953,ENSG00000164294,GPX8
ENSG00000177994.15,0.0009781814563582431,3954,ENSG00000177994,CIMIP6
ENSG00000184682.5,0.0009781054190312565,3955,ENSG00000184682,ENSG00000184682
ENSG00000131620.17,0.0009780028815271184,3956,ENSG00000131620,ANO1
ENSG00000176769.9,0.000977156523804351,3957,ENSG00000176769,TCERG1L
ENSG00000133135.13,0.0009771494378327332,3958,ENSG00000133135,RNF128
ENSG00000265787.1,0.0009768450363857296,3959,ENSG00000265787,CYP4F35P
ENSG00000158428.3,0.000976569965915813,3960,ENSG00000158428,CATIP
ENSG00000054803.3,0.0009764533462852497,3961,ENSG00000054803,CBLN4
ENSG00000165194.14,0.0009760271854406976,3962,ENSG00000165194,PCDH19
ENSG00000145934.15,0.0009758313824242204,3963,ENSG00000145934,TENM2
ENSG00000176049.15,0.0009757959906602835,3964,ENSG00000176049,JAKMIP2
ENSG00000170549.3,0.0009756432910714733,3965,ENSG00000170549,IRX1
ENSG00000171450.5,0.0009755485544417501,3966,ENSG00000171450,CDK5R2
ENSG00000081842.17,0.0009755297925612517,3967,ENSG00000081842,PCDHA6
ENSG00000142583.17,0.0009753441339548708,3968,ENSG00000142583,SLC2A5
ENSG00000115414.18,0.000975250363572229,3969,ENSG00000115414,FN1
ENSG00000125144.13,0.0009752490741070859,3970,ENSG00000125144,MT1G
ENSG00000187546.13,0.0009750997485512863,3971,ENSG00000187546,AGMO
ENSG00000248801.6,0.0009745373872511364,3972,ENSG00000248801,C8orf34-AS1
ENSG00000187783.11,0.0009743818894670065,3973,ENSG00000187783,TMEM72
ENSG00000203805.10,0.0009743452989078437,3974,ENSG00000203805,PLPP4
ENSG00000152128.13,0.0009741496533801568,3975,ENSG00000152128,TMEM163
ENSG00000164761.8,0.0009740985573171992,3976,ENSG00000164761,TNFRSF11B
ENSG00000259420.5,0.0009739783838859442,3977,ENSG00000259420,LOC105370906
ENSG00000251569.1,0.0009737393014382428,3978,ENSG00000251569,ENSG00000251569
ENSG00000146374.13,0.0009735369497856317,3979,ENSG00000146374,RSPO3
ENSG00000169994.18,0.0009735209658726461,3980,ENSG00000169994,MYO7B
ENSG00000054356.13,0.0009730242629858907,3981,ENSG00000054356,PTPRN
ENSG00000274698.1,0.0009729728438017477,3982,ENSG00000274698,ENSG00000274698
ENSG00000172031.6,0.0009728774379823726,3983,ENSG00000172031,EPHX4
ENSG00000175879.8,0.0009727966967153724,3984,ENSG00000175879,HOXD8
ENSG00000261829.1,0.0009725974466542897,3985,ENSG00000261829,ENSG00000261829
ENSG00000001626.14,0.0009720747079309422,3986,ENSG00000001626,CFTR
ENSG00000108405.3,0.0009719693486477971,3987,ENSG00000108405,P2RX1
ENSG00000149527.17,0.0009719503317067248,3988,ENSG00000149527,PLCH2
ENSG00000164690.7,0.0009716102526931859,3989,ENSG00000164690,SHH
ENSG00000188848.15,0.0009712039902968748,3990,ENSG00000188848,BEND4
ENSG00000124935.3,0.0009709318666260273,3991,ENSG00000124935,SCGB1D2
ENSG00000156006.4,0.0009707844408139453,3992,ENSG00000156006,NAT2
ENSG00000111339.10,0.0009705136273449306,3993,ENSG00000111339,ART4
ENSG00000176998.4,0.0009702460928136369,3994,ENSG00000176998,HCG4
ENSG00000206557.5,0.0009701577481463772,3995,ENSG00000206557,TRIM71
ENSG00000124507.10,0.0009700598633525648,3996,ENSG00000124507,PACSIN1
ENSG00000236679.2,0.0009699139070028374,3997,ENSG00000236679,RPL23AP24
ENSG00000183775.10,0.0009696975785155957,3998,ENSG00000183775,KCTD16
ENSG00000146938.14,0.000969409951745965,3999,ENSG00000146938,NLGN4X
ENSG00000243232.4,0.0009693823077786087,4000,ENSG00000243232,PCDHAC2
ENSG00000171695.10,0.0009692596612283282,4001,ENSG00000171695,LKAAEAR1
ENSG00000104313.17,0.000969100433266257,4002,ENSG00000104313,EYA1
ENSG00000254211.5,0.000968861949214491,4003,ENSG00000254211,LINC01485
ENSG00000144290.16,0.0009687820757106705,4004,ENSG00000144290,SLC4A10
ENSG00000170075.8,0.0009686538316064906,4005,ENSG00000170075,GPR37L1
ENSG00000240563.1,0.0009685773043709772,4006,ENSG00000240563,L1TD1
ENSG00000262880.1,0.0009679205926726976,4007,ENSG00000262880,ENSG00000262880
ENSG00000256340.8,0.0009677905548896985,4008,ENSG00000256340,ABCC6P1
ENSG00000170577.7,0.0009677719820878255,4009,ENSG00000170577,SIX2
ENSG00000173262.11,0.0009675365130983181,4010,ENSG00000173262,SLC2A14
ENSG00000163075.12,0.0009674514095622692,4011,ENSG00000163075,CFAP221
ENSG00000044524.10,0.0009673047153020865,4012,ENSG00000044524,EPHA3
ENSG00000108691.9,0.0009671929420130107,4013,ENSG00000108691,CCL2
ENSG00000257219.5,0.0009670351612589731,4014,ENSG00000257219,LNCOG
ENSG00000269113.3,0.0009667691153815454,4015,ENSG00000269113,TRABD2B
ENSG00000105852.10,0.0009665921002819253,4016,ENSG00000105852,PON3
ENSG00000006118.14,0.0009665398943565091,4017,ENSG00000006118,TMEM132A
ENSG00000136541.14,0.000966465215781559,4018,ENSG00000136541,ERMN
ENSG00000119698.11,0.0009664242993664101,4019,ENSG00000119698,PPP4R4
ENSG00000135914.5,0.000966312019795948,4020,ENSG00000135914,HTR2B
ENSG00000168398.6,0.0009661357109742176,4021,ENSG00000168398,BDKRB2
ENSG00000021300.13,0.0009659093176864156,4022,ENSG00000021300,PLEKHB1
ENSG00000170423.12,0.0009656355096328198,4023,ENSG00000170423,KRT78
ENSG00000258465.6,0.0009651460746024405,4024,ENSG00000258465,ENSG00000258465
ENSG00000124491.15,0.000965046135849717,4025,ENSG00000124491,F13A1
ENSG00000143469.16,0.0009649373523454584,4026,ENSG00000143469,SYT14
ENSG00000106078.17,0.0009649289232552947,4027,ENSG00000106078,COBL
ENSG00000118322.12,0.0009648832013289723,4028,ENSG00000118322,ATP10B
ENSG00000145536.15,0.000964822405718756,4029,ENSG00000145536,ADAMTS16
ENSG00000108684.14,0.0009647838275591075,4030,ENSG00000108684,ASIC2
ENSG00000134363.11,0.000964439081106644,4031,ENSG00000134363,FST
ENSG00000187416.11,0.0009636696718654809,4032,ENSG00000187416,LHFPL3
ENSG00000233864.7,0.000963655960912785,4033,ENSG00000233864,ENSG00000233864
ENSG00000132821.11,0.0009632757310273178,4034,ENSG00000132821,VSTM2L
ENSG00000147041.11,0.0009626533500371936,4035,ENSG00000147041,SYTL5
ENSG00000259414.1,0.000962193283105856,4036,ENSG00000259414,ENSG00000259414
ENSG00000080709.14,0.0009621667214674092,4037,ENSG00000080709,KCNN2
ENSG00000168992.4,0.0009616523043070052,4038,ENSG00000168992,OR7E102P
ENSG00000124780.13,0.0009615409786881398,4039,ENSG00000124780,KCNK17
ENSG00000261760.6,0.0009608182305553954,4040,ENSG00000261760,ENSG00000261760
ENSG00000159625.14,0.0009608030905371649,4041,ENSG00000159625,DRC7
ENSG00000162692.10,0.0009604455460792251,4042,ENSG00000162692,VCAM1
ENSG00000174498.13,0.000960404709108648,4043,ENSG00000174498,IGDCC3
ENSG00000137843.11,0.0009596371160090958,4044,ENSG00000137843,PAK6
ENSG00000157613.10,0.0009594555989634609,4045,ENSG00000157613,CREB3L1
ENSG00000163083.5,0.0009593527029694486,4046,ENSG00000163083,INHBB
ENSG00000151023.16,0.0009589780754066904,4047,ENSG00000151023,ENKUR
ENSG00000143195.12,0.0009589673031508793,4048,ENSG00000143195,ILDR2
ENSG00000064218.4,0.0009588153403455274,4049,ENSG00000064218,DMRT3
ENSG00000225792.1,0.0009584885376809418,4050,ENSG00000225792,SNX10-AS1
ENSG00000167751.12,0.0009581051902879257,4051,ENSG00000167751,KLK2
ENSG00000172602.9,0.0009580874377647205,4052,ENSG00000172602,RND1
ENSG00000135423.12,0.0009577006838477506,4053,ENSG00000135423,GLS2
ENSG00000260802.1,0.000957661299133678,4054,ENSG00000260802,SERTM2
ENSG00000092009.10,0.00095754888951249,4055,ENSG00000092009,CMA1
ENSG00000235659.1,0.0009572338295626142,4056,ENSG00000235659,LOC102723678
ENSG00000168772.10,0.0009570275540565186,4057,ENSG00000168772,CXXC4
ENSG00000145147.19,0.0009569816245181055,4058,ENSG00000145147,SLIT2
ENSG00000249971.1,0.0009568752953419953,4059,ENSG00000249971,ENSG00000249971
ENSG00000041982.14,0.0009568176426197173,4060,ENSG00000041982,TNC
ENSG00000187244.10,0.0009566883480118621,4061,ENSG00000187244,BCAM
ENSG00000100344.10,0.0009565711192640894,4062,ENSG00000100344,PNPLA3
ENSG00000134760.5,0.0009563352908594874,4063,ENSG00000134760,DSG1
ENSG00000171759.8,0.0009559535868160786,4064,ENSG00000171759,PAH
ENSG00000272729.1,0.0009558091608681783,4065,ENSG00000272729,ENSG00000272729
ENSG00000233327.10,0.0009556155280491097,4066,ENSG00000233327,USP32P2
ENSG00000089225.19,0.0009551433945306966,4067,ENSG00000089225,TBX5
ENSG00000154620.5,0.0009551069635797432,4068,ENSG00000154620,TMSB4Y
ENSG00000006747.14,0.0009547298583785816,4069,ENSG00000006747,SCIN
ENSG00000177575.12,0.0009547253532514212,4070,ENSG00000177575,CD163
ENSG00000176692.5,0.000954596187273338,4071,ENSG00000176692,FOXC2
ENSG00000249839.1,0.0009544129868903382,4072,ENSG00000249839,PPIP5K1P1
ENSG00000105357.15,0.0009542322579333513,4073,ENSG00000105357,MYH14
ENSG00000113739.10,0.0009542198465911538,4074,ENSG00000113739,STC2
ENSG00000054179.11,0.0009541168276240558,4075,ENSG00000054179,ENTPD2
ENSG00000134207.14,0.0009539964783740384,4076,ENSG00000134207,SYT6
ENSG00000167131.16,0.0009537966885496296,4077,ENSG00000167131,DNAAF19
ENSG00000143036.16,0.0009536923189701839,4078,ENSG00000143036,SLC44A3
ENSG00000278192.1,0.0009535961502532779,4079,ENSG00000278192,ENSG00000278192
ENSG00000183671.12,0.0009534290015278115,4080,ENSG00000183671,CMKLR2
ENSG00000277745.1,0.0009534027324578666,4081,ENSG00000277745,H2AB3
ENSG00000233485.1,0.0009532652218886738,4082,ENSG00000233485,FHAD1-AS1
ENSG00000154319.14,0.0009531824169157775,4083,ENSG00000154319,FAM167A
ENSG00000243509.4,0.0009531280826091889,4084,ENSG00000243509,TNFRSF6B
ENSG00000167779.7,0.0009528390668908725,4085,ENSG00000167779,IGFBP6
ENSG00000174607.10,0.0009528054261539121,4086,ENSG00000174607,UGT8
ENSG00000154548.8,0.0009527553873210988,4087,ENSG00000154548,SRSF12
ENSG00000106258.13,0.0009526931297670312,4088,ENSG00000106258,CYP3A5
ENSG00000100285.9,0.0009525970333225763,4089,ENSG00000100285,NEFH
ENSG00000257386.1,0.0009524108010895082,4090,ENSG00000257386,ENSG00000257386
ENSG00000156564.8,0.0009524033891728058,4091,ENSG00000156564,LRFN2
ENSG00000167619.11,0.0009517552061614377,4092,ENSG00000167619,TMEM145
ENSG00000165821.11,0.0009510257534303195,4093,ENSG00000165821,SALL2
ENSG00000173898.11,0.0009508940292083578,4094,ENSG00000173898,SPTBN2
ENSG00000139988.9,0.0009508249231413807,4095,ENSG00000139988,RDH12
ENSG00000179292.4,0.0009506245901284952,4096,ENSG00000179292,TMEM151A
ENSG00000165092.12,0.0009505491819308432,4097,ENSG00000165092,ALDH1A1
ENSG00000184408.9,0.0009502174251372063,4098,ENSG00000184408,KCND2
ENSG00000163364.9,0.0009502012370960397,4099,ENSG00000163364,LINC01116
ENSG00000151025.9,0.00095009630608939,4100,ENSG00000151025,GPR158
ENSG00000171243.7,0.0009500248909121385,4101,ENSG00000171243,SOSTDC1
ENSG00000273471.1,0.0009497143177592674,4102,ENSG00000273471,ENSG00000273471
ENSG00000106034.17,0.0009497075621272748,4103,ENSG00000106034,CPED1
ENSG00000174469.17,0.0009494147883276342,4104,ENSG00000174469,CNTNAP2
ENSG00000172789.3,0.0009493384368020726,4105,ENSG00000172789,HOXC5
ENSG00000159712.10,0.0009488803627060199,4106,ENSG00000159712,ANKRD18CP
ENSG00000157542.9,0.0009480397073613959,4107,ENSG00000157542,KCNJ6
ENSG00000132026.13,0.0009479155025836082,4108,ENSG00000132026,RTBDN
ENSG00000141668.9,0.0009478960966474976,4109,ENSG00000141668,CBLN2
ENSG00000276101.1,0.0009475536515398543,4110,ENSG00000276101,ENSG00000276101
ENSG00000174226.8,0.0009469323780532258,4111,ENSG00000174226,SNX31
ENSG00000142748.12,0.0009468302134354937,4112,ENSG00000142748,FCN3
ENSG00000260907.1,0.000946602965268922,4113,ENSG00000260907,ENSG00000260907
ENSG00000183160.8,0.00094654945182346,4114,ENSG00000183160,TMEM119
ENSG00000196090.12,0.000946474673798439,4115,ENSG00000196090,PTPRT
ENSG00000184254.16,0.0009464356815835496,4116,ENSG00000184254,ALDH1A3
ENSG00000145451.12,0.0009463737245328945,4117,ENSG00000145451,GLRA3
ENSG00000149927.17,0.0009459663274940562,4118,ENSG00000149927,DOC2A
ENSG00000099194.5,0.0009452136363084313,4119,ENSG00000099194,SCD
ENSG00000111181.12,0.0009451905404612353,4120,ENSG00000111181,SLC6A12
ENSG00000135625.7,0.0009451610540840877,4121,ENSG00000135625,EGR4
ENSG00000246528.3,0.0009450108871520525,4122,ENSG00000246528,SLCO5A1-AS1
ENSG00000267034.1,0.0009447811014165956,4123,ENSG00000267034,ENSG00000267034
ENSG00000105270.14,0.0009446727072929852,4124,ENSG00000105270,CLIP3
ENSG00000138798.11,0.0009446696600390531,4125,ENSG00000138798,EGF
ENSG00000133134.11,0.0009445599839537012,4126,ENSG00000133134,BEX2
ENSG00000243083.5,0.000944437324416936,4127,ENSG00000243083,LINC00870
ENSG00000171560.14,0.0009443738488485683,4128,ENSG00000171560,FGA
ENSG00000263424.1,0.0009442067850409234,4129,ENSG00000263424,ENSG00000263424
ENSG00000136944.17,0.0009440996348424105,4130,ENSG00000136944,LMX1B
ENSG00000163623.9,0.0009439515311518419,4131,ENSG00000163623,NKX6-1
ENSG00000175318.11,0.000943481902115938,4132,ENSG00000175318,GRAMD2A
ENSG00000230798.5,0.0009430862101407348,4133,ENSG00000230798,FOXD3-AS1
ENSG00000264058.1,0.000942484195421831,4134,ENSG00000264058,ENSG00000264058
ENSG00000204580.11,0.0009422981807379498,4135,ENSG00000204580,DDR1
ENSG00000249816.6,0.0009419974465230544,4136,ENSG00000249816,LINC00964
ENSG00000155886.11,0.0009419541772762617,4137,ENSG00000155886,SLC24A2
ENSG00000205642.9,0.0009418900211558048,4138,ENSG00000205642,VCX3B
ENSG00000206129.3,0.0009418627466034064,4139,ENSG00000206129,ENSG00000206129
ENSG00000160862.12,0.0009407555720046952,4140,ENSG00000160862,AZGP1
ENSG00000155966.13,0.0009405737788116819,4141,ENSG00000155966,AFF2
ENSG00000137825.10,0.0009402418465729089,4142,ENSG00000137825,ITPKA
ENSG00000172000.7,0.0009401850702596638,4143,ENSG00000172000,ZNF556
ENSG00000137878.16,0.0009392903936638866,4144,ENSG00000137878,GCOM1
ENSG00000108309.12,0.0009389493826952255,4145,ENSG00000108309,RUNDC3A
ENSG00000165731.17,0.0009389018406090523,4146,ENSG00000165731,RET
ENSG00000124479.8,0.0009385103688852866,4147,ENSG00000124479,NDP
ENSG00000248144.5,0.0009384350073805754,4148,ENSG00000248144,ADH1C
ENSG00000180537.12,0.0009383349688364781,4149,ENSG00000180537,RNF182
ENSG00000100427.15,0.0009380922870926681,4150,ENSG00000100427,MLC1
ENSG00000247993.2,0.0009379829835851592,4151,ENSG00000247993,FOXD1-AS1
ENSG00000109265.12,0.00093786775685615,4152,ENSG00000109265,CRACD
ENSG00000265369.3,0.0009370404081362647,4153,ENSG00000265369,PCAT18
ENSG00000258947.6,0.0009368789944786806,4154,ENSG00000258947,TUBB3
ENSG00000203618.5,0.0009363379725517597,4155,ENSG00000203618,GP1BB
ENSG00000151490.13,0.0009360122028333574,4156,ENSG00000151490,PTPRO
ENSG00000162738.5,0.0009356055351507999,4157,ENSG00000162738,VANGL2
ENSG00000171476.21,0.0009354670877331774,4158,ENSG00000171476,HOPX
ENSG00000267750.5,0.0009353960976364806,4159,ENSG00000267750,RUNDC3A-AS1
ENSG00000179133.11,0.0009344316809368632,4160,ENSG00000179133,C10orf67
ENSG00000068781.20,0.0009344092417716832,4161,ENSG00000068781,STON1-GTF2A1L
ENSG00000180176.14,0.0009340599712589448,4162,ENSG00000180176,TH
ENSG00000256500.5,0.000933438647051856,4163,ENSG00000256500,ENSG00000256500
ENSG00000187867.8,0.0009332209885857439,4164,ENSG00000187867,PALM3
ENSG00000113389.15,0.0009331369842825038,4165,ENSG00000113389,NPR3
ENSG00000174473.15,0.0009327589274604624,4166,ENSG00000174473,GALNTL6
ENSG00000197977.3,0.0009325993315613699,4167,ENSG00000197977,ELOVL2
ENSG00000145506.13,0.0009322862038206259,4168,ENSG00000145506,NKD2
ENSG00000176788.8,0.0009322823588121546,4169,ENSG00000176788,BASP1
ENSG00000168779.19,0.0009316057981103492,4170,ENSG00000168779,SHOX2
ENSG00000112562.18,0.0009311754161125916,4171,ENSG00000112562,SMOC2
ENSG00000215559.8,0.0009311144357205611,4172,ENSG00000215559,ANKRD20A11P
ENSG00000143869.6,0.0009309004668104076,4173,ENSG00000143869,GDF7
ENSG00000165349.11,0.0009308108126663013,4174,ENSG00000165349,SLC7A3
ENSG00000176887.6,0.0009306054305239646,4175,ENSG00000176887,SOX11
ENSG00000143627.17,0.0009304758675392256,4176,ENSG00000143627,PKLR
ENSG00000198216.10,0.0009296109085678345,4177,ENSG00000198216,CACNA1E
ENSG00000250451.5,0.0009290847785762865,4178,ENSG00000250451,HOXC-AS1
ENSG00000272884.1,0.0009288323097465952,4179,ENSG00000272884,ENSG00000272884
ENSG00000166165.12,0.0009287400938498831,4180,ENSG00000166165,CKB
ENSG00000166448.14,0.0009284560004763047,4181,ENSG00000166448,TMEM130
ENSG00000007171.16,0.0009275124193104078,4182,ENSG00000007171,NOS2
ENSG00000172828.12,0.0009270493541888571,4183,ENSG00000172828,CES3
ENSG00000205403.12,0.0009269965580493926,4184,ENSG00000205403,CFI
ENSG00000105650.21,0.0009267757680026871,4185,ENSG00000105650,PDE4C
ENSG00000224886.2,0.0009261280135076351,4186,ENSG00000224886,ENSG00000224886
ENSG00000148942.14,0.0009258951934929254,4187,ENSG00000148942,SLC5A12
ENSG00000136011.14,0.0009257240703449712,4188,ENSG00000136011,STAB2
ENSG00000038295.7,0.0009254116248487252,4189,ENSG00000038295,TLL1
ENSG00000196482.16,0.0009252208421413622,4190,ENSG00000196482,ESRRG
ENSG00000232456.1,0.0009252180070869504,4191,ENSG00000232456,FAM131C2P
ENSG00000259663.2,0.0009252158821381903,4192,ENSG00000259663,ISL1-DT
ENSG00000242441.7,0.000925211996789447,4193,ENSG00000242441,GTF2A1L
ENSG00000137441.7,0.0009251570218774741,4194,ENSG00000137441,FGFBP2
ENSG00000143502.14,0.000924646446239411,4195,ENSG00000143502,SUSD4
ENSG00000083454.21,0.0009244885977044638,4196,ENSG00000083454,P2RX5
ENSG00000016402.12,0.0009244873184322283,4197,ENSG00000016402,IL20RA
ENSG00000038427.15,0.0009241046271317092,4198,ENSG00000038427,VCAN
ENSG00000169418.9,0.0009238705655342259,4199,ENSG00000169418,NPR1
ENSG00000187664.8,0.0009237952680749817,4200,ENSG00000187664,HAPLN4
ENSG00000223701.3,0.0009237364009228048,4201,ENSG00000223701,RAET1E-AS1
ENSG00000243491.1,0.0009235045005707611,4202,ENSG00000243491,ENSG00000243491
ENSG00000214050.7,0.0009230770756306172,4203,ENSG00000214050,FBXO16
ENSG00000261641.2,0.0009228048108809117,4204,ENSG00000261641,ENSG00000261641
ENSG00000165084.15,0.0009227256376617399,4205,ENSG00000165084,C8orf34
ENSG00000106689.10,0.000922646338533089,4206,ENSG00000106689,LHX2
ENSG00000144893.12,0.0009225956681992817,4207,ENSG00000144893,MED12L
ENSG00000140479.16,0.0009224341026304578,4208,ENSG00000140479,PCSK6
ENSG00000125845.6,0.0009222979106753095,4209,ENSG00000125845,BMP2
ENSG00000266441.1,0.0009222746307314559,4210,ENSG00000266441,ARHGAP28-AS1
ENSG00000237380.6,0.000922118149860521,4211,ENSG00000237380,HOXD-AS2
ENSG00000273213.1,0.000922101204346995,4212,ENSG00000273213,H3-7
ENSG00000232079.6,0.0009220635033021789,4213,ENSG00000232079,LINC01697
ENSG00000129951.18,0.0009220430746929977,4214,ENSG00000129951,PLPPR3
ENSG00000174899.10,0.0009220344716023984,4215,ENSG00000174899,SLC66A1LP
ENSG00000185681.12,0.0009217070358056918,4216,ENSG00000185681,MORN5
ENSG00000258754.7,0.0009216540105291565,4217,ENSG00000258754,LINC01579
ENSG00000240069.1,0.0009212419293565318,4218,ENSG00000240069,GPAA1P1
ENSG00000140527.14,0.0009207983150296724,4219,ENSG00000140527,WDR93
ENSG00000101198.14,0.0009203971195395563,4220,ENSG00000101198,NKAIN4
ENSG00000256040.2,0.0009202867360634983,4221,ENSG00000256040,PAPPA-AS1
ENSG00000198729.4,0.0009202018265463977,4222,ENSG00000198729,PPP1R14C
ENSG00000204963.5,0.0009201830057189601,4223,ENSG00000204963,PCDHA7
ENSG00000204262.11,0.0009197255621854818,4224,ENSG00000204262,COL5A2
ENSG00000144810.15,0.0009196144982041727,4225,ENSG00000144810,COL8A1
ENSG00000183542.5,0.0009191382506266998,4226,ENSG00000183542,KLRC4
ENSG00000171004.17,0.0009189400499679265,4227,ENSG00000171004,HS6ST2
ENSG00000174938.14,0.0009181980039161024,4228,ENSG00000174938,SEZ6L2
ENSG00000250387.2,0.0009174646940741002,4229,ENSG00000250387,LINC02197
ENSG00000164007.10,0.000917369190755272,4230,ENSG00000164007,CLDN19
ENSG00000275896.4,0.0009173681976228415,4231,ENSG00000275896,PRSS2
ENSG00000265967.1,0.0009170950085403946,4232,ENSG00000265967,ENSG00000265967
ENSG00000238243.3,0.0009168851249824584,4233,ENSG00000238243,OR2W3
ENSG00000138083.4,0.0009168244911141557,4234,ENSG00000138083,SIX3
ENSG00000279561.2,0.0009167735971749451,4235,ENSG00000279561,LOC100132249
ENSG00000179603.17,0.0009165968147001119,4236,ENSG00000179603,GRM8
ENSG00000163273.3,0.0009164075206065105,4237,ENSG00000163273,NPPC
ENSG00000177551.5,0.0009163375627674667,4238,ENSG00000177551,NHLH2
ENSG00000122121.10,0.000916329418428671,4239,ENSG00000122121,XPNPEP2
ENSG00000249790.2,0.0009161592259219126,4240,ENSG00000249790,LINC02972
ENSG00000268120.1,0.0009154355156976015,4241,ENSG00000268120,ENSG00000268120
ENSG00000243888.1,0.000915269895466363,4242,ENSG00000243888,ENSG00000243888
ENSG00000143355.15,0.0009151941451925698,4243,ENSG00000143355,LHX9
ENSG00000138771.14,0.000915048731209083,4244,ENSG00000138771,SHROOM3
ENSG00000015520.14,0.0009148974513772566,4245,ENSG00000015520,NPC1L1
ENSG00000087245.12,0.0009148541230227944,4246,ENSG00000087245,MMP2
ENSG00000135750.14,0.0009148170543075228,4247,ENSG00000135750,KCNK1
ENSG00000087494.15,0.0009147171421606699,4248,ENSG00000087494,PTHLH
ENSG00000187486.5,0.0009145448846118557,4249,ENSG00000187486,KCNJ11
ENSG00000232229.5,0.0009144377381746521,4250,ENSG00000232229,LINC00865
ENSG00000168754.13,0.0009141255213121333,4251,ENSG00000168754,FAM178B
ENSG00000186148.11,0.0009133223528582845,4252,ENSG00000186148,ENSG00000186148
ENSG00000026559.13,0.0009131885925347173,4253,ENSG00000026559,KCNG1
ENSG00000197614.10,0.0009131481680810933,4254,ENSG00000197614,MFAP5
ENSG00000138944.7,0.0009131142817175357,4255,ENSG00000138944,SHISAL1
ENSG00000249884.8,0.0009130199811790379,4256,ENSG00000249884,RNF103-CHMP3
ENSG00000099994.10,0.0009129217897922034,4257,ENSG00000099994,SUSD2
ENSG00000090932.10,0.0009122539732385485,4258,ENSG00000090932,DLL3
ENSG00000241697.4,0.0009121065810197742,4259,ENSG00000241697,TMEFF1
ENSG00000170962.12,0.0009120671896204021,4260,ENSG00000170962,PDGFD
ENSG00000277013.1,0.0009120181092728978,4261,ENSG00000277013,SUNO1
ENSG00000270135.1,0.0009117432737434403,4262,ENSG00000270135,ENSG00000270135
ENSG00000105409.15,0.0009115142107309836,4263,ENSG00000105409,ATP1A3
ENSG00000277022.1,0.0009113387136146154,4264,ENSG00000277022,ENSG00000277022
ENSG00000157766.15,0.0009109485801394948,4265,ENSG00000157766,ACAN
ENSG00000121898.12,0.0009109443994265719,4266,ENSG00000121898,CPXM2
ENSG00000261175.5,0.0009106692201520532,4267,ENSG00000261175,LINC02188
ENSG00000135111.14,0.0009104007228615285,4268,ENSG00000135111,TBX3
ENSG00000144229.11,0.0009102445145901225,4269,ENSG00000144229,THSD7B
ENSG00000173597.8,0.0009101957097827876,4270,ENSG00000173597,SULT1B1
ENSG00000079931.14,0.0009099870318680593,4271,ENSG00000079931,MOXD1
ENSG00000168589.14,0.000909930697187997,4272,ENSG00000168589,DYNLRB2
ENSG00000150551.10,0.0009094997688072607,4273,ENSG00000150551,LYPD1
ENSG00000128645.12,0.00090864987873975,4274,ENSG00000128645,HOXD1
ENSG00000204291.10,0.0009083548689326637,4275,ENSG00000204291,COL15A1
ENSG00000167972.13,0.0009080944287318895,4276,ENSG00000167972,ABCA3
ENSG00000011677.12,0.0009077398822105603,4277,ENSG00000011677,GABRA3
ENSG00000132464.11,0.0009072696561497184,4278,ENSG00000132464,ENAM
ENSG00000214889.3,0.0009065136787192895,4279,ENSG00000214889,RPS9P1
ENSG00000111432.4,0.0009063415348875337,4280,ENSG00000111432,FZD10
ENSG00000152270.8,0.0009060581281458245,4281,ENSG00000152270,PDE3B
ENSG00000119681.11,0.0009058501948287413,4282,ENSG00000119681,LTBP2
ENSG00000196208.13,0.0009054903625450384,4283,ENSG00000196208,GREB1
ENSG00000197210.7,0.0009054812303320417,4284,ENSG00000197210,ENSG00000197210
ENSG00000186493.11,0.0009053836121712735,4285,ENSG00000186493,IRX2-DT
ENSG00000164627.17,0.0009052846684915839,4286,ENSG00000164627,KIF6
ENSG00000179902.12,0.0009050431294461057,4287,ENSG00000179902,CFAP276
ENSG00000164100.8,0.000904972547159772,4288,ENSG00000164100,NDST3
ENSG00000106819.11,0.0009049613262278698,4289,ENSG00000106819,ASPN
ENSG00000133392.16,0.000904929388155852,4290,ENSG00000133392,MYH11
ENSG00000261634.3,0.0009049151956426328,4291,ENSG00000261634,PAQR5-DT
ENSG00000275004.3,0.0009047485346168984,4292,ENSG00000275004,ZNF280B
ENSG00000183317.16,0.0009047395480717084,4293,ENSG00000183317,EPHA10
ENSG00000105048.16,0.000904661152002809,4294,ENSG00000105048,TNNT1
ENSG00000279419.1,0.0009044523274876738,4295,ENSG00000279419,ENSG00000279419
ENSG00000167157.10,0.0009043626976902282,4296,ENSG00000167157,PRRX2
ENSG00000017427.15,0.0009043516490031981,4297,ENSG00000017427,IGF1
ENSG00000263986.1,0.0009036941365954184,4298,ENSG00000263986,ENSG00000263986
ENSG00000112796.9,0.0009035700847997693,4299,ENSG00000112796,ENPP5
ENSG00000232040.2,0.0009035369344594945,4300,ENSG00000232040,SCAND3
ENSG00000134873.9,0.0009034553762413281,4301,ENSG00000134873,CLDN10
ENSG00000185974.6,0.0009032317422621383,4302,ENSG00000185974,GRK1
ENSG00000166869.2,0.0009032267900524556,4303,ENSG00000166869,CHP2
ENSG00000007933.12,0.0009027989641143627,4304,ENSG00000007933,FMO3
ENSG00000279618.1,0.0009026689341063151,4305,ENSG00000279618,ENSG00000279618
ENSG00000106483.11,0.0009024513619608384,4306,ENSG00000106483,SFRP4
ENSG00000172548.14,0.0009022224920652868,4307,ENSG00000172548,NIPAL4
ENSG00000187068.2,0.0009021854852822171,4308,ENSG00000187068,C3orf70
ENSG00000171509.15,0.000902137322353402,4309,ENSG00000171509,RXFP1
ENSG00000171766.15,0.000901903144169949,4310,ENSG00000171766,GATM
ENSG00000169213.6,0.000901422599211066,4311,ENSG00000169213,RAB3B
ENSG00000267868.1,0.0009010775166635584,4312,ENSG00000267868,ENSG00000267868
ENSG00000204970.9,0.0009007006921804081,4313,ENSG00000204970,PCDHA1
ENSG00000138675.16,0.0009005672205922072,4314,ENSG00000138675,FGF5
ENSG00000278621.1,0.0009003056759942967,4315,ENSG00000278621,THBS1-AS1
ENSG00000144488.14,0.0009002220236572288,4316,ENSG00000144488,ESPNL
ENSG00000259038.1,0.0009002161122808624,4317,ENSG00000259038,ENSG00000259038
ENSG00000246283.2,0.000900141244421962,4318,ENSG00000246283,TTBK2-AS1
ENSG00000242516.1,0.0009000273789219464,4319,ENSG00000242516,LINC00960
ENSG00000215808.2,0.0008996683156716177,4320,ENSG00000215808,LINC01139
ENSG00000253445.1,0.0008996643086820754,4321,ENSG00000253445,ENSG00000253445
ENSG00000126778.8,0.0008996597128134435,4322,ENSG00000126778,SIX1
ENSG00000250424.4,0.000899398173124729,4323,ENSG00000250424,ENSG00000250424
ENSG00000173698.17,0.0008993827223651693,4324,ENSG00000173698,ADGRG2
ENSG00000223764.2,0.0008993258172851469,4325,ENSG00000223764,LINC02593
ENSG00000159164.9,0.0008991482984915749,4326,ENSG00000159164,SV2A
ENSG00000140093.9,0.000899056555875815,4327,ENSG00000140093,SERPINA10
ENSG00000248235.6,0.0008985911540747018,4328,ENSG00000248235,ENSG00000248235
ENSG00000159263.15,0.0008985722305380474,4329,ENSG00000159263,SIM2
ENSG00000233098.8,0.0008980772347446595,4330,ENSG00000233098,CCDC144NL-AS1
ENSG00000128253.13,0.0008977666321254057,4331,ENSG00000128253,RFPL2
ENSG00000267436.1,0.0008976450010009991,4332,ENSG00000267436,MFSD12-AS1
ENSG00000118094.11,0.0008974589495718251,4333,ENSG00000118094,TREH
ENSG00000150394.13,0.0008971994344627558,4334,ENSG00000150394,CDH8
ENSG00000171051.8,0.0008969937959608894,4335,ENSG00000171051,FPR1
ENSG00000185567.6,0.0008966368041315085,4336,ENSG00000185567,AHNAK2
ENSG00000213023.9,0.0008963435965328749,4337,ENSG00000213023,SYT3
ENSG00000147488.11,0.0008961737589442419,4338,ENSG00000147488,ST18
ENSG00000186377.7,0.0008961645424265248,4339,ENSG00000186377,CYP4X1
ENSG00000259607.1,0.0008959317821709091,4340,ENSG00000259607,ENSG00000259607
ENSG00000102359.5,0.0008958792433483181,4341,ENSG00000102359,SRPX2
ENSG00000090530.9,0.0008957913332526383,4342,ENSG00000090530,P3H2
ENSG00000198211.8,0.0008956943276587723,4343,ENSG00000198211,ENSG00000198211
ENSG00000273262.1,0.0008951284674099335,4344,ENSG00000273262,ENSG00000273262
ENSG00000053328.8,0.0008950398881574971,4345,ENSG00000053328,METTL24
ENSG00000084453.16,0.0008947822322975563,4346,ENSG00000084453,SLCO1A2
ENSG00000004846.16,0.0008946275015664753,4347,ENSG00000004846,ABCB5
ENSG00000168743.12,0.000894251588162928,4348,ENSG00000168743,NPNT
ENSG00000144857.14,0.0008937379273652276,4349,ENSG00000144857,BOC
ENSG00000138028.14,0.000893441052378562,4350,ENSG00000138028,CGREF1
ENSG00000259080.1,0.0008931543023679475,4351,ENSG00000259080,ENSG00000259080
ENSG00000249715.9,0.0008930668423291738,4352,ENSG00000249715,FER1L5
ENSG00000176406.20,0.0008930517045222668,4353,ENSG00000176406,RIMS2
ENSG00000134716.9,0.0008929643809920202,4354,ENSG00000134716,CYP2J2
ENSG00000107105.14,0.0008927231378001991,4355,ENSG00000107105,ELAVL2
ENSG00000204644.9,0.0008926785109398406,4356,ENSG00000204644,ZFP57
ENSG00000122176.10,0.0008925792574793681,4357,ENSG00000122176,FMOD
ENSG00000261499.2,0.0008922021774303204,4358,ENSG00000261499,ENSG00000261499
ENSG00000147573.16,0.0008918079615479889,4359,ENSG00000147573,TRIM55
ENSG00000111799.20,0.0008915180424594135,4360,ENSG00000111799,COL12A1
ENSG00000023171.14,0.0008906521167589145,4361,ENSG00000023171,GRAMD1B
ENSG00000152785.6,0.0008905741418910877,4362,ENSG00000152785,BMP3
ENSG00000169247.11,0.0008904055012872402,4363,ENSG00000169247,SH3TC2
ENSG00000257550.1,0.0008902342209190962,4364,ENSG00000257550,ATF7-AS1
ENSG00000206113.7,0.0008901128677911727,4365,ENSG00000206113,CFAP99
ENSG00000204072.3,0.0008901014657950137,4366,ENSG00000204072,ARMCX7P
ENSG00000169562.9,0.0008900398127155352,4367,ENSG00000169562,GJB1
ENSG00000197410.12,0.0008899770901542913,4368,ENSG00000197410,DCHS2
ENSG00000154736.5,0.0008899295056309688,4369,ENSG00000154736,ADAMTS5
ENSG00000157680.15,0.0008897804679598443,4370,ENSG00000157680,DGKI
ENSG00000162931.11,0.0008895956508974858,4371,ENSG00000162931,TRIM17
ENSG00000148734.7,0.0008893254114200068,4372,ENSG00000148734,NPFFR1
ENSG00000116035.2,0.0008889181639056356,4373,ENSG00000116035,VAX2
ENSG00000225108.1,0.0008887622637737699,4374,ENSG00000225108,ZBTB45P1
ENSG00000086991.12,0.0008884285567257068,4375,ENSG00000086991,NOX4
ENSG00000157423.17,0.000888191019033581,4376,ENSG00000157423,HYDIN
ENSG00000143867.6,0.0008869958201276862,4377,ENSG00000143867,OSR1
ENSG00000176907.4,0.0008868506716946297,4378,ENSG00000176907,TCIM
ENSG00000255629.1,0.0008860020217948885,4379,ENSG00000255629,ENSG00000255629
ENSG00000249240.2,0.0008859550765526427,4380,ENSG00000249240,ENSG00000249240
ENSG00000154175.16,0.0008858960356837504,4381,ENSG00000154175,ABI3BP
ENSG00000225986.1,0.0008852275843396785,4382,ENSG00000225986,ENSG00000225986
ENSG00000121753.12,0.0008851366408349012,4383,ENSG00000121753,ADGRB2
ENSG00000176244.6,0.0008850800937009192,4384,ENSG00000176244,ACBD7
ENSG00000114270.15,0.0008850346621392572,4385,ENSG00000114270,COL7A1
ENSG00000105707.13,0.0008849398142226482,4386,ENSG00000105707,HPN
ENSG00000086205.16,0.0008845604825041055,4387,ENSG00000086205,FOLH1
ENSG00000196167.9,0.0008841860489740281,4388,ENSG00000196167,COLCA1
ENSG00000130700.6,0.0008831237508203571,4389,ENSG00000130700,GATA5
ENSG00000143153.12,0.0008830290308594943,4390,ENSG00000143153,ATP1B1
ENSG00000272514.5,0.0008829190860353166,4391,ENSG00000272514,CFAP206
ENSG00000171951.4,0.0008828923649944957,4392,ENSG00000171951,SCG2
ENSG00000255399.3,0.000882136994892705,4393,ENSG00000255399,TBX5-AS1
ENSG00000271714.1,0.0008818271711063886,4394,ENSG00000271714,FAM169A-AS1
ENSG00000103460.16,0.0008816484716862797,4395,ENSG00000103460,TOX3
ENSG00000137960.5,0.00088152949559809,4396,ENSG00000137960,GIPC2
ENSG00000119125.16,0.0008813088777447197,4397,ENSG00000119125,GDA
ENSG00000257767.2,0.0008810724583320131,4398,ENSG00000257767,ENSG00000257767
ENSG00000176884.14,0.0008810661048270871,4399,ENSG00000176884,GRIN1
ENSG00000117115.12,0.0008808934258307795,4400,ENSG00000117115,PADI2
ENSG00000076864.19,0.0008805398571345651,4401,ENSG00000076864,RAP1GAP
ENSG00000143603.18,0.0008805216522991112,4402,ENSG00000143603,KCNN3
ENSG00000204967.10,0.0008802580309093188,4403,ENSG00000204967,PCDHA4
ENSG00000274933.4,0.0008801534564375847,4404,ENSG00000274933,TBC1D3I
ENSG00000258818.3,0.0008799777081641983,4405,ENSG00000258818,RNASE4
ENSG00000234690.6,0.0008796475424120515,4406,ENSG00000234690,EPCAM-DT
ENSG00000140873.15,0.0008793604779628809,4407,ENSG00000140873,ADAMTS18
ENSG00000227141.2,0.0008788962338640913,4408,ENSG00000227141,ENSG00000227141
ENSG00000166501.12,0.0008777512809350588,4409,ENSG00000166501,PRKCB
ENSG00000099822.2,0.0008773548888930564,4410,ENSG00000099822,HCN2
ENSG00000128652.11,0.000877096009579623,4411,ENSG00000128652,HOXD3
ENSG00000269376.1,0.0008765928018859825,4412,ENSG00000269376,ENSG00000269376
ENSG00000086159.12,0.0008764360590027679,4413,ENSG00000086159,AQP6
ENSG00000162105.16,0.0008762962556700596,4414,ENSG00000162105,SHANK2
ENSG00000187398.11,0.0008758691550008541,4415,ENSG00000187398,LUZP2
ENSG00000279232.1,0.0008749183592012155,4416,ENSG00000279232,ENSG00000279232
ENSG00000265303.1,0.0008744546158793087,4417,ENSG00000265303,ENSG00000265303
ENSG00000174460.3,0.0008739200249510801,4418,ENSG00000174460,ZCCHC12
ENSG00000080293.9,0.0008737865307122933,4419,ENSG00000080293,SCTR
ENSG00000162174.12,0.0008728250463606673,4420,ENSG00000162174,ASRGL1
ENSG00000231764.8,0.0008726278571482628,4421,ENSG00000231764,DLX6-AS1
ENSG00000203280.4,0.0008725303010816254,4422,ENSG00000203280,KIAA1671-AS1
ENSG00000267323.1,0.0008725136422375108,4423,ENSG00000267323,SLC25A1P5
ENSG00000279535.1,0.0008724370846805076,4424,ENSG00000279535,ENSG00000279535
ENSG00000226674.8,0.000872355575079727,4425,ENSG00000226674,TEX41
ENSG00000157470.11,0.0008721475654937435,4426,ENSG00000157470,FAM81A
ENSG00000277150.1,0.0008719194522139354,4427,ENSG00000277150,F8A3
ENSG00000089101.17,0.0008717028383656124,4428,ENSG00000089101,CFAP61
ENSG00000204540.10,0.0008711467675548372,4429,ENSG00000204540,PSORS1C1
ENSG00000273598.1,0.0008711392723305117,4430,ENSG00000273598,PMS2P10
ENSG00000138622.3,0.0008710932448822486,4431,ENSG00000138622,HCN4
ENSG00000182329.10,0.0008710489554009128,4432,ENSG00000182329,KIAA2012
ENSG00000164199.15,0.0008708605693812353,4433,ENSG00000164199,ADGRV1
ENSG00000175920.15,0.0008707438307053676,4434,ENSG00000175920,DOK7
ENSG00000170396.7,0.0008706288798683261,4435,ENSG00000170396,ZNF804A
ENSG00000183780.12,0.0008706234498564392,4436,ENSG00000183780,SLC35F3
ENSG00000198846.5,0.0008705277968213214,4437,ENSG00000198846,TOX
ENSG00000126895.13,0.0008704321469934775,4438,ENSG00000126895,AVPR2
ENSG00000204950.3,0.0008704098352207563,4439,ENSG00000204950,LRRC10B
ENSG00000185519.8,0.0008700860043129906,4440,ENSG00000185519,FAM131C
ENSG00000204588.5,0.0008698785904955594,4441,ENSG00000204588,LINC01123
ENSG00000103546.18,0.0008696043181318988,4442,ENSG00000103546,SLC6A2
ENSG00000068078.17,0.0008694373241808391,4443,ENSG00000068078,FGFR3
ENSG00000206538.7,0.0008685257691571312,4444,ENSG00000206538,VGLL3
ENSG00000180447.6,0.0008683666782186108,4445,ENSG00000180447,GAS1
ENSG00000215304.3,0.0008677481698575745,4446,ENSG00000215304,ENSG00000215304
ENSG00000270617.1,0.0008672980986470816,4447,ENSG00000270617,URGCP-MRPS24
ENSG00000050555.17,0.0008672355892600826,4448,ENSG00000050555,LAMC3
ENSG00000279693.1,0.0008671446915220326,4449,ENSG00000279693,ENSG00000279693
ENSG00000161798.6,0.0008668777647753906,4450,ENSG00000161798,AQP5
ENSG00000085276.17,0.0008667590531893343,4451,ENSG00000085276,MECOM
ENSG00000163032.11,0.0008663748905199657,4452,ENSG00000163032,VSNL1
ENSG00000127561.14,0.000866137577894077,4453,ENSG00000127561,SYNGR3
ENSG00000258984.5,0.0008661177263605541,4454,ENSG00000258984,UBE2F-SCLY
ENSG00000137571.10,0.0008658744332094346,4455,ENSG00000137571,SLCO5A1
ENSG00000137809.16,0.0008656892336659493,4456,ENSG00000137809,ITGA11
ENSG00000133661.15,0.0008655980749404337,4457,ENSG00000133661,SFTPD
ENSG00000184828.9,0.0008652026177267841,4458,ENSG00000184828,ZBTB7C
ENSG00000155093.17,0.0008648677963133853,4459,ENSG00000155093,PTPRN2
ENSG00000273294.1,0.0008647557808441217,4460,ENSG00000273294,C1QTNF3-AMACR
ENSG00000092850.11,0.0008643309741858462,4461,ENSG00000092850,TEKT2
ENSG00000157388.13,0.0008635024182080537,4462,ENSG00000157388,CACNA1D
ENSG00000102802.9,0.0008634199988120128,4463,ENSG00000102802,MEDAG
ENSG00000242715.7,0.0008633034116973183,4464,ENSG00000242715,CCDC169
ENSG00000153303.16,0.0008629636842746899,4465,ENSG00000153303,FRMD1
ENSG00000111728.10,0.0008626455070835893,4466,ENSG00000111728,ST8SIA1
ENSG00000127249.14,0.0008623387686207205,4467,ENSG00000127249,ATP13A4
ENSG00000102010.14,0.0008615307251197341,4468,ENSG00000102010,BMX
ENSG00000258555.4,0.0008615092900854198,4469,ENSG00000258555,SPECC1L-ADORA2A
ENSG00000137869.13,0.0008614924261998421,4470,ENSG00000137869,CYP19A1
ENSG00000120471.14,0.0008613409842100445,4471,ENSG00000120471,TP53AIP1
ENSG00000186766.7,0.0008604561575433174,4472,ENSG00000186766,FOXI2
ENSG00000160188.9,0.0008602138531904561,4473,ENSG00000160188,RSPH1
ENSG00000034053.14,0.0008601201067573057,4474,ENSG00000034053,APBA2
ENSG00000254585.2,0.0008599144270416391,4475,ENSG00000254585,MAGEL2
ENSG00000240618.1,0.0008597950230159743,4476,ENSG00000240618,ENSG00000240618
ENSG00000099625.12,0.0008590540023564065,4477,ENSG00000099625,CBARP
ENSG00000122254.6,0.0008589034020233742,4478,ENSG00000122254,HS3ST2
ENSG00000258973.1,0.0008585648906183289,4479,ENSG00000258973,ENSG00000258973
ENSG00000168658.18,0.0008579684344579357,4480,ENSG00000168658,VWA3B
ENSG00000274629.1,0.0008577147425370405,4481,ENSG00000274629,ENSG00000274629
ENSG00000230018.1,0.0008576402545691033,4482,ENSG00000230018,PPIAP39
ENSG00000136574.17,0.0008574103865200166,4483,ENSG00000136574,GATA4
ENSG00000163449.10,0.0008566652476924285,4484,ENSG00000163449,TMEM169
ENSG00000080644.15,0.0008565108734125342,4485,ENSG00000080644,CHRNA3
ENSG00000140557.11,0.0008564990144009787,4486,ENSG00000140557,ST8SIA2
ENSG00000054938.15,0.0008557753656687789,4487,ENSG00000054938,CHRDL2
ENSG00000128594.7,0.0008555064351254821,4488,ENSG00000128594,LRRC4
ENSG00000118402.5,0.0008547633387622954,4489,ENSG00000118402,ELOVL4
ENSG00000146411.5,0.0008547264015238288,4490,ENSG00000146411,SLC2A12
ENSG00000006377.10,0.000854612482702688,4491,ENSG00000006377,DLX6
ENSG00000131080.14,0.0008545567544814284,4492,ENSG00000131080,EDA2R
ENSG00000224413.1,0.0008544725323757869,4493,ENSG00000224413,ENSG00000224413
ENSG00000142549.9,0.0008544311480741975,4494,ENSG00000142549,IGLON5
ENSG00000101463.5,0.0008543903815660082,4495,ENSG00000101463,SYNDIG1
ENSG00000163064.6,0.0008538044316825297,4496,ENSG00000163064,EN1
ENSG00000258334.1,0.0008537990944450897,4497,ENSG00000258334,TROAP-AS1
ENSG00000260107.1,0.0008535642772043822,4498,ENSG00000260107,ENSG00000260107
ENSG00000057593.13,0.0008535153464227609,4499,ENSG00000057593,F7
ENSG00000124920.13,0.0008534937909388911,4500,ENSG00000124920,MYRF
ENSG00000128285.4,0.000852911277815363,4501,ENSG00000128285,MCHR1
ENSG00000169218.13,0.0008519777500806173,4502,ENSG00000169218,RSPO1
ENSG00000129990.14,0.0008519337091245415,4503,ENSG00000129990,SYT5
ENSG00000167332.7,0.0008515620218405924,4504,ENSG00000167332,OR51E2
ENSG00000105877.17,0.0008511849593865612,4505,ENSG00000105877,DNAH11
ENSG00000214491.8,0.0008505755531445782,4506,ENSG00000214491,SEC14L6
ENSG00000152503.9,0.0008498749898287563,4507,ENSG00000152503,TRIM36
ENSG00000198542.13,0.0008495060388684664,4508,ENSG00000198542,ITGBL1
ENSG00000120440.13,0.0008492929516137593,4509,ENSG00000120440,TTLL2
ENSG00000186431.18,0.0008491960254874677,4510,ENSG00000186431,FCAR
ENSG00000156103.15,0.0008491065819664471,4511,ENSG00000156103,MMP16
ENSG00000205795.4,0.0008487734028454658,4512,ENSG00000205795,CYS1
ENSG00000204767.3,0.0008486370358557327,4513,ENSG00000204767,INSYN2B
ENSG00000141485.15,0.0008481181861870576,4514,ENSG00000141485,SLC13A5
ENSG00000173253.14,0.000848045393708251,4515,ENSG00000173253,DMRT2
ENSG00000259970.1,0.0008476252039667769,4516,ENSG00000259970,ENSG00000259970
ENSG00000160111.12,0.0008475978088311198,4517,ENSG00000160111,CPAMD8
ENSG00000185652.11,0.0008468668830964207,4518,ENSG00000185652,NTF3
ENSG00000260597.1,0.0008467219183409134,4519,ENSG00000260597,ENSG00000260597
ENSG00000236682.1,0.0008465734242184582,4520,ENSG00000236682,MAP3K2-DT
ENSG00000135218.17,0.0008464934698124928,4521,ENSG00000135218,CD36
ENSG00000251664.3,0.0008462941547829452,4522,ENSG00000251664,PCDHA12
ENSG00000223923.1,0.0008460817855699337,4523,ENSG00000223923,TNS1-AS1
ENSG00000186340.14,0.0008458899151519136,4524,ENSG00000186340,THBS2
ENSG00000183778.17,0.0008456175240251832,4525,ENSG00000183778,B3GALT5
ENSG00000272701.2,0.0008452047276997503,4526,ENSG00000272701,MESTIT1
ENSG00000129194.7,0.0008452013016134499,4527,ENSG00000129194,SOX15
ENSG00000271824.1,0.000845106514198186,4528,ENSG00000271824,SMIM32
ENSG00000250942.1,0.0008449328869151874,4529,ENSG00000250942,ENPP7P11
ENSG00000152495.10,0.0008447505555261482,4530,ENSG00000152495,CAMK4
ENSG00000261822.1,0.0008439501727178987,4531,ENSG00000261822,ENSG00000261822
ENSG00000198774.4,0.0008435548407288234,4532,ENSG00000198774,RASSF9
ENSG00000056736.9,0.0008429268163404704,4533,ENSG00000056736,IL17RB
ENSG00000159387.7,0.0008420845913356021,4534,ENSG00000159387,IRX6
ENSG00000149972.10,0.0008415726155747012,4535,ENSG00000149972,CNTN5
ENSG00000145283.7,0.0008413973703695611,4536,ENSG00000145283,SLC10A6
ENSG00000010438.16,0.0008411112917975912,4537,ENSG00000010438,PRSS3
ENSG00000186472.19,0.000841072109151876,4538,ENSG00000186472,PCLO
ENSG00000167311.13,0.0008408279345145247,4539,ENSG00000167311,ART5
ENSG00000130203.9,0.0008406548074778434,4540,ENSG00000130203,APOE
ENSG00000273492.5,0.0008406299546098991,4541,ENSG00000273492,APP-DT
ENSG00000185290.3,0.0008406254235685806,4542,ENSG00000185290,NUPR2
ENSG00000138722.9,0.0008404998636284723,4543,ENSG00000138722,MMRN1
ENSG00000064787.12,0.0008404047105051712,4544,ENSG00000064787,BCAS1
ENSG00000268089.2,0.000840386369448112,4545,ENSG00000268089,GABRQ
ENSG00000079101.16,0.0008403841050063392,4546,ENSG00000079101,CLUL1
ENSG00000181378.13,0.0008403197316534976,4547,ENSG00000181378,CFAP65
ENSG00000108176.14,0.0008403047708262708,4548,ENSG00000108176,DNAJC12
ENSG00000265702.1,0.0008402187168220733,4549,ENSG00000265702,MARCHF10-AS1
ENSG00000158806.13,0.0008398786737100507,4550,ENSG00000158806,NPM2
ENSG00000204792.2,0.0008396063614201033,4551,ENSG00000204792,LINC01291
ENSG00000189238.5,0.0008395558314021368,4552,ENSG00000189238,LINC00943
ENSG00000187243.16,0.0008384813571725427,4553,ENSG00000187243,MAGED4B
ENSG00000246430.6,0.000838456079968914,4554,ENSG00000246430,LINC00968
ENSG00000215475.4,0.0008384411101004039,4555,ENSG00000215475,SIAH3
ENSG00000162374.16,0.0008381806071887119,4556,ENSG00000162374,ELAVL4
ENSG00000121904.17,0.0008374941792898522,4557,ENSG00000121904,CSMD2
ENSG00000124249.6,0.0008374691239901583,4558,ENSG00000124249,KCNK15
ENSG00000184809.12,0.0008368340459778484,4559,ENSG00000184809,B3GALT5-AS1
ENSG00000177234.7,0.0008366476807480609,4560,ENSG00000177234,LINC01561
ENSG00000197584.11,0.0008365390665047651,4561,ENSG00000197584,KCNMB2
ENSG00000214842.5,0.0008365180992578077,4562,ENSG00000214842,RAD51AP2
ENSG00000150594.6,0.0008363939360508945,4563,ENSG00000150594,ADRA2A
ENSG00000160716.4,0.0008363580561985531,4564,ENSG00000160716,CHRNB2
ENSG00000173404.4,0.0008363425101785376,4565,ENSG00000173404,INSM1
ENSG00000128683.13,0.0008356197390479837,4566,ENSG00000128683,GAD1
ENSG00000087303.16,0.0008354998054683817,4567,ENSG00000087303,NID2
ENSG00000007174.17,0.0008352189079883978,4568,ENSG00000007174,DNAH9
ENSG00000058335.15,0.0008347780289246184,4569,ENSG00000058335,RASGRF1
ENSG00000243207.6,0.0008346502373571264,4570,ENSG00000243207,PPAN-P2RY11
ENSG00000149403.11,0.0008337689869739146,4571,ENSG00000149403,GRIK4
ENSG00000120457.11,0.0008337407248388564,4572,ENSG00000120457,KCNJ5
ENSG00000174502.18,0.0008336475977200645,4573,ENSG00000174502,SLC26A9
ENSG00000161682.14,0.000832927437375393,4574,ENSG00000161682,FAM171A2
ENSG00000214338.10,0.0008324345813536233,4575,ENSG00000214338,MTCL3
ENSG00000152969.16,0.0008323750051016503,4576,ENSG00000152969,JAKMIP1
ENSG00000273170.5,0.0008319810773959141,4577,ENSG00000273170,ENSG00000273170
ENSG00000270181.1,0.0008318769953810925,4578,ENSG00000270181,BIVM-ERCC5
ENSG00000143341.11,0.0008318476017549627,4579,ENSG00000143341,HMCN1
ENSG00000125931.10,0.0008317000965726611,4580,ENSG00000125931,CITED1
ENSG00000169116.11,0.0008316062618759227,4581,ENSG00000169116,PARM1
ENSG00000173227.13,0.000830415421948133,4582,ENSG00000173227,SYT12
ENSG00000180801.12,0.0008300188154416699,4583,ENSG00000180801,ARSJ
ENSG00000107165.12,0.0008298971547367208,4584,ENSG00000107165,TYRP1
ENSG00000245750.7,0.0008296284775445369,4585,ENSG00000245750,DRAIC
ENSG00000039139.9,0.0008295095931673999,4586,ENSG00000039139,DNAH5
ENSG00000253123.3,0.0008294209303937458,4587,ENSG00000253123,LNCMB2
ENSG00000103316.10,0.0008294064186185921,4588,ENSG00000103316,CRYM
ENSG00000218416.4,0.0008293812803268296,4589,ENSG00000218416,GPC1-AS1
ENSG00000276107.1,0.0008293102043744723,4590,ENSG00000276107,THBS1-IT1
ENSG00000125398.5,0.0008292607321100002,4591,ENSG00000125398,SOX9
ENSG00000085563.14,0.0008288494199927797,4592,ENSG00000085563,ABCB1
ENSG00000157654.17,0.0008288163625115922,4593,ENSG00000157654,PALM2AKAP2
ENSG00000149926.13,0.0008284888454235237,4594,ENSG00000149926,TLCD3B
ENSG00000154545.16,0.0008283633769335299,4595,ENSG00000154545,MAGED4
ENSG00000145832.12,0.0008282130226484714,4596,ENSG00000145832,SLC25A48
ENSG00000155011.8,0.000827989956306571,4597,ENSG00000155011,DKK2
ENSG00000147509.13,0.0008271370192229222,4598,ENSG00000147509,RGS20
ENSG00000248540.2,0.00082694319001123,4599,ENSG00000248540,ISLR2-AS1
ENSG00000232633.4,0.0008269403687382521,4600,ENSG00000232633,ENSG00000232633
ENSG00000147257.13,0.000826887463465928,4601,ENSG00000147257,GPC3
ENSG00000204442.3,0.0008257254915880549,4602,ENSG00000204442,NALF1
ENSG00000125848.9,0.0008255612290104903,4603,ENSG00000125848,FLRT3
ENSG00000136999.4,0.0008253355529205235,4604,ENSG00000136999,CCN3
ENSG00000126878.12,0.0008246687611238241,4605,ENSG00000126878,AIF1L
ENSG00000278500.1,0.0008244376513548917,4606,ENSG00000278500,ENSG00000278500
ENSG00000163017.13,0.0008237122369738739,4607,ENSG00000163017,ACTG2
ENSG00000103742.11,0.0008235461780996995,4608,ENSG00000103742,IGDCC4
ENSG00000158246.7,0.0008233211194348502,4609,ENSG00000158246,TENT5B
ENSG00000105609.16,0.000822975431914497,4610,ENSG00000105609,LILRB5
ENSG00000265763.3,0.0008227175818808846,4611,ENSG00000265763,ZNF488
ENSG00000107742.12,0.0008224943772549599,4612,ENSG00000107742,SPOCK2
ENSG00000159307.18,0.0008222930187019485,4613,ENSG00000159307,SCUBE1
ENSG00000280241.3,0.0008220506433630351,4614,ENSG00000280241,ENSG00000280241
ENSG00000224189.6,0.0008220288372855937,4615,ENSG00000224189,HAGLR
ENSG00000212766.9,0.0008218176146139407,4616,ENSG00000212766,EWSAT1
ENSG00000273036.2,0.0008214848147740812,4617,ENSG00000273036,CYP4F33P
ENSG00000184156.15,0.0008213313646171432,4618,ENSG00000184156,KCNQ3
ENSG00000184956.15,0.0008212135313512385,4619,ENSG00000184956,MUC6
ENSG00000168243.10,0.0008211694367277304,4620,ENSG00000168243,GNG4
ENSG00000137261.13,0.0008202133187759222,4621,ENSG00000137261,KIAA0319
ENSG00000169783.12,0.0008196170640683292,4622,ENSG00000169783,LINGO1
ENSG00000170961.6,0.00081947696035719,4623,ENSG00000170961,HAS2
ENSG00000224272.2,0.0008193797550488059,4624,ENSG00000224272,LOC124905349
ENSG00000268388.5,0.0008192236483745702,4625,ENSG00000268388,FENDRR
ENSG00000171551.11,0.0008190366422154731,4626,ENSG00000171551,ECEL1
ENSG00000140945.15,0.0008189980021632135,4627,ENSG00000140945,CDH13
ENSG00000122735.15,0.0008186837258473962,4628,ENSG00000122735,DNAI1
ENSG00000125355.15,0.0008184172983606149,4629,ENSG00000125355,TMEM255A
ENSG00000261026.1,0.0008180230916763799,4630,ENSG00000261026,ENSG00000261026
ENSG00000167771.5,0.000817267657916066,4631,ENSG00000167771,RCOR2
ENSG00000241644.2,0.0008171133097760377,4632,ENSG00000241644,INMT
ENSG00000092607.13,0.0008170846350325526,4633,ENSG00000092607,TBX15
ENSG00000197594.11,0.0008168847221230429,4634,ENSG00000197594,ENPP1
ENSG00000124493.13,0.0008168432082505087,4635,ENSG00000124493,GRM4
ENSG00000197444.9,0.0008161556345748707,4636,ENSG00000197444,OGDHL
ENSG00000127585.11,0.0008155488048996334,4637,ENSG00000127585,FBXL16
ENSG00000249158.6,0.0008153112792892012,4638,ENSG00000249158,PCDHA11
ENSG00000162975.4,0.0008149493156542092,4639,ENSG00000162975,KCNF1
ENSG00000231920.1,0.0008145106187179412,4640,ENSG00000231920,NEBL-AS1
ENSG00000270641.1,0.0008143324058365724,4641,ENSG00000270641,TSIX
ENSG00000187527.10,0.0008139768742474907,4642,ENSG00000187527,ATP13A5
ENSG00000185860.13,0.0008131621609612173,4643,ENSG00000185860,CCDC190
ENSG00000187848.12,0.0008130604573510425,4644,ENSG00000187848,P2RX2
ENSG00000180828.2,0.0008128371318266268,4645,ENSG00000180828,BHLHE22
ENSG00000143126.7,0.0008126177898448464,4646,ENSG00000143126,CELSR2
ENSG00000233084.2,0.0008122851628483562,4647,ENSG00000233084,RPL23AP25
ENSG00000105251.10,0.0008121466407045423,4648,ENSG00000105251,SHD
ENSG00000123496.7,0.000812077267577586,4649,ENSG00000123496,IL13RA2
ENSG00000112782.15,0.000812011122342239,4650,ENSG00000112782,CLIC5
ENSG00000137142.4,0.0008116662396330355,4651,ENSG00000137142,IGFBPL1
ENSG00000181215.12,0.0008112433213364288,4652,ENSG00000181215,C4orf50
ENSG00000172137.18,0.0008104214731592117,4653,ENSG00000172137,CALB2
ENSG00000183908.5,0.000809529578350006,4654,ENSG00000183908,LRRC55
ENSG00000184368.15,0.0008093792925606503,4655,ENSG00000184368,MAP7D2
ENSG00000266256.1,0.0008093347685963152,4656,ENSG00000266256,LINC00908
ENSG00000234405.1,0.0008083440283604152,4657,ENSG00000234405,ENSG00000234405
ENSG00000250208.6,0.0008080744876149601,4658,ENSG00000250208,FZD10-AS1
ENSG00000065320.8,0.0008068229756088315,4659,ENSG00000065320,NTN1
ENSG00000116661.9,0.00080679242324652,4660,ENSG00000116661,FBXO2
ENSG00000270547.5,0.0008064319222938185,4661,ENSG00000270547,LINC01235
ENSG00000162614.18,0.000805993625799711,4662,ENSG00000162614,NEXN
ENSG00000148204.11,0.0008059662655764043,4663,ENSG00000148204,CRB2
ENSG00000006611.15,0.0008058455054459178,4664,ENSG00000006611,USH1C
ENSG00000196436.8,0.0008056733976138908,4665,ENSG00000196436,NPIPB15
ENSG00000123612.15,0.0008056347532878062,4666,ENSG00000123612,ACVR1C
ENSG00000105855.9,0.000805342946663991,4667,ENSG00000105855,ITGB8
ENSG00000274276.4,0.0008050069245839542,4668,ENSG00000274276,LOC102724560
ENSG00000169126.15,0.0008047912266859717,4669,ENSG00000169126,ODAD2
ENSG00000279322.1,0.0008045334131520216,4670,ENSG00000279322,ENSG00000279322
ENSG00000103175.10,0.0008038718383902912,4671,ENSG00000103175,WFDC1
ENSG00000118526.6,0.0008038353396174789,4672,ENSG00000118526,TCF21
ENSG00000100302.6,0.0008036305715015397,4673,ENSG00000100302,RASD2
ENSG00000233930.3,0.000803325365123016,4674,ENSG00000233930,KRTAP5-AS1
ENSG00000174939.10,0.0008031110440139504,4675,ENSG00000174939,ASPHD1
ENSG00000174808.11,0.0008029758273082102,4676,ENSG00000174808,BTC
ENSG00000101049.14,0.0008023933498293252,4677,ENSG00000101049,SGK2
ENSG00000166426.7,0.0008011384277829436,4678,ENSG00000166426,CRABP1
ENSG00000254535.3,0.0008006128103245819,4679,ENSG00000254535,PABPC4L
ENSG00000142149.8,0.0008005140914143485,4680,ENSG00000142149,HUNK
ENSG00000128268.11,0.0008001329239035632,4681,ENSG00000128268,MGAT3
ENSG00000153132.12,0.0008001289218134548,4682,ENSG00000153132,CLGN
ENSG00000234965.2,0.0007995365142889852,4683,ENSG00000234965,SHISA8
ENSG00000166482.11,0.000799465391974659,4684,ENSG00000166482,MFAP4
ENSG00000152931.7,0.000798847010836219,4685,ENSG00000152931,PART1
ENSG00000182667.14,0.0007985793856204927,4686,ENSG00000182667,NTM
ENSG00000168824.14,0.0007985581656356619,4687,ENSG00000168824,NSG1
ENSG00000265107.2,0.0007971551729788069,4688,ENSG00000265107,GJA5
ENSG00000143340.6,0.0007970040692961667,4689,ENSG00000143340,FAM163A
ENSG00000272235.1,0.0007961447573567811,4690,ENSG00000272235,ENSG00000272235
ENSG00000227640.2,0.0007949422756547671,4691,ENSG00000227640,SOX21-AS1
ENSG00000130055.13,0.0007948499725122358,4692,ENSG00000130055,GDPD2
ENSG00000231274.5,0.0007945968253562475,4693,ENSG00000231274,SBK3
ENSG00000167964.12,0.0007943795373447709,4694,ENSG00000167964,RAB26
ENSG00000177181.14,0.0007939216407482725,4695,ENSG00000177181,RIMKLA
ENSG00000233723.7,0.0007937923276890057,4696,ENSG00000233723,LINC01793
ENSG00000189320.8,0.0007937580662889658,4697,ENSG00000189320,FAM180A
ENSG00000277991.4,0.0007935625215061149,4698,ENSG00000277991,LOC102723360
ENSG00000170166.5,0.0007933952856149063,4699,ENSG00000170166,HOXD4
ENSG00000162545.5,0.0007933583128268419,4700,ENSG00000162545,CAMK2N1
ENSG00000248383.4,0.0007932772065006766,4701,ENSG00000248383,PCDHAC1
ENSG00000172771.11,0.0007932715596872002,4702,ENSG00000172771,EFCAB12
ENSG00000263590.2,0.0007929702547378011,4703,ENSG00000263590,LINC02591
ENSG00000233608.3,0.0007928579969382032,4704,ENSG00000233608,TWIST2
ENSG00000176678.5,0.0007926388837807281,4705,ENSG00000176678,FOXL1
ENSG00000166106.3,0.0007923037177452029,4706,ENSG00000166106,ADAMTS15
ENSG00000099960.12,0.0007920901124735018,4707,ENSG00000099960,SLC7A4
ENSG00000166960.16,0.0007918828299169194,4708,ENSG00000166960,CCDC178
ENSG00000123977.9,0.0007918191385877778,4709,ENSG00000123977,DAW1
ENSG00000279041.1,0.000791716727796622,4710,ENSG00000279041,ENSG00000279041
ENSG00000142449.12,0.0007914992104109583,4711,ENSG00000142449,FBN3
ENSG00000183346.6,0.0007914120943866802,4712,ENSG00000183346,CABCOCO1
ENSG00000160963.13,0.0007913092102387477,4713,ENSG00000160963,COL26A1
ENSG00000143816.7,0.0007899691910203538,4714,ENSG00000143816,WNT9A
ENSG00000183770.5,0.000789664013285338,4715,ENSG00000183770,FOXL2
ENSG00000171435.13,0.0007890332165236654,4716,ENSG00000171435,KSR2
ENSG00000170775.2,0.0007887288569084936,4717,ENSG00000170775,GPR37
ENSG00000152661.7,0.0007881996353855324,4718,ENSG00000152661,GJA1
ENSG00000104369.4,0.0007874031107018234,4719,ENSG00000104369,JPH1
ENSG00000177822.7,0.0007864480786293674,4720,ENSG00000177822,TENM3-AS1
ENSG00000163485.15,0.000785638816617769,4721,ENSG00000163485,ADORA1
ENSG00000187730.7,0.000785461612620133,4722,ENSG00000187730,GABRD
ENSG00000103942.12,0.0007854293461959696,4723,ENSG00000103942,HOMER2
ENSG00000187672.12,0.0007852624049437249,4724,ENSG00000187672,ERC2
ENSG00000127863.15,0.0007852011549053915,4725,ENSG00000127863,TNFRSF19
ENSG00000141665.11,0.0007850598725189478,4726,ENSG00000141665,FBXO15
ENSG00000133640.18,0.0007849514079989959,4727,ENSG00000133640,LRRIQ1
ENSG00000147234.10,0.0007849471751687326,4728,ENSG00000147234,FRMPD3
ENSG00000154864.11,0.000784360154523835,4729,ENSG00000154864,PIEZO2
ENSG00000146013.10,0.0007842409745672858,4730,ENSG00000146013,GFRA3
ENSG00000091129.19,0.0007839723471807172,4731,ENSG00000091129,NRCAM
ENSG00000163888.3,0.000782953214936308,4732,ENSG00000163888,CAMK2N2
ENSG00000187720.14,0.0007825311218886467,4733,ENSG00000187720,THSD4
ENSG00000113763.10,0.0007820118565621968,4734,ENSG00000113763,UNC5A
ENSG00000180638.17,0.0007819259818042783,4735,ENSG00000180638,SLC47A2
ENSG00000188039.13,0.0007817345359586666,4736,ENSG00000188039,NWD1
ENSG00000138152.8,0.000781528669376428,4737,ENSG00000138152,BTBD16
ENSG00000175352.10,0.0007812746188581562,4738,ENSG00000175352,NRIP3
ENSG00000138395.14,0.0007802439790628038,4739,ENSG00000138395,CDK15
ENSG00000274419.4,0.0007792320124765335,4740,ENSG00000274419,TBC1D3D
ENSG00000147647.12,0.0007787823647630703,4741,ENSG00000147647,DPYS
ENSG00000174945.13,0.0007787345105419092,4742,ENSG00000174945,AMZ1
ENSG00000235997.2,0.000777639573681602,4743,ENSG00000235997,LINC01936
ENSG00000116039.11,0.0007763619427087727,4744,ENSG00000116039,ATP6V1B1
ENSG00000183760.10,0.0007763525114064194,4745,ENSG00000183760,ACP7
ENSG00000150722.10,0.0007757724328683767,4746,ENSG00000150722,PPP1R1C
ENSG00000206384.10,0.0007757115886404698,4747,ENSG00000206384,COL6A6
ENSG00000251493.3,0.0007756320360114117,4748,ENSG00000251493,FOXD1
ENSG00000150893.10,0.000775549887915234,4749,ENSG00000150893,FREM2
ENSG00000189410.11,0.0007750605418778602,4750,ENSG00000189410,SH2D5
ENSG00000272549.1,0.0007744887524691907,4751,ENSG00000272549,LINC02538
ENSG00000272808.2,0.0007744173443169935,4752,ENSG00000272808,GCAWKR
ENSG00000255686.1,0.0007735220680248333,4753,ENSG00000255686,ENSG00000255686
ENSG00000184908.17,0.000772896022473969,4754,ENSG00000184908,CLCNKB
ENSG00000182752.9,0.0007722449061796092,4755,ENSG00000182752,PAPPA
ENSG00000241186.7,0.0007708872605606559,4756,ENSG00000241186,CRIPTO
ENSG00000155961.4,0.0007697792314618977,4757,ENSG00000155961,RAB39B
ENSG00000079393.20,0.0007695184956949577,4758,ENSG00000079393,DUSP13B
ENSG00000125285.5,0.0007690766593068286,4759,ENSG00000125285,SOX21
ENSG00000170959.14,0.0007676745931520419,4760,ENSG00000170959,DCDC1
ENSG00000104213.12,0.0007674424704587514,4761,ENSG00000104213,PDGFRL
ENSG00000163879.10,0.0007667435568951646,4762,ENSG00000163879,DNALI1
ENSG00000186684.12,0.0007666375393531758,4763,ENSG00000186684,CYP27C1
ENSG00000114646.9,0.0007666001202510729,4764,ENSG00000114646,CSPG5
ENSG00000132164.9,0.0007665764529417512,4765,ENSG00000132164,SLC6A11
ENSG00000106538.9,0.00076603478247194,4766,ENSG00000106538,RARRES2
ENSG00000133401.15,0.0007660294191756083,4767,ENSG00000133401,PDZD2
ENSG00000187323.11,0.0007658640498023491,4768,ENSG00000187323,DCC
ENSG00000112164.5,0.0007651997703357656,4769,ENSG00000112164,GLP1R
ENSG00000237517.8,0.0007649466358444112,4770,ENSG00000237517,CELSR1P1
ENSG00000129009.12,0.0007647414174598106,4771,ENSG00000129009,ISLR
ENSG00000166105.15,0.0007645851497641086,4772,ENSG00000166105,GLB1L3
ENSG00000279058.1,0.0007643656894468811,4773,ENSG00000279058,AGAP14P
ENSG00000225783.6,0.0007638979511107546,4774,ENSG00000225783,MIAT
ENSG00000101144.12,0.0007638175197488274,4775,ENSG00000101144,BMP7
ENSG00000203952.9,0.0007635308039273358,4776,ENSG00000203952,CCDC160
ENSG00000177614.9,0.0007626859156998334,4777,ENSG00000177614,PGBD5
ENSG00000066230.10,0.0007623951369037444,4778,ENSG00000066230,SLC9A3
ENSG00000197766.7,0.000760938537876522,4779,ENSG00000197766,CFD
ENSG00000123572.16,0.0007608821444292187,4780,ENSG00000123572,NRK
ENSG00000153233.12,0.0007606206110737456,4781,ENSG00000153233,PTPRR
ENSG00000115353.10,0.0007596057905140431,4782,ENSG00000115353,TACR1
ENSG00000100625.8,0.0007595492553712414,4783,ENSG00000100625,SIX4
ENSG00000182985.16,0.0007594557074538413,4784,ENSG00000182985,CADM1
ENSG00000261295.1,0.0007592967729879652,4785,ENSG00000261295,ENSG00000261295
ENSG00000169515.5,0.0007579784525991556,4786,ENSG00000169515,CCDC8
ENSG00000174332.5,0.0007573377940161271,4787,ENSG00000174332,GLIS1
ENSG00000105880.4,0.0007570648655802746,4788,ENSG00000105880,DLX5
ENSG00000187123.14,0.0007569204917600293,4789,ENSG00000187123,LYPD6
ENSG00000263873.1,0.0007568223241310529,4790,ENSG00000263873,THY1-AS1
ENSG00000145284.11,0.0007566970916861417,4791,ENSG00000145284,SCD5
ENSG00000064655.18,0.0007564564559122299,4792,ENSG00000064655,EYA2
ENSG00000166250.11,0.0007558267866910266,4793,ENSG00000166250,CLMP
ENSG00000151917.17,0.0007555962693632935,4794,ENSG00000151917,BEND6
ENSG00000100433.15,0.0007554417253352912,4795,ENSG00000100433,KCNK10
ENSG00000163792.6,0.000755280826551876,4796,ENSG00000163792,TCF23
ENSG00000161082.12,0.0007548788680330961,4797,ENSG00000161082,CELF5
ENSG00000167861.15,0.0007547274234559225,4798,ENSG00000167861,HID1
ENSG00000196132.11,0.0007544253615012835,4799,ENSG00000196132,MYT1
ENSG00000130054.4,0.00075434600956877,4800,ENSG00000130054,NALF2
ENSG00000167772.11,0.0007534565111234112,4801,ENSG00000167772,ANGPTL4
ENSG00000182168.14,0.0007524775910228617,4802,ENSG00000182168,UNC5C
ENSG00000025423.11,0.0007520625627929674,4803,ENSG00000025423,HSD17B6
ENSG00000050628.20,0.0007511915503379577,4804,ENSG00000050628,PTGER3
ENSG00000166148.3,0.0007503235975770178,4805,ENSG00000166148,AVPR1A
ENSG00000121207.11,0.000750284419553659,4806,ENSG00000121207,LRAT
ENSG00000215644.9,0.0007502674153138265,4807,ENSG00000215644,GCGR
ENSG00000164488.11,0.0007499311910508726,4808,ENSG00000164488,DACT2
ENSG00000133519.12,0.0007492113303311681,4809,ENSG00000133519,ZDHHC8BP
ENSG00000138769.10,0.0007491248778847556,4810,ENSG00000138769,CDKL2
ENSG00000198959.11,0.000748327078689493,4811,ENSG00000198959,TGM2
ENSG00000142910.15,0.0007479028973874609,4812,ENSG00000142910,TINAGL1
ENSG00000171877.19,0.0007474428601268801,4813,ENSG00000171877,FRMD5
ENSG00000173947.13,0.0007473966262123814,4814,ENSG00000173947,CIMAP3
ENSG00000166897.14,0.0007472801768760037,4815,ENSG00000166897,ELFN2
ENSG00000019505.7,0.0007467754484070989,4816,ENSG00000019505,SYT13
ENSG00000154645.13,0.0007463945238333695,4817,ENSG00000154645,CHODL
ENSG00000187193.8,0.0007458630075699973,4818,ENSG00000187193,MT1X
ENSG00000230847.4,0.0007457904223838729,4819,ENSG00000230847,OCLNP1
ENSG00000066248.14,0.0007455086026580703,4820,ENSG00000066248,NGEF
ENSG00000228203.6,0.0007453937899434338,4821,ENSG00000228203,GRASLND
ENSG00000140285.9,0.0007452983137380981,4822,ENSG00000140285,FGF7
ENSG00000266010.1,0.0007450240584080285,4823,ENSG00000266010,GATA6-AS1
ENSG00000196876.13,0.0007435527084031852,4824,ENSG00000196876,SCN8A
ENSG00000117600.12,0.0007432923684975139,4825,ENSG00000117600,PLPPR4
ENSG00000163520.13,0.0007432030647579023,4826,ENSG00000163520,FBLN2
ENSG00000184925.11,0.0007430565664903037,4827,ENSG00000184925,LCN12
ENSG00000139973.15,0.0007429171554503713,4828,ENSG00000139973,SYT16
ENSG00000271447.5,0.0007429031359010991,4829,ENSG00000271447,MMP28
ENSG00000179300.3,0.000742289804337418,4830,ENSG00000179300,RTL3
ENSG00000115423.18,0.0007418709144943912,4831,ENSG00000115423,DNAH6
ENSG00000187955.11,0.0007413349237562597,4832,ENSG00000187955,COL14A1
ENSG00000205002.3,0.0007400876021420903,4833,ENSG00000205002,AARD
ENSG00000158859.9,0.0007394531740311001,4834,ENSG00000158859,ADAMTS4
ENSG00000178031.15,0.0007386861113036739,4835,ENSG00000178031,ADAMTSL1
ENSG00000164176.12,0.0007382177187660204,4836,ENSG00000164176,EDIL3
ENSG00000256124.5,0.0007371704339398715,4837,ENSG00000256124,LINC01152
ENSG00000016391.10,0.0007365478417038276,4838,ENSG00000016391,CHDH
ENSG00000234899.9,0.0007364473609832546,4839,ENSG00000234899,SOX9-AS1
ENSG00000106688.11,0.0007359684720422398,4840,ENSG00000106688,SLC1A1
ENSG00000250742.1,0.0007357998668636566,4841,ENSG00000250742,LINC02381
ENSG00000137558.7,0.0007349497711413172,4842,ENSG00000137558,PI15
ENSG00000123358.19,0.0007348494677652412,4843,ENSG00000123358,NR4A1
ENSG00000088756.12,0.0007343940747057397,4844,ENSG00000088756,ARHGAP28
ENSG00000162873.14,0.0007337899242886207,4845,ENSG00000162873,KLHDC8A
ENSG00000011201.10,0.0007331088276797927,4846,ENSG00000011201,ANOS1
ENSG00000128564.6,0.0007327539585416086,4847,ENSG00000128564,VGF
ENSG00000152672.7,0.0007325008560973424,4848,ENSG00000152672,CLEC4F
ENSG00000142609.17,0.000732397252915755,4849,ENSG00000142609,CFAP74
ENSG00000187889.12,0.0007322617029172615,4850,ENSG00000187889,FYB2
ENSG00000185483.11,0.0007315784545613968,4851,ENSG00000185483,ROR1
ENSG00000148123.14,0.0007314528933714083,4852,ENSG00000148123,PLPPR1
ENSG00000168032.8,0.0007311566427309998,4853,ENSG00000168032,ENTPD3
ENSG00000197748.12,0.0007296053677799563,4854,ENSG00000197748,CFAP43
ENSG00000173068.17,0.0007273174100822908,4855,ENSG00000173068,BNC2
ENSG00000121005.8,0.0007264970151278036,4856,ENSG00000121005,CRISPLD1
ENSG00000004848.6,0.0007263677354702346,4857,ENSG00000004848,ARX
ENSG00000105974.11,0.0007262376140802206,4858,ENSG00000105974,CAV1
ENSG00000176697.18,0.0007254262363785442,4859,ENSG00000176697,BDNF
ENSG00000075213.10,0.0007249926825813433,4860,ENSG00000075213,SEMA3A
ENSG00000101680.13,0.0007248690298233228,4861,ENSG00000101680,LAMA1
ENSG00000128578.9,0.0007247836453189816,4862,ENSG00000128578,STRIP2
ENSG00000282164.1,0.0007239689611834863,4863,ENSG00000282164,PEG13
ENSG00000103449.11,0.00072344014178917,4864,ENSG00000103449,SALL1
ENSG00000183831.6,0.0007226943717118915,4865,ENSG00000183831,ANKRD45
ENSG00000162493.16,0.0007206107664017817,4866,ENSG00000162493,PDPN
ENSG00000165449.11,0.0007197348060201631,4867,ENSG00000165449,SLC16A9
ENSG00000144583.4,0.0007194584062748812,4868,ENSG00000144583,MARCHF4
ENSG00000255545.7,0.0007194075291268464,4869,ENSG00000255545,B3GAT1-DT
ENSG00000125966.9,0.0007181917130656254,4870,ENSG00000125966,MMP24
ENSG00000118004.17,0.0007168889609469887,4871,ENSG00000118004,COLEC11
ENSG00000276409.4,0.0007147486737411159,4872,ENSG00000276409,CCL14
ENSG00000011332.19,0.0007145825635424728,4873,ENSG00000011332,DPF1
ENSG00000179388.8,0.0007139327104682545,4874,ENSG00000179388,EGR3
ENSG00000100167.19,0.0007137781049853636,4875,ENSG00000100167,SEPTIN3
ENSG00000134184.12,0.0007137259547571684,4876,ENSG00000134184,GSTM1
ENSG00000225383.6,0.0007134524173005629,4877,ENSG00000225383,SFTA1P
ENSG00000165730.14,0.0007133735834662805,4878,ENSG00000165730,STOX1
ENSG00000173805.15,0.0007125460327543206,4879,ENSG00000173805,HAP1
ENSG00000056998.18,0.000711263516446463,4880,ENSG00000056998,GYG2
ENSG00000034239.10,0.0007108235405193083,4881,ENSG00000034239,CLXN
ENSG00000105613.9,0.0007104577591856077,4882,ENSG00000105613,MAST1
ENSG00000122691.12,0.000709922924047369,4883,ENSG00000122691,TWIST1
ENSG00000125965.8,0.0007092739653561151,4884,ENSG00000125965,GDF5
ENSG00000157404.15,0.0007086782148374265,4885,ENSG00000157404,KIT
ENSG00000105255.10,0.0007081399876005514,4886,ENSG00000105255,FSD1
ENSG00000173826.14,0.0007075760058655509,4887,ENSG00000173826,KCNH6
ENSG00000173838.11,0.0007069749468181871,4888,ENSG00000173838,MARCHF10
ENSG00000118307.18,0.0007059069103696867,4889,ENSG00000118307,DNAI7
ENSG00000131471.6,0.0007042469311310049,4890,ENSG00000131471,AOC3
ENSG00000203727.3,0.0007039363514222748,4891,ENSG00000203727,SAMD5
ENSG00000077942.17,0.0007038674922830012,4892,ENSG00000077942,FBLN1
ENSG00000091986.15,0.000703490070895839,4893,ENSG00000091986,CCDC80
ENSG00000183196.8,0.0007031891063679217,4894,ENSG00000183196,CHST6
ENSG00000142871.15,0.0007026390592220119,4895,ENSG00000142871,CCN1
ENSG00000135919.12,0.0007013881848935026,4896,ENSG00000135919,SERPINE2
ENSG00000164112.12,0.0007000841774250715,4897,ENSG00000164112,SMIM43
ENSG00000095203.14,0.0006999052071093656,4898,ENSG00000095203,EPB41L4B
ENSG00000175745.11,0.0006996961230939342,4899,ENSG00000175745,NR2F1
ENSG00000082684.14,0.0006987176585053341,4900,ENSG00000082684,SEMA5B
ENSG00000008735.13,0.0006975489907008473,4901,ENSG00000008735,MAPK8IP2
ENSG00000008118.9,0.0006969617245775118,4902,ENSG00000008118,CAMK1G
ENSG00000237807.3,0.0006969098202021658,4903,ENSG00000237807,LINC02984
ENSG00000164638.10,0.0006965585362440775,4904,ENSG00000164638,SLC29A4
ENSG00000140937.13,0.0006962114665461778,4905,ENSG00000140937,CDH11
ENSG00000256443.1,0.0006960320223776367,4906,ENSG00000256443,ENSG00000256443
ENSG00000279909.1,0.0006947814479974714,4907,ENSG00000279909,ENSG00000279909
ENSG00000236824.1,0.0006933518623874403,4908,ENSG00000236824,BCYRN1
ENSG00000227582.2,0.0006931673103681752,4909,ENSG00000227582,ADGRF5P1
ENSG00000178882.13,0.0006919483556131848,4910,ENSG00000178882,RFLNA
ENSG00000171388.11,0.0006906754033773326,4911,ENSG00000171388,APLN
ENSG00000050438.16,0.0006906665208851485,4912,ENSG00000050438,SLC4A8
ENSG00000138759.17,0.0006903416736882794,4913,ENSG00000138759,FRAS1
ENSG00000154096.13,0.0006896711590852207,4914,ENSG00000154096,THY1
ENSG00000160191.17,0.0006875413937462217,4915,ENSG00000160191,PDE9A
ENSG00000213171.2,0.0006875373609441238,4916,ENSG00000213171,LINGO4
ENSG00000152076.18,0.0006871791856050165,4917,ENSG00000152076,CCDC74B
ENSG00000101230.5,0.0006867341560700478,4918,ENSG00000101230,ISM1
ENSG00000158220.13,0.0006851101513358187,4919,ENSG00000158220,ESYT3
ENSG00000112379.8,0.0006821655691354502,4920,ENSG00000112379,ARFGEF3
ENSG00000100628.11,0.0006806927193737625,4921,ENSG00000100628,ASB2
ENSG00000114115.9,0.0006801883934234191,4922,ENSG00000114115,RBP1
ENSG00000146216.11,0.0006795801166712001,4923,ENSG00000146216,TTBK1
ENSG00000117525.13,0.0006784311042421574,4924,ENSG00000117525,F3
ENSG00000110427.14,0.0006758968380047362,4925,ENSG00000110427,KIAA1549L
ENSG00000206432.4,0.0006753892253598078,4926,ENSG00000206432,TMEM200C
ENSG00000127743.5,0.000675368294554633,4927,ENSG00000127743,IL17B
ENSG00000110881.11,0.0006744961645288388,4928,ENSG00000110881,ASIC1
ENSG00000117152.13,0.0006735975499511048,4929,ENSG00000117152,RGS4
ENSG00000170324.19,0.0006728620706695416,4930,ENSG00000170324,FRMPD2
ENSG00000103241.6,0.0006726193036895714,4931,ENSG00000103241,FOXF1
ENSG00000198794.11,0.0006721481998354025,4932,ENSG00000198794,SCAMP5
ENSG00000105767.2,0.0006691793661502284,4933,ENSG00000105767,CADM4
ENSG00000174599.5,0.0006688885586476007,4934,ENSG00000174599,TRAM1L1
ENSG00000134817.10,0.0006682337935599696,4935,ENSG00000134817,APLNR
ENSG00000185904.11,0.0006680925433036605,4936,ENSG00000185904,LINC00839
ENSG00000185008.17,0.0006670419807702439,4937,ENSG00000185008,ROBO2
ENSG00000111341.9,0.0006667586954422012,4938,ENSG00000111341,MGP
ENSG00000132854.18,0.0006664914548504755,4939,ENSG00000132854,KANK4
ENSG00000175356.12,0.0006642458003671241,4940,ENSG00000175356,SCUBE2
ENSG00000101335.9,0.000662967408122542,4941,ENSG00000101335,MYL9
ENSG00000255690.2,0.0006612390350137843,4942,ENSG00000255690,TRIL
ENSG00000002746.14,0.000660803795352222,4943,ENSG00000002746,HECW1
ENSG00000185668.6,0.000660670639431433,4944,ENSG00000185668,POU3F1
ENSG00000228412.6,0.0006602735351185909,4945,ENSG00000228412,LNC-LBCS
ENSG00000082497.11,0.0006542605701769314,4946,ENSG00000082497,SERTAD4
ENSG00000130045.15,0.0006530794915467104,4947,ENSG00000130045,NXNL2
ENSG00000204128.5,0.0006520956548341239,4948,ENSG00000204128,C2orf72
ENSG00000178531.5,0.0006488731588614675,4949,ENSG00000178531,CTXN1
ENSG00000162981.13,0.0006475779733420713,4950,ENSG00000162981,LRATD1
ENSG00000101222.12,0.0006450756018542423,4951,ENSG00000101222,SPEF1
ENSG00000107796.12,0.0006446313589920223,4952,ENSG00000107796,ACTA2
ENSG00000168453.14,0.0006435683892351496,4953,ENSG00000168453,HR
ENSG00000140323.5,0.0006433328718502097,4954,ENSG00000140323,DISP2
ENSG00000149256.14,0.0006424550550710386,4955,ENSG00000149256,TENM4
ENSG00000204624.7,0.0006419878776602936,4956,ENSG00000204624,DISP3
ENSG00000153993.13,0.0006418787914568094,4957,ENSG00000153993,SEMA3D
ENSG00000164764.10,0.000639577814451811,4958,ENSG00000164764,SBSPON
ENSG00000133019.11,0.000639126592785387,4959,ENSG00000133019,CHRM3
ENSG00000183098.10,0.0006389127747311823,4960,ENSG00000183098,GPC6
ENSG00000138311.15,0.0006357467888748723,4961,ENSG00000138311,ZNF365
ENSG00000211448.11,0.0006341423331435027,4962,ENSG00000211448,DIO2
ENSG00000146267.11,0.0006318837645355724,4963,ENSG00000146267,FAXC
ENSG00000135097.6,0.0006301602621462435,4964,ENSG00000135097,MSI1
ENSG00000106025.8,0.000629987458229724,4965,ENSG00000106025,TSPAN12
ENSG00000127377.8,0.0006294052347344166,4966,ENSG00000127377,CRYGN
ENSG00000205704.6,0.000628240352755167,4967,ENSG00000205704,SMIM45
ENSG00000132031.12,0.0006276498200676556,4968,ENSG00000132031,MATN3
ENSG00000117069.14,0.0006265570943942082,4969,ENSG00000117069,ST6GALNAC5
ENSG00000187634.10,0.00062554203506254,4970,ENSG00000187634,SAMD11
ENSG00000084628.9,0.000625266442996077,4971,ENSG00000084628,NKAIN1
ENSG00000262655.3,0.0006249011405420519,4972,ENSG00000262655,SPON1
ENSG00000144057.15,0.0006245066888086904,4973,ENSG00000144057,ST6GAL2
ENSG00000277363.4,0.00062429620927039,4974,ENSG00000277363,SRCIN1
ENSG00000169851.15,0.0006230385439182396,4975,ENSG00000169851,PCDH7
ENSG00000091622.15,0.0006221933664115732,4976,ENSG00000091622,PITPNM3
ENSG00000129151.8,0.0006221868759773149,4977,ENSG00000129151,BBOX1
ENSG00000078114.18,0.0006209131553019128,4978,ENSG00000078114,NEBL
ENSG00000104723.20,0.0006196542814547923,4979,ENSG00000104723,TUSC3
ENSG00000011347.9,0.0006179215053147421,4980,ENSG00000011347,SYT7
ENSG00000146197.8,0.000617518312102201,4981,ENSG00000146197,SCUBE3
ENSG00000137273.3,0.0006174336370612583,4982,ENSG00000137273,FOXF2
ENSG00000198944.5,0.0006148354615027981,4983,ENSG00000198944,SOWAHA
ENSG00000132321.16,0.0006133350378974221,4984,ENSG00000132321,DRC11
ENSG00000166922.8,0.0006112841370075962,4985,ENSG00000166922,SCG5
ENSG00000132932.16,0.0006102865707744176,4986,ENSG00000132932,ATP8A2
ENSG00000124140.12,0.0006102298547129412,4987,ENSG00000124140,SLC12A5
ENSG00000153904.18,0.0006101721913399379,4988,ENSG00000153904,DDAH1
ENSG00000143850.12,0.0006058494535965079,4989,ENSG00000143850,PLEKHA6
ENSG00000128045.6,0.0006047745448536968,4990,ENSG00000128045,RASL11B
ENSG00000230630.2,0.0006009431191252009,4991,ENSG00000230630,DNM3OS
ENSG00000215217.6,0.0006003072154308183,4992,ENSG00000215217,CFAP90
ENSG00000118946.11,0.0005987030000560011,4993,ENSG00000118946,PCDH17
ENSG00000105088.8,0.0005909070459488159,4994,ENSG00000105088,OLFM2
ENSG00000131435.12,0.0005900879031015804,4995,ENSG00000131435,PDLIM4
ENSG00000118997.13,0.0005827295219686126,4996,ENSG00000118997,DNAH7
ENSG00000149591.16,0.0005810168275332994,4997,ENSG00000149591,TAGLN
ENSG00000108947.4,0.0005776398804248969,4998,ENSG00000108947,EFNB3
ENSG00000235098.8,0.000575299690294793,4999,ENSG00000235098,ANKRD65
ENSG00000054690.13,0.0005457291632965709,5000,ENSG00000054690,PLEKHH1
