source,native,name,p_value,significant,description,term_size,query_size,intersection_size,effective_domain_size,precision,recall,query,parents
GO:BP,GO:0007275,multicellular organism development,8.49161911765107e-14,True,"""The biological process whose specific outcome is the progression of a multicellular organism over time from an initial condition (e.g. a zygote or a young adult) to a later condition (e.g. a multicellular animal or an aged adult)."" [GOC:dph, GOC:ems, GOC:isa_complete, GOC:tb]",4690,172,89,20972,0.5174418604651163,0.018976545842217484,query_1,"['GO:0032501', 'GO:0048856']"
GO:BP,GO:0032501,multicellular organismal process,8.49161911765107e-14,True,"""Any biological process, occurring at the level of a multicellular organism, pertinent to its function."" [GOC:curators, GOC:dph, GOC:isa_complete, GOC:tb]",7337,172,114,20972,0.6627906976744186,0.015537685702603244,query_1,['GO:0008150']
GO:BP,GO:0048731,system development,8.926233649958254e-14,True,"""The process whose specific outcome is the progression of an organismal system over time, from its formation to the mature structure. A system is a regularly interacting or interdependent group of organs or tissues that work together to carry out a given biological process."" [GOC:dph, GOC:jid]",4023,172,81,20972,0.47093023255813954,0.020134228187919462,query_1,"['GO:0007275', 'GO:0048856']"
GO:BP,GO:0048856,anatomical structure development,7.712068860852405e-13,True,"""The biological process whose specific outcome is the progression of an anatomical structure from an initial condition to its mature state. This process begins with the formation of the structure and ends with the mature structure, whatever form that may be including its natural destruction. An anatomical structure is any biological entity that occupies space and is distinguished from its surroundings. Anatomical structures can be macroscopic such as a carpel, or microscopic such as an acrosome."" [GO_REF:0000021]",5948,172,99,20972,0.5755813953488372,0.01664425016812374,query_1,['GO:0032502']
GO:BP,GO:0032502,developmental process,1.1844508941536853e-12,True,"""A biological process whose specific outcome is the progression of an integrated living unit: an anatomical structure (which may be a subcellular structure, cell, tissue, or organ), or organism over time from an initial condition to a later condition."" [GOC:isa_complete]",6535,172,104,20972,0.6046511627906976,0.015914307574598316,query_1,['GO:0008150']
GO:BP,GO:0048513,animal organ development,4.8199755567985984e-11,True,"""Development of a tissue or tissues that work together to perform a specific function or functions. Development pertains to the process whose specific outcome is the progression of a structure over time, from its formation to the mature structure. Organs are commonly observed as visibly distinct structures, but may also exist as loosely associated clusters of cells that work together to perform a specific function or functions."" [GOC:dph, GOC:jid]",3018,172,64,20972,0.37209302325581395,0.021206096752816435,query_1,['GO:0048856']
GO:BP,GO:0009653,anatomical structure morphogenesis,1.6923595928027793e-10,True,"""The process in which anatomical structures are generated and organized. Morphogenesis pertains to the creation of form."" [GOC:go_curators, ISBN:0521436125]",2699,172,59,20972,0.3430232558139535,0.021859948128936643,query_1,"['GO:0032502', 'GO:0048856']"
GO:BP,GO:0072359,circulatory system development,1.660691909190648e-08,True,"""The process whose specific outcome is the progression of the circulatory system over time, from its formation to the mature structure. The circulatory system is the organ system that passes nutrients (such as amino acids and electrolytes), gases, hormones, blood cells, etc. to and from cells in the body to help fight diseases and help stabilize body temperature and pH to maintain homeostasis."" [GOC:mah, UBERON:0001009]",1135,172,34,20972,0.19767441860465115,0.029955947136563875,query_1,['GO:0048731']
GO:BP,GO:0007507,heart development,2.2976825635565275e-07,True,"""The process whose specific outcome is the progression of the heart over time, from its formation to the mature structure. The heart is a hollow, muscular organ, which, by contracting rhythmically, keeps up the circulation of the blood."" [GOC:jid, UBERON:0000948]",591,172,23,20972,0.13372093023255813,0.038917089678511,query_1,"['GO:0048513', 'GO:0072359']"
GO:BP,GO:0009888,tissue development,3.1569432028711033e-07,True,"""The process whose specific outcome is the progression of a tissue over time, from its formation to the mature structure."" [ISBN:0471245208]",2014,172,44,20972,0.2558139534883721,0.021847070506454815,query_1,['GO:0048856']
GO:BP,GO:0051239,regulation of multicellular organismal process,3.1569432028711033e-07,True,"""Any process that modulates the frequency, rate or extent of a multicellular organismal process, the processes pertinent to the function of a multicellular organism above the cellular level; includes the integrated processes of tissues and organs."" [GOC:ai, GOC:dph, GOC:tb]",2923,172,55,20972,0.31976744186046513,0.01881628463906945,query_1,"['GO:0032501', 'GO:0050789']"
GO:BP,GO:0007155,cell adhesion,3.9765168193074503e-07,True,"""The attachment of a cell, either to another cell or to an underlying substrate such as the extracellular matrix, via cell adhesion molecules."" [GOC:hb, GOC:pf]",1512,172,37,20972,0.21511627906976744,0.02447089947089947,query_1,['GO:0009987']
GO:BP,GO:0065008,regulation of biological quality,4.4127210075383166e-07,True,"""Any process that modulates a qualitative or quantitative trait of a biological quality. A biological quality is a measurable attribute of an organism or part of an organism, such as size, mass, shape, color, etc."" [GOC:dph, GOC:isa_complete, GOC:mah, GOC:pr, GOC:vw]",2963,172,55,20972,0.31976744186046513,0.018562267971650354,query_1,['GO:0065007']
GO:BP,GO:0009887,animal organ morphogenesis,6.6914773633936e-07,True,"""Morphogenesis of an animal organ. An organ is defined as a tissue or set of tissues that work together to perform a specific function or functions. Morphogenesis is the process in which anatomical structures are generated and organized. Organs are commonly observed as visibly distinct structures, but may also exist as loosely associated clusters of cells that work together to perform a specific function or functions."" [GOC:dgh, GOC:go_curators, ISBN:0471245208, ISBN:0721662544]",1000,172,29,20972,0.1686046511627907,0.029,query_1,"['GO:0009653', 'GO:0048513']"
GO:BP,GO:0044057,regulation of system process,9.100623400252537e-07,True,"""Any process that modulates the frequency, rate or extent of a system process, a multicellular organismal process carried out by any of the organs or tissues in an organ system."" [GOC:jl]",543,172,21,20972,0.12209302325581395,0.03867403314917127,query_1,"['GO:0003008', 'GO:0051239']"
GO:BP,GO:0003231,cardiac ventricle development,1.7865968489301368e-06,True,"""The process whose specific outcome is the progression of a cardiac ventricle over time, from its formation to the mature structure. A cardiac ventricle receives blood from a cardiac atrium and pumps it out of the heart."" [GOC:mtg_heart]",128,172,11,20972,0.06395348837209303,0.0859375,query_1,['GO:0003205']
GO:BP,GO:0007156,homophilic cell-cell adhesion,3.0362004381725397e-06,True,"""The attachment of an adhesion molecule in one cell to an identical molecule in an adjacent cell."" [ISBN:0198506732]",169,172,12,20972,0.06976744186046512,0.07100591715976332,query_1,['GO:0098609']
GO:BP,GO:0003205,cardiac chamber development,3.271576976278726e-06,True,"""The progression of a cardiac chamber over time, from its formation to the mature structure. A cardiac chamber is an enclosed cavity within the heart."" [GOC:mtg_heart]",171,172,12,20972,0.06976744186046512,0.07017543859649122,query_1,"['GO:0007507', 'GO:0048856']"
GO:BP,GO:0003008,system process,8.409140513634221e-06,True,"""A multicellular organismal process carried out by any of the organs or tissues in an organ system. An organ system is a regularly interacting or interdependent group of organs or tissues that work together to carry out a biological objective."" [GOC:mtg_cardio]",2290,172,44,20972,0.2558139534883721,0.01921397379912664,query_1,['GO:0032501']
GO:BP,GO:0003012,muscle system process,1.4481490432909184e-05,True,"""An organ system process carried out at the level of a muscle. Muscle tissue is composed of contractile cells or fibers."" [GOC:mtg_cardio]",428,172,17,20972,0.09883720930232558,0.0397196261682243,query_1,['GO:0003008']
GO:BP,GO:0003206,cardiac chamber morphogenesis,1.4481490432909184e-05,True,"""The process in which a cardiac chamber is generated and organized. A cardiac chamber is an enclosed cavity within the heart."" [GOC:mtg_heart]",127,172,10,20972,0.05813953488372093,0.07874015748031496,query_1,"['GO:0003007', 'GO:0003205', 'GO:0009653']"
GO:BP,GO:0007399,nervous system development,1.4481490432909184e-05,True,"""The process whose specific outcome is the progression of nervous tissue over time, from its formation to its mature state."" [GOC:dgh]",2597,172,47,20972,0.27325581395348836,0.01809780515979977,query_1,['GO:0048731']
GO:BP,GO:0048646,anatomical structure formation involved in morphogenesis,1.8239197613516286e-05,True,"""The developmental process pertaining to the initial formation of an anatomical structure from unspecified parts. This process begins with the specific processes that contribute to the appearance of the discrete structure and ends when the structural rudiment is recognizable. An anatomical structure is any biological entity that occupies space and is distinguished from its surroundings. Anatomical structures can be macroscopic such as a carpel, or microscopic such as an acrosome."" [GOC:dph, GOC:jid, GOC:tb]",1190,172,29,20972,0.1686046511627907,0.024369747899159664,query_1,"['GO:0009653', 'GO:0032502']"
GO:BP,GO:0048729,tissue morphogenesis,2.161266206078675e-05,True,"""The process in which the anatomical structures of a tissue are generated and organized."" [GOC:dph, GOC:jid]",612,172,20,20972,0.11627906976744186,0.032679738562091505,query_1,"['GO:0009653', 'GO:0009888']"
REAC,REAC:R-HSA-3781865,Diseases of glycosylation,2.6769824521845816e-05,True,Diseases of glycosylation,140,102,11,11056,0.10784313725490197,0.07857142857142857,query_1,['REAC:R-HSA-5668914']
GO:BP,GO:0035295,tube development,3.777010131592105e-05,True,"""The process whose specific outcome is the progression of a tube over time, from its initial formation to a mature structure. Epithelial and endothelial tubes transport gases, liquids and cells from one site to another and form the basic structure of many organs and tissues including lung and trachea, kidney, the mammary gland, the vascular system and the gastrointestinal and urinary-genital tracts."" [PMID:12526790]",1094,172,27,20972,0.1569767441860465,0.024680073126142597,query_1,"['GO:0007275', 'GO:0048856']"
GO:BP,GO:0098609,cell-cell adhesion,4.329051217825493e-05,True,"""The attachment of one cell to another cell via adhesion molecules."" [GOC:dos]",965,172,25,20972,0.14534883720930233,0.025906735751295335,query_1,['GO:0007155']
GO:BP,GO:0090257,regulation of muscle system process,4.63079233556192e-05,True,"""Any process that modulates the frequency, rate or extent of a muscle system process, a multicellular organismal process carried out by any of the organs or tissues in a muscle system."" [GOC:dph, GOC:tb]",226,172,12,20972,0.06976744186046512,0.05309734513274336,query_1,"['GO:0003012', 'GO:0044057']"
GO:BP,GO:0007154,cell communication,7.592268155649716e-05,True,"""Any process that mediates interactions between a cell and its surroundings. Encompasses interactions such as signaling or attachment between one cell and another cell, between a cell and an extracellular matrix, or between a cell and any other aspect of its environment."" [GOC:mah]",6598,172,85,20972,0.4941860465116279,0.01288269172476508,query_1,['GO:0009987']
GO:BP,GO:0030154,cell differentiation,0.00011219835306746559,True,"""The cellular developmental process in which a relatively unspecialized cell, e.g. embryonic or regenerative cell, acquires specialized structural and/or functional features that characterize a specific cell. Differentiation includes the processes involved in commitment of a cell to a specific fate and its subsequent development to the mature state."" [ISBN:0198506732]",4443,172,64,20972,0.37209302325581395,0.014404681521494486,query_1,['GO:0048869']
GO:BP,GO:0048869,cellular developmental process,0.00011219835306746559,True,"""A biological process whose specific outcome is the progression of a cell over time from an initial condition to a later condition."" [GOC:isa_complete]",4444,172,64,20972,0.37209302325581395,0.0144014401440144,query_1,"['GO:0009987', 'GO:0032502']"
GO:BP,GO:0048870,cell motility,0.0001199607792218627,True,"""Any process involved in the controlled self-propelled movement of a cell that results in translocation of the cell from one place to another."" [GOC:dgh, GOC:dph, GOC:isa_complete, GOC:mlg]",1794,172,35,20972,0.20348837209302326,0.01950947603121516,query_1,['GO:0009987']
REAC,REAC:R-HSA-5083635,Defective B3GALTL causes PpS,0.00012248658998899488,True,Defective B3GALTL causes PpS,35,102,6,11056,0.058823529411764705,0.17142857142857143,query_1,['REAC:R-HSA-3906995']
REAC,REAC:R-HSA-5173214,O-glycosylation of TSR domain-containing proteins,0.00012248658998899488,True,O-glycosylation of TSR domain-containing proteins,36,102,6,11056,0.058823529411764705,0.16666666666666666,query_1,['REAC:R-HSA-5173105']
GO:BP,GO:0030900,forebrain development,0.00012789308020171616,True,"""The process whose specific outcome is the progression of the forebrain over time, from its formation to the mature structure. The forebrain is the anterior of the three primary divisions of the developing chordate brain or the corresponding part of the adult brain (in vertebrates, includes especially the cerebral hemispheres, the thalamus, and the hypothalamus and especially in higher vertebrates is the main control center for sensory and associative information processing, visceral functions, and voluntary motor functions)."" [PMID:4975589, PMID:4992177]",403,172,15,20972,0.0872093023255814,0.03722084367245657,query_1,"['GO:0007420', 'GO:0048856']"
GO:BP,GO:0021889,olfactory bulb interneuron differentiation,0.00013726421155251436,True,"""The process in which a neuroblast acquires specialized features of an interneuron residing in the olfactory bulb."" [GO_REF:0000021, GOC:cls, GOC:dgh, GOC:dph, GOC:jid, PMID:12626695]",11,172,4,20972,0.023255813953488372,0.36363636363636365,query_1,"['GO:0021772', 'GO:0021879']"
GO:BP,GO:0001657,ureteric bud development,0.00015256560324359818,True,"""The process whose specific outcome is the progression of the ureteric bud over time, from its formation to the mature structure."" [GOC:go_curators]",99,172,8,20972,0.046511627906976744,0.08080808080808081,query_1,['GO:0072164']
GO:BP,GO:0072163,mesonephric epithelium development,0.00015553514822625963,True,"""The process whose specific outcome is the progression of an epithelium in the mesonephros over time, from its formation to the mature structure. An epithelium is a tissue that covers the internal or external surfaces of an anatomical structure."" [GOC:mtg_kidney_jan10]",100,172,8,20972,0.046511627906976744,0.08,query_1,"['GO:0001823', 'GO:0072073']"
GO:BP,GO:0072164,mesonephric tubule development,0.00015553514822625963,True,"""The progression of a mesonephric tubule over time, from its initial formation to the mature structure. A mesonephric tubule is an epithelial tube that is part of the mesonephros."" [GOC:mtg_kidney_jan10]",100,172,8,20972,0.046511627906976744,0.08,query_1,"['GO:0035295', 'GO:0072163']"
GO:BP,GO:0050793,regulation of developmental process,0.00016257680305992167,True,"""Any process that modulates the frequency, rate or extent of development, the biological process whose specific outcome is the progression of a multicellular organism over time from an initial condition (e.g. a zygote, or a young adult) to a later condition (e.g. a multicellular animal or an aged adult)."" [GOC:go_curators]",2431,172,42,20972,0.2441860465116279,0.01727684080625257,query_1,"['GO:0032502', 'GO:0050789']"
GO:BP,GO:0007167,enzyme-linked receptor protein signaling pathway,0.00016257680305992167,True,"""The series of molecular signals initiated by an extracellular ligand binding to a receptor on the surface of the target cell, where the receptor possesses catalytic activity or is closely associated with an enzyme such as a protein kinase, and ending with the regulation of a downstream cellular process, e.g. transcription."" [GOC:mah, GOC:signaling, ISBN:0815316194]",988,172,24,20972,0.13953488372093023,0.024291497975708502,query_1,['GO:0007166']
GO:BP,GO:0003013,circulatory system process,0.00017315859683690986,True,"""An organ system process carried out by any of the organs or tissues of the circulatory system. The circulatory system is an organ system that moves extracellular fluids to and from tissue within a multicellular organism."" [GOC:mtg_cardio]",595,172,18,20972,0.10465116279069768,0.030252100840336135,query_1,['GO:0003008']
GO:BP,GO:0060537,muscle tissue development,0.00017546703862890024,True,"""The progression of muscle tissue over time, from its initial formation to its mature state. Muscle tissue is a contractile tissue made up of actin and myosin fibers."" [GOC:dph]",421,172,15,20972,0.0872093023255814,0.035629453681710214,query_1,['GO:0009888']
GO:BP,GO:0001823,mesonephros development,0.00018385213242661048,True,"""The process whose specific outcome is the progression of the mesonephros over time, from its formation to the mature structure. In mammals, the mesonephros is the second of the three embryonic kidneys to be established and exists only transiently. In lower vertebrates such as fish and amphibia, the mesonephros will form the mature kidney."" [GOC:dph, ISBN:0124020607, ISBN:0721662544, PMID:10535314]",104,172,8,20972,0.046511627906976744,0.07692307692307693,query_1,['GO:0001822']
GO:BP,GO:0021537,telencephalon development,0.0002042069064653307,True,"""The process whose specific outcome is the progression of the telencephalon over time, from its formation to the mature structure. The telencephalon is the paired anteriolateral division of the prosencephalon plus the lamina terminalis from which the olfactory lobes, cerebral cortex, and subcortical nuclei are derived."" [GO_REF:0000021, GOC:cls, GOC:dgh, GOC:dph, GOC:jid, PMID:12626695]",272,172,12,20972,0.06976744186046512,0.04411764705882353,query_1,"['GO:0030900', 'GO:0048856']"
GO:BP,GO:0048738,cardiac muscle tissue development,0.0002042069064653307,True,"""The process whose specific outcome is the progression of cardiac muscle over time, from its formation to the mature structure."" [GOC:dph, GOC:jid, GOC:lm]",225,172,11,20972,0.06395348837209303,0.04888888888888889,query_1,"['GO:0007507', 'GO:0014706']"
GO:BP,GO:0040011,locomotion,0.0002234793180387237,True,"""Self-propelled movement of a cell or organism from one location to another."" [GOC:dgh]",1236,172,27,20972,0.1569767441860465,0.021844660194174758,query_1,['GO:0008150']
REAC,REAC:R-HSA-3906995,Diseases associated with O-glycosylation of proteins,0.0002304262519969846,True,Diseases associated with O-glycosylation of proteins,65,102,7,11056,0.06862745098039216,0.1076923076923077,query_1,['REAC:R-HSA-3781865']
GO:BP,GO:0007267,cell-cell signaling,0.00023175151003138343,True,"""Any process that mediates the transfer of information from one cell to another. This process includes signal transduction in the receiving cell and, where applicable, release of a ligand and any processes that actively facilitate its transport and presentation to the receiving cell. Examples include signaling via soluble ligands, via cell adhesion molecules and via gap junctions."" [GOC:dos, GOC:mah]",1316,172,28,20972,0.16279069767441862,0.02127659574468085,query_1,"['GO:0007154', 'GO:0023052']"
GO:BP,GO:0060560,developmental growth involved in morphogenesis,0.0002848811141914122,True,"""The increase in size or mass of an anatomical structure that contributes to the structure attaining its shape."" [GOC:dph]",235,172,11,20972,0.06395348837209303,0.04680851063829787,query_1,"['GO:0009653', 'GO:0048589']"
GO:BP,GO:0007423,sensory organ development,0.0002848811141914122,True,"""The process whose specific outcome is the progression of sensory organs over time, from its formation to the mature structure."" [GOC:go_curators]",625,172,18,20972,0.10465116279069768,0.0288,query_1,['GO:0048513']
GO:BP,GO:0007417,central nervous system development,0.0002848811141914122,True,"""The process whose specific outcome is the progression of the central nervous system over time, from its formation to the mature structure. The central nervous system is the core nervous system that serves an integrating and coordinating function. In vertebrates it consists of the brain and spinal cord. In those invertebrates with a central nervous system it typically consists of a brain, cerebral ganglia and a nerve cord."" [GOC:bf, GOC:jid, ISBN:0582227089]",1035,172,24,20972,0.13953488372093023,0.02318840579710145,query_1,"['GO:0007399', 'GO:0048731']"
GO:BP,GO:0006936,muscle contraction,0.00032719770958470983,True,"""A process in which force is generated within muscle tissue, resulting in a change in muscle geometry. Force generation involves a chemo-mechanical energy conversion step that is carried out by the actin/myosin complex activity, which generates force through ATP hydrolysis."" [GOC:ef, GOC:mtg_muscle, ISBN:0198506732]",340,172,13,20972,0.0755813953488372,0.03823529411764706,query_1,['GO:0003012']
GO:BP,GO:0040012,regulation of locomotion,0.00032719770958470983,True,"""Any process that modulates the frequency, rate or extent of locomotion of a cell or organism."" [GOC:ems]",1046,172,24,20972,0.13953488372093023,0.022944550669216062,query_1,"['GO:0040011', 'GO:0050789']"
GO:BP,GO:0040007,growth,0.00041879767492416717,True,"""The increase in size or mass of an entire organism, a part of an organism or a cell."" [GOC:bf, GOC:ma]",920,172,22,20972,0.12790697674418605,0.02391304347826087,query_1,['GO:0008150']
GO:BP,GO:0048812,neuron projection morphogenesis,0.00041879767492416717,True,"""The process in which the anatomical structures of a neuron projection are generated and organized. A neuron projection is any process extending from a neural cell, such as axons or dendrites."" [GOC:mah]",648,172,18,20972,0.10465116279069768,0.027777777777777776,query_1,"['GO:0031175', 'GO:0120039']"
GO:BP,GO:0048754,branching morphogenesis of an epithelial tube,0.00041879767492416717,True,"""The process in which the anatomical structures of branches in an epithelial tube are generated and organized. A tube is a long hollow cylinder."" [GOC:dgh, GOC:dph, GOC:jid]",159,172,9,20972,0.05232558139534884,0.05660377358490566,query_1,"['GO:0035239', 'GO:0060562', 'GO:0061138']"
GO:BP,GO:0001763,morphogenesis of a branching structure,0.0004474489597948288,True,"""The process in which the anatomical structures of branches are generated and organized. A branch is a division or offshoot from a main stem. Examples in animals would include blood vessels, nerves, lymphatics and other endothelial or epithelial tubes."" [ISBN:0721662544]",205,172,10,20972,0.05813953488372093,0.04878048780487805,query_1,"['GO:0009653', 'GO:0032501']"
GO:BP,GO:0000902,cell morphogenesis,0.0004474489597948288,True,"""The developmental process in which the size or shape of a cell is generated and organized."" [GOC:clt, GOC:dph, GOC:go_curators, GOC:tb]",998,172,23,20972,0.13372093023255813,0.023046092184368736,query_1,['GO:0009653']
GO:BP,GO:0072132,mesenchyme morphogenesis,0.0004474489597948288,True,"""The process in which the anatomical structures of a mesenchymal tissue are generated and organized. A mesenchymal tissue is made up of loosely packed stellate cells."" [GOC:mtg_kidney_jan10]",58,172,6,20972,0.03488372093023256,0.10344827586206896,query_1,"['GO:0009887', 'GO:0048729', 'GO:0060485']"
GO:BP,GO:0021772,olfactory bulb development,0.0004474489597948288,True,"""The progression of the olfactory bulb over time from its initial formation until its mature state. The olfactory bulb coordinates neuronal signaling involved in the perception of smell. It receives input from the sensory neurons and outputs to the olfactory cortex."" [GO_REF:0000021, GOC:cls, GOC:dgh, GOC:dph, GOC:jid, ISBN:0878937420]",34,172,5,20972,0.029069767441860465,0.14705882352941177,query_1,"['GO:0021988', 'GO:0048856']"
GO:BP,GO:0060322,head development,0.0004474489597948288,True,"""The biological process whose specific outcome is the progression of a head from an initial condition to its mature state. The head is the anterior-most division of the body."" [GOC:dph]",787,172,20,20972,0.11627906976744186,0.025412960609911054,query_1,['GO:0048856']
GO:BP,GO:0006937,regulation of muscle contraction,0.0004474489597948288,True,"""Any process that modulates the frequency, rate or extent of muscle contraction."" [GOC:go_curators]",162,172,9,20972,0.05232558139534884,0.05555555555555555,query_1,"['GO:0006936', 'GO:0090257']"
GO:BP,GO:1903522,regulation of blood circulation,0.00045224361295510254,True,"""Any process that modulates the frequency, rate or extent of blood circulation."" [GO_REF:0000058, GOC:mr, GOC:TermGenie, PMID:10659969]",254,172,11,20972,0.06395348837209303,0.04330708661417323,query_1,"['GO:0008015', 'GO:0044057']"
GO:BP,GO:2000145,regulation of cell motility,0.00045224361295510254,True,"""Any process that modulates the frequency, rate or extent of cell motility."" [GOC:mah]",1005,172,23,20972,0.13372093023255813,0.022885572139303482,query_1,"['GO:0040012', 'GO:0048870', 'GO:0050794']"
GO:BP,GO:0030198,extracellular matrix organization,0.00048638454700279085,True,"""A process that is carried out at the cellular level which results in the assembly, arrangement of constituent parts, or disassembly of an extracellular matrix."" [GOC:mah]",307,172,12,20972,0.06976744186046512,0.03908794788273615,query_1,"['GO:0043062', 'GO:0045229']"
GO:BP,GO:0120039,plasma membrane bounded cell projection morphogenesis,0.00048683772260365557,True,"""The process in which the anatomical structures of a plasma membrane bounded cell projection are generated and organized."" [GOC:krc]",664,172,18,20972,0.10465116279069768,0.02710843373493976,query_1,['GO:0048858']
GO:BP,GO:0043062,extracellular structure organization,0.00048683772260365557,True,"""A process that is carried out at the cellular level which results in the assembly, arrangement of constituent parts, or disassembly of structures in the space external to the outermost structure of a cell. For cells without external protective or external encapsulating structures this refers to space outside of the plasma membrane, and also covers the host cell environment outside an intracellular parasite."" [GOC:ai, GOC:dph, GOC:jl, GOC:mah]",308,172,12,20972,0.06976744186046512,0.03896103896103896,query_1,['GO:0016043']
GO:BP,GO:0016049,cell growth,0.0004918047932700383,True,"""The process in which a cell irreversibly increases in size over time by accretion and biosynthetic production of matter similar to that already present."" [GOC:ai]",478,172,15,20972,0.0872093023255814,0.03138075313807531,query_1,"['GO:0009987', 'GO:0040007']"
GO:BP,GO:0045229,external encapsulating structure organization,0.0004918047932700383,True,"""A process that is carried out at the cellular level which results in the assembly, arrangement of constituent parts, or disassembly of external structures that lie outside the plasma membrane and surround the entire cell."" [GOC:ai, GOC:dph, GOC:jl, GOC:mah]",309,172,12,20972,0.06976744186046512,0.038834951456310676,query_1,['GO:0016043']
GO:BP,GO:0030334,regulation of cell migration,0.000493548591112437,True,"""Any process that modulates the frequency, rate or extent of cell migration."" [GOC:go_curators]",944,172,22,20972,0.12790697674418605,0.023305084745762712,query_1,"['GO:0016477', 'GO:2000145']"
GO:BP,GO:0007420,brain development,0.0004945020450137314,True,"""The process whose specific outcome is the progression of the brain over time, from its formation to the mature structure. Brain development begins with patterning events in the neural tube and ends with the mature structure that is the center of thought and emotion. The brain is responsible for the coordination and control of bodily activities and the interpretation of information from the senses (sight, hearing, smell, etc.)."" [GOC:dph, GOC:jid, GOC:tb, UBERON:0000955]",736,172,19,20972,0.11046511627906977,0.025815217391304348,query_1,"['GO:0007417', 'GO:0048513', 'GO:0060322']"
GO:BP,GO:0048858,cell projection morphogenesis,0.0004945020450137314,True,"""The process in which the anatomical structures of a cell projection are generated and organized."" [GO_REF:0000021]",669,172,18,20972,0.10465116279069768,0.026905829596412557,query_1,"['GO:0000902', 'GO:0009653', 'GO:0030030']"
GO:BP,GO:0021988,olfactory lobe development,0.0004952831545190585,True,"""The progression of the olfactory lobe over time from its initial formation until its mature state. The olfactory lobe is the area of the brain that process the neural inputs for the sense of smell."" [GO_REF:0000021, GOC:cls, GOC:dgh, GOC:dph, GOC:jid]",36,172,5,20972,0.029069767441860465,0.1388888888888889,query_1,"['GO:0021537', 'GO:0048856']"
GO:BP,GO:0035239,tube morphogenesis,0.0004952831545190585,True,"""The process in which the anatomical structures of a tube are generated and organized. Epithelial and endothelial tubes transport gases, liquids and cells from one site to another and form the basic structure of many organs and tissues, with tube shape and organization varying from the single-celled excretory organ in Caenorhabditis elegans to the branching trees of the mammalian kidney and insect tracheal system."" [GOC:bf, PMID:14624839]",877,172,21,20972,0.12209302325581395,0.02394526795895097,query_1,"['GO:0009653', 'GO:0035295']"
GO:BP,GO:0021891,olfactory bulb interneuron development,0.0004952831545190585,True,"""The process whose specific outcome is the progression of an interneuron residing in the olfactory bulb, from its initial commitment, to the fully functional differentiated cell."" [GO_REF:0000021, GOC:cls, GOC:dgh, GOC:dph, GOC:jid, PMID:12626695]",6,172,3,20972,0.01744186046511628,0.5,query_1,"['GO:0021884', 'GO:0021889']"
GO:BP,GO:0001503,ossification,0.000504193478826007,True,"""The formation of bone or of a bony substance, or the conversion of fibrous tissue or of cartilage into bone or a bony substance."" [GOC:mtg_mpo, PMID:17572649]",424,172,14,20972,0.08139534883720931,0.0330188679245283,query_1,['GO:0032501']
GO:BP,GO:0003007,heart morphogenesis,0.0005171214650481441,True,"""The developmental process in which the heart is generated and organized. The heart is a hollow, muscular organ, which, by contracting rhythmically, keeps up the circulation of the blood."" [GOC:dph, GOC:isa_complete]",263,172,11,20972,0.06395348837209303,0.04182509505703422,query_1,"['GO:0007507', 'GO:0009887']"
GO:BP,GO:0010646,regulation of cell communication,0.0006002587291171547,True,"""Any process that modulates the frequency, rate or extent of cell communication. Cell communication is the process that mediates interactions between a cell and its surroundings. Encompasses interactions such as signaling or attachment between one cell and another cell, between a cell and an extracellular matrix, or between a cell and any other aspect of its environment."" [GOC:dph, GOC:tb]",3480,172,51,20972,0.29651162790697677,0.014655172413793103,query_1,"['GO:0007154', 'GO:0050794']"
GO:BP,GO:0022603,regulation of anatomical structure morphogenesis,0.0006139176265023656,True,"""Any process that modulates the frequency, rate or extent of anatomical structure morphogenesis."" [GOC:mah]",822,172,20,20972,0.11627906976744186,0.024330900243309004,query_1,"['GO:0009653', 'GO:0050793']"
GO:BP,GO:0048588,developmental cell growth,0.0006367382700630538,True,"""The growth of a cell, where growth contributes to the progression of the cell over time from one condition to another."" [GOC:go_curators, GOC:isa_complete]",221,172,10,20972,0.05813953488372093,0.04524886877828054,query_1,"['GO:0016049', 'GO:0048468', 'GO:0048589']"
GO:BP,GO:0001944,vasculature development,0.0006596930087766766,True,"""The process whose specific outcome is the progression of the vasculature over time, from its formation to the mature structure. The vasculature is an interconnected tubular multi-tissue structure that contains fluid that is actively transported around the organism."" [GOC:dph, UBERON:0002409]",758,172,19,20972,0.11046511627906977,0.025065963060686015,query_1,"['GO:0048731', 'GO:0072359']"
GO:BP,GO:0060993,kidney morphogenesis,0.0006788021984691176,True,"""Morphogenesis of a kidney. A kidney is an organ that filters the blood and excretes the end products of body metabolism in the form of urine."" [GOC:dph, GOC:mtg_kidney_jan10]",98,172,7,20972,0.040697674418604654,0.07142857142857142,query_1,"['GO:0001822', 'GO:0009887']"
GO:BP,GO:0002009,morphogenesis of an epithelium,0.0007048813086144205,True,"""The process in which the anatomical structures of epithelia are generated and organized. An epithelium consists of closely packed cells arranged in one or more layers, that covers the outer surfaces of the body or lines any internal cavity or tube."" [GOC:dph, GOC:jl, GOC:tb, ISBN:0198506732]",501,172,15,20972,0.0872093023255814,0.029940119760479042,query_1,"['GO:0048729', 'GO:0060429']"
GO:BP,GO:0030048,actin filament-based movement,0.0007182098272691008,True,"""Movement of organelles or other particles along actin filaments, or sliding of actin filaments past each other, mediated by motor proteins."" [GOC:BHF, GOC:mah]",137,172,8,20972,0.046511627906976744,0.058394160583941604,query_1,['GO:0030029']
GO:BP,GO:1903115,regulation of actin filament-based movement,0.0007316441162596552,True,"""Any process that modulates the frequency, rate or extent of actin filament-based movement."" [GO_REF:0000058, GOC:TermGenie, PMID:24798735]",40,172,5,20972,0.029069767441860465,0.125,query_1,"['GO:0030048', 'GO:0032970']"
GO:BP,GO:0016477,cell migration,0.0007522294294544572,True,"""The controlled self-propelled movement of a cell from one site to a destination guided by molecular cues."" [GOC:cjm, GOC:dph, GOC:ems, GOC:pf, Wikipedia:Cell_migration]",1532,172,29,20972,0.1686046511627907,0.018929503916449087,query_1,['GO:0048870']
GO:BP,GO:0072001,renal system development,0.0007522294294544572,True,"""The process whose specific outcome is the progression of the renal system over time, from its formation to the mature structure. The renal system maintains fluid balance and contributes to electrolyte balance, acid/base balance, and disposal of nitrogenous waste products. In humans, the renal system comprises a pair of kidneys, a pair of ureters, urinary bladder, urethra, sphincter muscle and associated blood vessels."" [GOC:mtg_kidney_jan10, GOC:yaf, PMID:6996269]",331,172,12,20972,0.06976744186046512,0.03625377643504532,query_1,['GO:0048731']
GO:BP,GO:0023052,signaling,0.0007522294294544572,True,"""The entirety of a process in which information is transmitted within a biological system. This process begins with an active signal and ends when a cellular response has been triggered."" [GOC:mtg_signal, GOC:mtg_signaling_feb11, GOC:signaling]",6558,172,80,20972,0.46511627906976744,0.012198841110094541,query_1,['GO:0050789']
GO:BP,GO:0008015,blood circulation,0.0008251085915578222,True,"""The flow of blood through the body of an animal, enabling the transport of nutrients to the tissues and the removal of waste products."" [GOC:mtg_heart, ISBN:0192800825]",511,172,15,20972,0.0872093023255814,0.029354207436399216,query_1,['GO:0003013']
GO:BP,GO:0061564,axon development,0.0008512816731250249,True,"""The progression of an axon over time. Covers axonogenesis (de novo generation of an axon) and axon regeneration (regrowth), as well as processes pertaining to the progression of the axon over time (fasciculation and defasciculation)."" [GOC:dph, GOC:pg, GOC:pr]",513,172,15,20972,0.0872093023255814,0.029239766081871343,query_1,['GO:0031175']
GO:BP,GO:0007409,axonogenesis,0.0008512816731250249,True,"""De novo generation of a long process of a neuron, including the terminal branched region. Refers to the morphogenesis or creation of shape or form of the developing axon, which carries efferent (outgoing) action potentials from the cell body towards target cells."" [GOC:dph, GOC:jid, GOC:pg, GOC:pr, ISBN:0198506732]",452,172,14,20972,0.08139534883720931,0.030973451327433628,query_1,"['GO:0048667', 'GO:0048812', 'GO:0061564']"
GO:BP,GO:2000026,regulation of multicellular organismal development,0.000937998291728495,True,"""Any process that modulates the frequency, rate or extent of multicellular organismal development."" [GOC:obol]",1392,172,27,20972,0.1569767441860465,0.01939655172413793,query_1,"['GO:0007275', 'GO:0050793', 'GO:0051239']"
GO:BP,GO:0060411,cardiac septum morphogenesis,0.000937998291728495,True,"""The process in which the anatomical structure of a cardiac septum is generated and organized. A cardiac septum is a partition that separates parts of the heart."" [GOC:dph, GOC:mtg_heart]",71,172,6,20972,0.03488372093023256,0.08450704225352113,query_1,"['GO:0003206', 'GO:0003279', 'GO:0009653']"
GO:BP,GO:0014706,striated muscle tissue development,0.0009653618556475191,True,"""The process whose specific outcome is the progression of a striated muscle over time, from its formation to the mature structure. Striated muscle contain fibers that are divided by transverse bands into striations, and cardiac and skeletal muscle are types of striated muscle. Skeletal muscle myoblasts fuse to form myotubes and eventually multinucleated muscle fibers. The fusion of cardiac cells is very rare and can only form binucleate cells."" [CL:0000737, GOC:dph, GOC:mtg_muscle]",399,172,13,20972,0.0755813953488372,0.03258145363408521,query_1,['GO:0060537']
GO:BP,GO:0040017,positive regulation of locomotion,0.0009830211897258706,True,"""Any process that activates or increases the frequency, rate or extent of locomotion of a cell or organism."" [GOC:go_curators]",586,172,16,20972,0.09302325581395349,0.027303754266211604,query_1,"['GO:0040011', 'GO:0040012', 'GO:0048518']"
GO:BP,GO:0031175,neuron projection development,0.0010032356922483258,True,"""The process whose specific outcome is the progression of a neuron projection over time, from its formation to the mature structure. A neuron projection is any process extending from a neural cell, such as axons or dendrites (collectively called neurites)."" [GOC:mah]",1010,172,22,20972,0.12790697674418605,0.02178217821782178,query_1,"['GO:0048666', 'GO:0120036']"
GO:BP,GO:0061138,morphogenesis of a branching epithelium,0.0010230405598978035,True,"""The process in which the anatomical structures of a branched epithelium are generated and organized."" [GOC:dph]",191,172,9,20972,0.05232558139534884,0.04712041884816754,query_1,"['GO:0001763', 'GO:0002009']"
GO:BP,GO:0040008,regulation of growth,0.0010332448969866711,True,"""Any process that modulates the frequency, rate or extent of the growth of all or part of an organism so that it occurs at its proper speed, either globally or in a specific part of the organism's development."" [GOC:ems, GOC:mah]",590,172,16,20972,0.09302325581395349,0.02711864406779661,query_1,"['GO:0040007', 'GO:0050789']"
GO:BP,GO:0048666,neuron development,0.0010347162313420974,True,"""The process whose specific outcome is the progression of a neuron over time, from initial commitment of the cell to a specific fate, to the fully functional differentiated cell."" [GOC:dph]",1167,172,24,20972,0.13953488372093023,0.02056555269922879,query_1,"['GO:0030182', 'GO:0048468']"
GO:BP,GO:0051241,negative regulation of multicellular organismal process,0.0010391818323718476,True,"""Any process that stops, prevents, or reduces the frequency, rate or extent of an organismal process, the processes pertinent to the function of an organism above the cellular level; includes the integrated processes of tissues and organs."" [GOC:ai]",1091,172,23,20972,0.13372093023255813,0.021081576535288724,query_1,"['GO:0032501', 'GO:0048519', 'GO:0051239']"
GO:BP,GO:0001568,blood vessel development,0.0010459373962433487,True,"""The process whose specific outcome is the progression of a blood vessel over time, from its formation to the mature structure. The blood vessel is the vasculature carrying blood."" [GOC:hjd, UBERON:0001981]",727,172,18,20972,0.10465116279069768,0.024759284731774415,query_1,"['GO:0001944', 'GO:0048856']"
GO:BP,GO:0048589,developmental growth,0.0010717176878775293,True,"""The increase in size or mass of an entire organism, a part of an organism or a cell, where the increase in size or mass has the specific outcome of the progression of the organism over time from one condition to another."" [GOC:go_curators]",661,172,17,20972,0.09883720930232558,0.025718608169440244,query_1,"['GO:0032502', 'GO:0040007']"
GO:BP,GO:0060047,heart contraction,0.0010717176878775293,True,"""The multicellular organismal process in which the heart decreases in volume in a characteristic way to propel blood through the body."" [GOC:dph]",242,172,10,20972,0.05813953488372093,0.04132231404958678,query_1,"['GO:0003015', 'GO:0008015']"
GO:BP,GO:0007369,gastrulation,0.0011202713158322828,True,"""A complex and coordinated series of cellular movements that occurs at the end of cleavage during embryonic development of most animals. The details of gastrulation vary from species to species, but usually result in the formation of the three primary germ layers, ectoderm, mesoderm and endoderm."" [GOC:curators, ISBN:9780878933846]",195,172,9,20972,0.05232558139534884,0.046153846153846156,query_1,['GO:0048598']
GO:BP,GO:0050954,sensory perception of mechanical stimulus,0.001154595563959156,True,"""The series of events required for an organism to receive a sensory mechanical stimulus, convert it to a molecular signal, and recognize and characterize the signal. This is a neurological process."" [GOC:ai]",196,172,9,20972,0.05232558139534884,0.04591836734693878,query_1,['GO:0007600']
GO:BP,GO:0007166,cell surface receptor signaling pathway,0.0011683105662002604,True,"""The series of molecular signals initiated by an extracellular ligand binding to a receptor located on the cell surface. The pathway ends with regulation of a downstream cellular process, e.g. transcription."" [GOC:signaling]",2834,172,43,20972,0.25,0.015172900494001412,query_1,['GO:0007165']
GO:BP,GO:0072073,kidney epithelium development,0.0011820426551525966,True,"""The process whose specific outcome is the progression of an epithelium in the kidney over time, from its formation to the mature structure. An epithelium is a tissue that covers the internal or external surfaces of an anatomical structure."" [GOC:mtg_kidney_jan10]",152,172,8,20972,0.046511627906976744,0.05263157894736842,query_1,"['GO:0001822', 'GO:0060429']"
GO:BP,GO:0061061,muscle structure development,0.0012541964272851107,True,"""The progression of a muscle structure over time, from its formation to its mature state. Muscle structures are contractile cells, tissues or organs that are found in multicellular organisms."" [GOC:dph]",673,172,17,20972,0.09883720930232558,0.02526002971768202,query_1,['GO:0048856']
GO:BP,GO:0010463,mesenchymal cell proliferation,0.0012541964272851107,True,"""The multiplication or reproduction of cells, resulting in the expansion of a mesenchymal cell population. A mesenchymal cell is a cell that normally gives rise to other cells that are organized as three-dimensional masses, rather than sheets."" [GOC:dph, GOC:tb]",47,172,5,20972,0.029069767441860465,0.10638297872340426,query_1,['GO:0008283']
GO:BP,GO:0003170,heart valve development,0.0012541964272851107,True,"""The progression of a heart valve over time, from its formation to the mature structure. A heart valve is a structure that restricts the flow of blood to different regions of the heart and forms from an endocardial cushion."" [GOC:mtg_heart]",77,172,6,20972,0.03488372093023256,0.07792207792207792,query_1,"['GO:0007507', 'GO:0048856']"
GO:BP,GO:0003015,heart process,0.0013345595233260135,True,"""A circulatory system process carried out by the heart. The heart is a hollow, muscular organ, which, by contracting rhythmically, keeps up the circulation of the blood. The heart is a hollow, muscular organ, which, by contracting rhythmically, keeps up the circulation of the blood."" [GOC:mtg_cardio]",251,172,10,20972,0.05813953488372093,0.0398406374501992,query_1,['GO:0003013']
GO:BP,GO:0030335,positive regulation of cell migration,0.0013345595233260135,True,"""Any process that activates or increases the frequency, rate or extent of cell migration."" [GOC:go_curators]",544,172,15,20972,0.0872093023255814,0.027573529411764705,query_1,"['GO:0016477', 'GO:0030334', 'GO:2000147']"
GO:BP,GO:0070252,actin-mediated cell contraction,0.0013740162235751738,True,"""The actin filament-based process in which cytoplasmic actin filaments slide past one another resulting in contraction of all or part of the cell body."" [GOC:mah]",115,172,7,20972,0.040697674418604654,0.06086956521739131,query_1,['GO:0030048']
REAC,REAC:R-HSA-5668914,Diseases of metabolism,0.001404716990608476,True,Diseases of metabolism,246,102,11,11056,0.10784313725490197,0.044715447154471545,query_1,['REAC:R-HSA-1643685']
GO:BP,GO:0030182,neuron differentiation,0.0014341190925448665,True,"""The process in which a relatively unspecialized cell acquires specialized features of a neuron."" [GOC:mah]",1444,172,27,20972,0.1569767441860465,0.018698060941828253,query_1,"['GO:0030154', 'GO:0048699']"
GO:BP,GO:0008016,regulation of heart contraction,0.0014360574624678873,True,"""Any process that modulates the frequency, rate or extent of heart contraction. Heart contraction is the process in which the heart decreases in volume in a characteristic way to propel blood through the body."" [GOC:dph, GOC:go_curators, GOC:tb]",204,172,9,20972,0.05232558139534884,0.04411764705882353,query_1,"['GO:0060047', 'GO:1903522']"
GO:BP,GO:0008283,cell population proliferation,0.0015080406615587277,True,"""The multiplication or reproduction of cells, resulting in the expansion of a cell population."" [GOC:mah, GOC:mb]",1961,172,33,20972,0.19186046511627908,0.016828148903620603,query_1,['GO:0009987']
GO:BP,GO:0072028,nephron morphogenesis,0.0015683989926424365,True,"""The process in which the anatomical structures of the nephron are generated and organized. A nephron is the functional unit of the kidney."" [GOC:mtg_kidney_jan10]",81,172,6,20972,0.03488372093023256,0.07407407407407407,query_1,"['GO:0009653', 'GO:0060993', 'GO:0072006']"
GO:BP,GO:0048598,embryonic morphogenesis,0.0016316176065163759,True,"""The process in which anatomical structures are generated and organized during the embryonic phase. The embryonic phase begins with zygote formation. The end of the embryonic phase is organism-specific. For example, it would be at birth for mammals, larval hatching for insects and seed dormancy in plants."" [GOC:jid, GOC:mtg_sensu]",623,172,16,20972,0.09302325581395349,0.025682182985553772,query_1,"['GO:0009653', 'GO:0009790']"
REAC,REAC:R-HSA-3560801,Defective B3GAT3 causes JDSSDHD,0.0016390902732903814,True,Defective B3GAT3 causes JDSSDHD,20,102,4,11056,0.0392156862745098,0.2,query_1,['REAC:R-HSA-3560782']
REAC,REAC:R-HSA-4420332,Defective B3GALT6 causes EDSP2 and SEMDJL1,0.0016390902732903814,True,Defective B3GALT6 causes EDSP2 and SEMDJL1,20,102,4,11056,0.0392156862745098,0.2,query_1,['REAC:R-HSA-3560782']
REAC,REAC:R-HSA-3560783,"Defective B4GALT7 causes EDS, progeroid type",0.0016390902732903814,True,"Defective B4GALT7 causes EDS, progeroid type",20,102,4,11056,0.0392156862745098,0.2,query_1,['REAC:R-HSA-3560782']
GO:BP,GO:0023051,regulation of signaling,0.0016809805127569577,True,"""Any process that modulates the frequency, rate or extent of a signaling process."" [GOC:mtg_signal]",3473,172,49,20972,0.28488372093023256,0.014108839619925137,query_1,"['GO:0023052', 'GO:0050789']"
REAC,REAC:R-HSA-9830674,Formation of the ureteric bud,0.0017870644853148331,True,Formation of the ureteric bud,21,102,4,11056,0.0392156862745098,0.19047619047619047,query_1,['REAC:R-HSA-9830369']
GO:BP,GO:0051093,negative regulation of developmental process,0.0018161788949374866,True,"""Any process that stops, prevents or reduces the rate or extent of development, the biological process whose specific outcome is the progression of an organism over time from an initial condition (e.g. a zygote, or a young adult) to a later condition (e.g. a multicellular animal or an aged adult)."" [GOC:ai]",916,172,20,20972,0.11627906976744186,0.021834061135371178,query_1,"['GO:0032502', 'GO:0048519', 'GO:0050793']"
GO:BP,GO:0051094,positive regulation of developmental process,0.0018161788949374866,True,"""Any process that activates or increases the rate or extent of development, the biological process whose specific outcome is the progression of an organism over time from an initial condition (e.g. a zygote, or a young adult) to a later condition (e.g. a multicellular animal or an aged adult)."" [GOC:ai]",1305,172,25,20972,0.14534883720930233,0.019157088122605363,query_1,"['GO:0032502', 'GO:0048518', 'GO:0050793']"
GO:BP,GO:0003197,endocardial cushion development,0.0018392839435576768,True,"""The progression of a cardiac cushion over time, from its initial formation to the mature structure. The endocardial cushion is a specialized region of mesenchymal cells that will give rise to the heart septa and valves."" [GOC:mtg_heart]",52,172,5,20972,0.029069767441860465,0.09615384615384616,query_1,"['GO:0007507', 'GO:0060485']"
GO:BP,GO:0001822,kidney development,0.0019193205545235265,True,"""The process whose specific outcome is the progression of the kidney over time, from its formation to the mature structure. The kidney is an organ that filters the blood and/or excretes the end products of body metabolism in the form of urine."" [GOC:dph, GOC:mtg_kidney_jan10, ISBN:0124020607, ISBN:0721662544]",320,172,11,20972,0.06395348837209303,0.034375,query_1,"['GO:0048513', 'GO:0072001']"
GO:BP,GO:2000147,positive regulation of cell motility,0.0020722390707715167,True,"""Any process that activates or increases the frequency, rate or extent of cell motility."" [GOC:mah]",571,172,15,20972,0.0872093023255814,0.02626970227670753,query_1,"['GO:0040017', 'GO:0048522', 'GO:0048870', 'GO:2000145']"
GO:BP,GO:0030282,bone mineralization,0.0021054375018978557,True,"""The deposition of hydroxyapatite, a form of calcium phosphate with the formula Ca10(PO4)6(OH)2, in bone tissue."" [GOC:mah, PMID:22936354]",125,172,7,20972,0.040697674418604654,0.056,query_1,"['GO:0001503', 'GO:0031214']"
GO:BP,GO:0007169,cell surface receptor protein tyrosine kinase signaling pathway,0.00212973347401474,True,"""The series of molecular signals initiated by an extracellular ligand binding to a receptor on the surface of the target cell where the receptor possesses tyrosine kinase activity, and ending with the regulation of a downstream cellular process, e.g. transcription."" [GOC:ceb, GOC:signaling]",641,172,16,20972,0.09302325581395349,0.0249609984399376,query_1,['GO:0007167']
REAC,REAC:R-HSA-9830369,Kidney development,0.0022760374505405674,True,Kidney development,46,102,5,11056,0.049019607843137254,0.10869565217391304,query_1,['REAC:R-HSA-1266738']
REAC,REAC:R-HSA-428542,Regulation of commissural axon pathfinding by SLIT and ROBO,0.0022760374505405674,True,Regulation of commissural axon pathfinding by SLIT and ROBO,9,102,3,11056,0.029411764705882353,0.3333333333333333,query_1,['REAC:R-HSA-376176']
REAC,REAC:R-HSA-5173105,O-linked glycosylation,0.0022760374505405674,True,O-linked glycosylation,108,102,7,11056,0.06862745098039216,0.06481481481481481,query_1,['REAC:R-HSA-597592']
GO:BP,GO:0001704,formation of primary germ layer,0.0023863961686196662,True,"""The formation of the ectoderm, mesoderm and endoderm during gastrulation."" [GOC:go_curators]",128,172,7,20972,0.040697674418604654,0.0546875,query_1,"['GO:0007369', 'GO:0048646']"
GO:BP,GO:0045926,negative regulation of growth,0.0023863961686196662,True,"""Any process that stops, prevents or reduces the rate or extent of growth, the increase in size or mass of all or part of an organism."" [GOC:go_curators]",221,172,9,20972,0.05232558139534884,0.04072398190045249,query_1,"['GO:0040007', 'GO:0040008', 'GO:0048519']"
GO:BP,GO:0060562,epithelial tube morphogenesis,0.0026030079195005283,True,"""The process in which the anatomical structures of a tube are generated and organized from an epithelium. Epithelial tubes transport gases, liquids and cells from one site to another and form the basic structure of many organs and tissues, with tube shape and organization varying from the single-celled excretory organ in Caenorhabditis elegans to the branching trees of the mammalian kidney and insect tracheal system."" [GOC:dph]",333,172,11,20972,0.06395348837209303,0.03303303303303303,query_1,"['GO:0002009', 'GO:0035239']"
GO:BP,GO:0022008,neurogenesis,0.0027192702398413982,True,"""Generation of cells within the nervous system."" [GO_REF:0000021, GOC:cls, GOC:curators, GOC:dgh, GOC:dph, GOC:jid]",1769,172,30,20972,0.1744186046511628,0.016958733747880157,query_1,"['GO:0007399', 'GO:0030154']"
GO:BP,GO:0031214,biomineral tissue development,0.002917429923093659,True,"""Formation of hard tissues that consist mainly of inorganic compounds, and also contain a small amounts of organic matrices that are believed to play important roles in their formation."" [PMID:15132736]",178,172,8,20972,0.046511627906976744,0.0449438202247191,query_1,"['GO:0009888', 'GO:0048513']"
REAC,REAC:R-HSA-1971475,Glycosaminoglycan-protein linkage region biosynthesis,0.0029828040654960365,True,Glycosaminoglycan-protein linkage region biosynthesis,26,102,4,11056,0.0392156862745098,0.15384615384615385,query_1,['REAC:R-HSA-1630316']
GO:BP,GO:0001558,regulation of cell growth,0.0029848117234784564,True,"""Any process that modulates the frequency, rate, extent or direction of cell growth."" [GOC:go_curators]",399,172,12,20972,0.06976744186046512,0.03007518796992481,query_1,"['GO:0016049', 'GO:0040008', 'GO:0051128']"
GO:BP,GO:0048584,positive regulation of response to stimulus,0.002985087296480066,True,"""Any process that activates, maintains or increases the rate of a response to a stimulus. Response to stimulus is a change in state or activity of a cell or an organism (in terms of movement, secretion, enzyme production, gene expression, etc.) as a result of a stimulus."" [GOC:jid]",2320,172,36,20972,0.20930232558139536,0.015517241379310345,query_1,"['GO:0048518', 'GO:0048583', 'GO:0050896']"
GO:BP,GO:0048699,generation of neurons,0.002985087296480066,True,"""The process in which nerve cells are generated. This includes the production of neuroblasts and their differentiation into neurons."" [GOC:nln]",1523,172,27,20972,0.1569767441860465,0.01772816808929744,query_1,['GO:0022008']
GO:BP,GO:0006941,striated muscle contraction,0.0031758829936971446,True,"""A process in which force is generated within striated muscle tissue, resulting in the shortening of the muscle. Force generation involves a chemo-mechanical energy conversion step that is carried out by the actin/myosin complex activity, which generates force through ATP hydrolysis. Striated muscle is a type of muscle in which the repeating units (sarcomeres) of the contractile myofibrils are arranged in registry throughout the cell, resulting in transverse or oblique striations observable at the level of the light microscope."" [GOC:jl, GOC:mtg_muscle, ISBN:0198506732]",181,172,8,20972,0.046511627906976744,0.04419889502762431,query_1,['GO:0006936']
GO:BP,GO:0051961,negative regulation of nervous system development,0.0032557515370400334,True,"""Any process that stops, prevents, or reduces the frequency, rate or extent of nervous system development, the origin and formation of nervous tissue."" [GOC:ai]",136,172,7,20972,0.040697674418604654,0.051470588235294115,query_1,"['GO:0007399', 'GO:0051093', 'GO:0051241', 'GO:0051960']"
GO:BP,GO:0051145,smooth muscle cell differentiation,0.0032557515370400334,True,"""The process in which a relatively unspecialized cell acquires specialized features of a smooth muscle cell; smooth muscle lacks transverse striations in its constituent fibers and are almost always involuntary."" [CL:0000192, GOC:ai]",60,172,5,20972,0.029069767441860465,0.08333333333333333,query_1,['GO:0042692']
GO:BP,GO:0048583,regulation of response to stimulus,0.0033306823767157876,True,"""Any process that modulates the frequency, rate or extent of a response to a stimulus. Response to stimulus is a change in state or activity of a cell or an organism (in terms of movement, secretion, enzyme production, gene expression, etc.) as a result of a stimulus."" [GOC:jid]",3993,172,53,20972,0.3081395348837209,0.013273228149261207,query_1,"['GO:0050789', 'GO:0050896']"
GO:BP,GO:0007411,axon guidance,0.003376327039364174,True,"""The chemotaxis process that directs the migration of an axon growth cone to a specific target site in response to a combination of attractive and repulsive cues."" [ISBN:0878932437]",234,172,9,20972,0.05232558139534884,0.038461538461538464,query_1,"['GO:0007409', 'GO:0097485']"
GO:BP,GO:0097485,neuron projection guidance,0.0034609799640371946,True,"""The process in which the migration of a neuron projection is directed to a specific target site in response to a combination of attractive and repulsive cues."" [GOC:BHF, GOC:rl, PMID:22790009]",235,172,9,20972,0.05232558139534884,0.03829787234042553,query_1,"['GO:0031175', 'GO:0048812']"
GO:BP,GO:0001649,osteoblast differentiation,0.0035473470721604857,True,"""The process whereby a relatively unspecialized cell acquires the specialized features of an osteoblast, a mesodermal or neural crest cell that gives rise to bone."" [CL:0000062, GO_REF:0000034, GOC:jid]",236,172,9,20972,0.05232558139534884,0.038135593220338986,query_1,"['GO:0001503', 'GO:0030154']"
GO:BP,GO:0060048,cardiac muscle contraction,0.0035926355967628772,True,"""Muscle contraction of cardiac muscle tissue."" [GOC:dph]",139,172,7,20972,0.040697674418604654,0.050359712230215826,query_1,"['GO:0006941', 'GO:0060047']"
GO:BP,GO:0051240,positive regulation of multicellular organismal process,0.0038074164463572616,True,"""Any process that activates or increases the frequency, rate or extent of an organismal process, any of the processes pertinent to the function of an organism above the cellular level; includes the integrated processes of tissues and organs."" [GOC:ai]",1639,172,28,20972,0.16279069767441862,0.017083587553386213,query_1,"['GO:0032501', 'GO:0048518', 'GO:0051239']"
GO:BP,GO:0042127,regulation of cell population proliferation,0.0038074164463572616,True,"""Any process that modulates the frequency, rate or extent of cell proliferation."" [GOC:jl]",1639,172,28,20972,0.16279069767441862,0.017083587553386213,query_1,"['GO:0008283', 'GO:0050794']"
GO:BP,GO:0003179,heart valve morphogenesis,0.003876497246016548,True,"""The process in which the structure of a heart valve is generated and organized."" [GOC:mtg_heart]",63,172,5,20972,0.029069767441860465,0.07936507936507936,query_1,"['GO:0003170', 'GO:0009653']"
GO:BP,GO:0098877,neurotransmitter receptor transport to plasma membrane,0.004242660585685703,True,"""The directed movement of neurotransmitter receptor to the plasma membrane in transport vesicles."" [GOC:dos]",14,172,3,20972,0.01744186046511628,0.21428571428571427,query_1,"['GO:0072657', 'GO:0090150', 'GO:0098876', 'GO:0099637', 'GO:1990778']"
GO:BP,GO:0086004,regulation of cardiac muscle cell contraction,0.0042801630684243175,True,"""Any process that modulates the frequency, rate or extent of cardiac muscle cell contraction."" [GOC:BHF, GOC:mtg_cardiac_conduct_nov11]",35,172,4,20972,0.023255813953488372,0.11428571428571428,query_1,"['GO:0055117', 'GO:0086003', 'GO:1903115']"
GO:BP,GO:0071504,cellular response to heparin,0.0044604997244210715,True,"""Any process that results in a change in state or activity of a cell (in terms of movement, secretion, enzyme production, gene expression, etc.) as a result of a heparin stimulus."" [GOC:mah, GOC:yaf]",3,172,2,20972,0.011627906976744186,0.6666666666666666,query_1,"['GO:0071503', 'GO:1901699', 'GO:1901701']"
GO:BP,GO:0045957,"negative regulation of complement activation, alternative pathway",0.0044604997244210715,True,"""Any process that stops, prevents, or reduces the frequency, rate or extent of complement activation by the alternative pathway."" [GOC:go_curators]",3,172,2,20972,0.011627906976744186,0.6666666666666666,query_1,"['GO:0006957', 'GO:0030451', 'GO:0045824', 'GO:0045916']"
GO:BP,GO:0061364,apoptotic process involved in luteolysis,0.0044604997244210715,True,"""The apoptotic process that contributes to luteolysis."" [GOC:mtg_apoptosis, PMID:18566128]",3,172,2,20972,0.011627906976744186,0.6666666666666666,query_1,"['GO:0001554', 'GO:1902742']"
GO:BP,GO:0042221,response to chemical,0.0049356766576898695,True,"""Any process that results in a change in state or activity of a cell or an organism (in terms of movement, secretion, enzyme production, gene expression, etc.) as a result of a chemical stimulus."" [GOC:jl]",3863,172,51,20972,0.29651162790697677,0.013202174475796014,query_1,['GO:0050896']
GO:BP,GO:0048514,blood vessel morphogenesis,0.005098855990036164,True,"""The process in which the anatomical structures of blood vessels are generated and organized. The blood vessel is the vasculature carrying blood."" [GOC:jid]",632,172,15,20972,0.0872093023255814,0.023734177215189875,query_1,"['GO:0001568', 'GO:0035239']"
GO:BP,GO:0060675,ureteric bud morphogenesis,0.0052658630339753095,True,"""The process in which the ureteric bud is generated and organized."" [GOC:dph, GOC:mtg_kidney_jan10]",68,172,5,20972,0.029069767441860465,0.07352941176470588,query_1,"['GO:0001657', 'GO:0072171']"
GO:BP,GO:0050974,detection of mechanical stimulus involved in sensory perception,0.005583335801401175,True,"""The series of events in which a mechanical stimulus is received and converted into a molecular signal as part of sensory perception."" [GOC:ai, GOC:dos]",38,172,4,20972,0.023255813953488372,0.10526315789473684,query_1,"['GO:0050906', 'GO:0050954', 'GO:0050982']"
GO:BP,GO:0050673,epithelial cell proliferation,0.005583335801401175,True,"""The multiplication or reproduction of epithelial cells, resulting in the expansion of a cell population. Epithelial cells make up the epithelium, the covering of internal and external surfaces of the body, including the lining of vessels and other small cavities. It consists of cells joined by small amounts of cementing substances."" [ISBN:0721662544]",435,172,12,20972,0.06976744186046512,0.027586206896551724,query_1,['GO:0008283']
GO:BP,GO:0072171,mesonephric tubule morphogenesis,0.005583335801401175,True,"""The process in which the anatomical structures of a mesonephric tubule are generated and organized. A mesonephric tubule is an epithelial tube that is part of the mesonephros."" [GOC:mtg_kidney_jan10]",69,172,5,20972,0.029069767441860465,0.07246376811594203,query_1,"['GO:0072078', 'GO:0072164']"
GO:BP,GO:0023056,positive regulation of signaling,0.005758927216748907,True,"""Any process that activates, maintains or increases the frequency, rate or extent of a signaling process."" [GOC:mtg_signal]",1779,172,29,20972,0.1686046511627907,0.016301292861157952,query_1,"['GO:0023051', 'GO:0023052', 'GO:0048518']"
GO:BP,GO:0050878,regulation of body fluid levels,0.005758927216748907,True,"""Any process that modulates the levels of body fluids."" [GOC:ai, GOC:dph, GOC:tb]",374,172,11,20972,0.06395348837209303,0.029411764705882353,query_1,['GO:0065008']
GO:BP,GO:0010647,positive regulation of cell communication,0.005758927216748907,True,"""Any process that increases the frequency, rate or extent of cell communication. Cell communication is the process that mediates interactions between a cell and its surroundings. Encompasses interactions such as signaling or attachment between one cell and another cell, between a cell and an extracellular matrix, or between a cell and any other aspect of its environment."" [GOC:dph, GOC:tb]",1778,172,29,20972,0.1686046511627907,0.016310461192350956,query_1,"['GO:0007154', 'GO:0010646', 'GO:0048522']"
GO:BP,GO:1902742,apoptotic process involved in development,0.005973411354171215,True,"""Any apoptotic process that is involved in anatomical structure development."" [GO_REF:0000060, GOC:mtg_apoptosis, GOC:pg, GOC:TermGenie]",39,172,4,20972,0.023255813953488372,0.10256410256410256,query_1,"['GO:0006915', 'GO:0048856']"
GO:BP,GO:0003180,aortic valve morphogenesis,0.005973411354171215,True,"""The process in which the structure of the aortic valve is generated and organized."" [GOC:mtg_heart]",39,172,4,20972,0.023255813953488372,0.10256410256410256,query_1,"['GO:0003176', 'GO:0003179']"
GO:BP,GO:0048518,positive regulation of biological process,0.006042759192801756,True,"""Any process that activates or increases the frequency, rate or extent of a biological process. Biological processes are regulated by many means; examples include the control of gene expression, protein modification or interaction with a protein or substrate molecule."" [GOC:jid]",6150,172,72,20972,0.4186046511627907,0.011707317073170732,query_1,"['GO:0008150', 'GO:0050789']"
GO:BP,GO:0003279,cardiac septum development,0.006065168864586121,True,"""The progression of a cardiac septum over time, from its initial formation to the mature structure."" [GOC:mtg_heart]",110,172,6,20972,0.03488372093023256,0.05454545454545454,query_1,"['GO:0003205', 'GO:0048856']"
GO:BP,GO:0050896,response to stimulus,0.006324637988710187,True,"""Any process that results in a change in state or activity of a cell or an organism (in terms of movement, secretion, enzyme production, gene expression, etc.) as a result of a stimulus. The process begins with detection of the stimulus and ends with a change in state or activity or the cell or organism."" [GOC:ai, GOC:bf]",9051,172,97,20972,0.563953488372093,0.010717047840017677,query_1,['GO:0008150']
GO:BP,GO:0060412,ventricular septum morphogenesis,0.006432095419792334,True,"""The developmental process in which a ventricular septum is generated and organized. A ventricular septum is an anatomical structure that separates the lower chambers (ventricles) of the heart from one another."" [GOC:dph]",40,172,4,20972,0.023255813953488372,0.1,query_1,"['GO:0003281', 'GO:0060411']"
GO:BP,GO:0001707,mesoderm formation,0.006715006354995992,True,"""The process that gives rise to the mesoderm. This process pertains to the initial formation of the structure from unspecified parts."" [GOC:go_curators]",73,172,5,20972,0.029069767441860465,0.0684931506849315,query_1,"['GO:0001704', 'GO:0048332']"
GO:BP,GO:0003281,ventricular septum development,0.006715006354995992,True,"""The progression of the ventricular septum over time from its formation to the mature structure."" [GOC:mtg_heart]",73,172,5,20972,0.029069767441860465,0.0684931506849315,query_1,"['GO:0003231', 'GO:0003279']"
GO:BP,GO:0048839,inner ear development,0.006719715788725495,True,"""The process whose specific outcome is the progression of the inner ear over time, from its formation to the mature structure."" [GOC:sr]",209,172,8,20972,0.046511627906976744,0.03827751196172249,query_1,"['GO:0043583', 'GO:0048856']"
GO:BP,GO:0048667,cell morphogenesis involved in neuron differentiation,0.006719715788725495,True,"""The process in which the structures of a neuron are generated and organized. This process occurs while the initially relatively unspecialized cell is acquiring the specialized features of a neuron."" [GOC:dph, GOC:tb]",584,172,14,20972,0.08139534883720931,0.023972602739726026,query_1,"['GO:0000902', 'GO:0048666']"
GO:BP,GO:0003203,endocardial cushion morphogenesis,0.006870120128610799,True,"""The process in which the anatomical structure of the endocardial cushion is generated and organized. The endocardial cushion is a specialized region of mesenchymal cells that will give rise to the heart septa and valves."" [GOC:mtg_heart]",41,172,4,20972,0.023255813953488372,0.0975609756097561,query_1,"['GO:0003007', 'GO:0003197', 'GO:0072132']"
GO:BP,GO:0048332,mesoderm morphogenesis,0.006983980608503262,True,"""The process in which the anatomical structures of the mesoderm are generated and organized."" [GOC:go_curators]",74,172,5,20972,0.029069767441860465,0.06756756756756757,query_1,"['GO:0007498', 'GO:0048729']"
GO:BP,GO:0009790,embryo development,0.007189544108741713,True,"""The process whose specific outcome is the progression of an embryo from its formation until the end of its embryonic life stage. The end of the embryonic stage is organism-specific. For example, for mammals, the process would begin with zygote formation and end with birth. For insects, the process would begin at zygote formation and end with larval hatching. For plant zygotic embryos, this would be from zygote formation to the end of seed dormancy. For plant vegetative embryos, this would be from the initial determination of the cell or group of cells to form an embryo until the point when the embryo becomes independent of the parent plant."" [GOC:go_curators, GOC:isa_complete, GOC:mtg_sensu]",1126,172,21,20972,0.12209302325581395,0.018650088809946713,query_1,['GO:0007275']
GO:BP,GO:0048468,cell development,0.007189544108741713,True,"""The cellular developmental process in which a specific cell progresses from an immature to a mature state. Cell development start once cell commitment has taken place."" [GOC:go_curators]",2842,172,40,20972,0.23255813953488372,0.014074595355383532,query_1,"['GO:0030154', 'GO:0048856', 'GO:0048869']"
GO:BP,GO:0042692,muscle cell differentiation,0.007189544108741713,True,"""The process in which a relatively unspecialized cell acquires specialized features of a muscle cell."" [CL:0000187, GOC:go_curators]",388,172,11,20972,0.06395348837209303,0.028350515463917526,query_1,"['GO:0030154', 'GO:0061061']"
GO:BP,GO:0006865,amino acid transport,0.007408931761216874,True,"""The directed movement of amino acids, organic acids containing one or more amino substituents, into, out of or within a cell, or between cells, by means of some agent such as a transporter or pore."" [GOC:ai]",162,172,7,20972,0.040697674418604654,0.043209876543209874,query_1,['GO:0006810']
GO:BP,GO:0050923,regulation of negative chemotaxis,0.007416546427428781,True,"""Any process that modulates the frequency, rate or extent of the directed movement of a motile cell or organism towards a lower concentration in a concentration gradient of a specific chemical."" [GOC:ai]",4,172,2,20972,0.011627906976744186,0.5,query_1,"['GO:0050919', 'GO:0050920']"
GO:BP,GO:0009719,response to endogenous stimulus,0.007416546427428781,True,"""Any process that results in a change in state or activity of a cell or an organism (in terms of movement, secretion, enzyme production, gene expression, etc.) as a result of a stimulus arising within the organism."" [GOC:sm]",1467,172,25,20972,0.14534883720930233,0.017041581458759374,query_1,['GO:0050896']
GO:BP,GO:0099637,neurotransmitter receptor transport,0.007416546427428781,True,"""The directed movement of neurotransmitter receptors."" [GOC:dos]",18,172,3,20972,0.01744186046511628,0.16666666666666666,query_1,"['GO:0015031', 'GO:0031503']"
GO:BP,GO:0003018,vascular process in circulatory system,0.007416546427428781,True,"""A circulatory process that occurs at the level of the vasculature."" [GOC:mtg_cardio]",270,172,9,20972,0.05232558139534884,0.03333333333333333,query_1,['GO:0003013']
GO:BP,GO:0030029,actin filament-based process,0.007416546427428781,True,"""Any cellular process that depends upon or alters the actin cytoskeleton, that part of the cytoskeleton comprising actin filaments and their associated proteins."" [GOC:mah]",816,172,17,20972,0.09883720930232558,0.020833333333333332,query_1,['GO:0009987']
GO:BP,GO:0048568,embryonic organ development,0.007416546427428781,True,"""Development, taking place during the embryonic phase, of a tissue or tissues that work together to perform a specific function or functions. Development pertains to the process whose specific outcome is the progression of a structure over time, from its formation to the mature structure. Organs are commonly observed as visibly distinct structures, but may also exist as loosely associated clusters of cells that work together to perform a specific function or functions."" [GOC:jid]",457,172,12,20972,0.06976744186046512,0.0262582056892779,query_1,"['GO:0009790', 'GO:0048513']"
GO:BP,GO:0006935,chemotaxis,0.007416546427428781,True,"""The directed movement of a motile cell or organism, or the directed growth of a cell guided by a specific chemical concentration gradient. Movement may be towards a higher concentration (positive chemotaxis) or towards a lower concentration (negative chemotaxis)."" [ISBN:0198506732]",456,172,12,20972,0.06976744186046512,0.02631578947368421,query_1,"['GO:0042221', 'GO:0042330']"
GO:BP,GO:0030451,"regulation of complement activation, alternative pathway",0.007416546427428781,True,"""Any process that modulates the frequency, rate or extent of the alternative pathway of complement activation."" [GOC:go_curators]",4,172,2,20972,0.011627906976744186,0.5,query_1,"['GO:0006957', 'GO:0030449', 'GO:0045088']"
GO:BP,GO:0042330,taxis,0.007506634644123842,True,"""The directed movement of a motile cell or organism in response to an external stimulus."" [GOC:jl, ISBN:0192801023]",458,172,12,20972,0.06976744186046512,0.026200873362445413,query_1,"['GO:0009605', 'GO:0040011']"
GO:BP,GO:0072078,nephron tubule morphogenesis,0.00771008374454088,True,"""The process in which the anatomical structures of a nephron tubule are generated and organized. A nephron tubule is an epithelial tube that is part of the nephron, the functional part of the kidney."" [GOC:mtg_kidney_jan10]",77,172,5,20972,0.029069767441860465,0.06493506493506493,query_1,"['GO:0061333', 'GO:0072080', 'GO:0072088']"
GO:BP,GO:0043502,regulation of muscle adaptation,0.00771008374454088,True,"""Any process that modulates the frequency, rate or extent of muscle adaptation."" [GOC:go_curators, GOC:mtg_muscle]",77,172,5,20972,0.029069767441860465,0.06493506493506493,query_1,"['GO:0043500', 'GO:0048583', 'GO:0090257']"
GO:BP,GO:0070887,cellular response to chemical stimulus,0.007928554636782138,True,"""Any process that results in a change in state or activity of a cell (in terms of movement, secretion, enzyme production, gene expression, etc.) as a result of a chemical stimulus."" [GOC:mah]",2199,172,33,20972,0.19186046511627908,0.015006821282401092,query_1,"['GO:0042221', 'GO:0051716']"
GO:BP,GO:0021953,central nervous system neuron differentiation,0.007985036749653633,True,"""The process in which a relatively unspecialized cell acquires specialized features of a neuron whose cell body resides in the central nervous system."" [GO_REF:0000021, GOC:cls, GOC:dgh, GOC:dph, GOC:jid]",218,172,8,20972,0.046511627906976744,0.03669724770642202,query_1,"['GO:0007417', 'GO:0030182']"
GO:BP,GO:0072088,nephron epithelium morphogenesis,0.008539798715838987,True,"""The process in which the anatomical structures of the nephron epithelium are generated and organized. The nephron epithelium is a tissue that covers the surface of a nephron."" [GOC:mtg_kidney_jan10]",79,172,5,20972,0.029069767441860465,0.06329113924050633,query_1,"['GO:0002009', 'GO:0072009', 'GO:0072028']"
GO:BP,GO:0050919,negative chemotaxis,0.008752767822000714,True,"""The directed movement of a motile cell or organism towards a lower concentration of a chemical."" [GOC:ai, GOC:bf, GOC:isa_complete]",45,172,4,20972,0.023255813953488372,0.08888888888888889,query_1,['GO:0006935']
GO:BP,GO:0003176,aortic valve development,0.008752767822000714,True,"""The progression of the aortic valve over time, from its formation to the mature structure."" [GOC:mtg_heart]",45,172,4,20972,0.023255813953488372,0.08888888888888889,query_1,['GO:1905314']
GO:BP,GO:0001501,skeletal system development,0.00876160964794613,True,"""The process whose specific outcome is the progression of the skeleton over time, from its formation to the mature structure. The skeleton is the bony framework of the body in vertebrates (endoskeleton) or the hard outer envelope of insects (exoskeleton or dermoskeleton)."" [GOC:dph, GOC:jid, GOC:tb]",538,172,13,20972,0.0755813953488372,0.024163568773234202,query_1,['GO:0048731']
GO:BP,GO:0071495,cellular response to endogenous stimulus,0.00876160964794613,True,"""Any process that results in a change in state or activity of a cell (in terms of movement, secretion, enzyme production, gene expression, etc.) as a result of a stimulus arising within the organism."" [GOC:mah]",1238,172,22,20972,0.12790697674418605,0.017770597738287562,query_1,['GO:0009719']
GO:BP,GO:0001508,action potential,0.00876160964794613,True,"""A process in which membrane potential cycles through a depolarizing spike, triggered in response to depolarization above some threshold, followed by repolarization. This cycle is driven by the flow of ions through various voltage gated channels with different thresholds and ion specificities."" [GOC:dph, GOC:go_curators, GOC:tb, ISBN:978-0-07-139011-8]",170,172,7,20972,0.040697674418604654,0.041176470588235294,query_1,['GO:0042391']
GO:BP,GO:0010811,positive regulation of cell-substrate adhesion,0.00876160964794613,True,"""Any process that increases the frequency, rate or extent of cell-substrate adhesion. Cell-substrate adhesion is the attachment of a cell to the underlying substrate via adhesion molecules."" [GOC:dph, GOC:pf, GOC:tb]",122,172,6,20972,0.03488372093023256,0.04918032786885246,query_1,"['GO:0010810', 'GO:0031589', 'GO:0045785']"
GO:BP,GO:0007605,sensory perception of sound,0.00876160964794613,True,"""The series of events required for an organism to receive an auditory stimulus, convert it to a molecular signal, and recognize and characterize the signal. Sonic stimuli are detected in the form of vibrations and are processed to form a sound."" [GOC:ai]",170,172,7,20972,0.040697674418604654,0.041176470588235294,query_1,['GO:0050954']
GO:BP,GO:0120036,plasma membrane bounded cell projection organization,0.00876160964794613,True,"""A process that is carried out at the cellular level which results in the assembly, arrangement of constituent parts, or disassembly of a plasma membrane bounded prolongation or process extending from a cell, e.g. a cilium or axon."" [GOC:krc]",1582,172,26,20972,0.1511627906976744,0.01643489254108723,query_1,['GO:0030030']
GO:BP,GO:0021879,forebrain neuron differentiation,0.00876160964794613,True,"""The process in which a relatively unspecialized cell acquires specialized features of a neuron that will reside in the forebrain."" [GO_REF:0000021, GOC:cls, GOC:dgh, GOC:dph, GOC:jid, PMID:16226447]",80,172,5,20972,0.029069767441860465,0.0625,query_1,"['GO:0021872', 'GO:0021953']"
GO:BP,GO:0007268,chemical synaptic transmission,0.009502055557599715,True,"""The vesicular release of classical neurotransmitter molecules from a presynapse, across a chemical synapse, the subsequent activation of neurotransmitter receptors at the postsynapse of a target cell (neuron, muscle, or secretory cell) and the effects of this activation on the postsynaptic membrane potential and ionic composition of the postsynaptic cytosol. This process encompasses both spontaneous and evoked release of neurotransmitter and all parts of synaptic vesicle exocytosis. Evoked transmission starts with the arrival of an action potential at the presynapse."" [GOC:jl, MeSH:D009435]",765,172,16,20972,0.09302325581395349,0.02091503267973856,query_1,['GO:0098916']
GO:BP,GO:0048592,eye morphogenesis,0.009502055557599715,True,"""The process in which the anatomical structures of the eye are generated and organized."" [GOC:jid, GOC:mtg_sensu]",173,172,7,20972,0.040697674418604654,0.04046242774566474,query_1,"['GO:0001654', 'GO:0090596']"
GO:BP,GO:0061333,renal tubule morphogenesis,0.009502055557599715,True,"""The process in which the renal tubule is generated by specification of cell fate, through the maintenance of cell polarity, regulated cell proliferation and morphogenetic cell rearrangements, shape changes and growth. A renal tubule is a tube that filters, re-absorbs and secretes substances to rid an organism of waste and to play a role in fluid homeostasis."" [GOC:dph, GOC:mtg_kidney_jan10]",82,172,5,20972,0.029069767441860465,0.06097560975609756,query_1,"['GO:0060562', 'GO:0061326']"
GO:BP,GO:0098916,anterograde trans-synaptic signaling,0.009502055557599715,True,"""Cell-cell signaling from pre to post-synapse, across the synaptic cleft."" [GOC:dos]",765,172,16,20972,0.09302325581395349,0.02091503267973856,query_1,['GO:0099537']
GO:BP,GO:0086003,cardiac muscle cell contraction,0.009502055557599715,True,"""The actin filament-based process in which cytoplasmic actin filaments slide past one another resulting in contraction of a cardiac muscle cell."" [GOC:BHF, GOC:mtg_cardiac_conduct_nov11]",82,172,5,20972,0.029069767441860465,0.06097560975609756,query_1,"['GO:0060048', 'GO:0070252']"
GO:BP,GO:0010977,negative regulation of neuron projection development,0.009558823284430243,True,"""Any process that decreases the rate, frequency or extent of neuron projection development. Neuron projection development is the process whose specific outcome is the progression of a neuron projection over time, from its formation to the mature structure. A neuron projection is any process extending from a neural cell, such as axons or dendrites (collectively called neurites)."" [GOC:dph, GOC:tb]",125,172,6,20972,0.03488372093023256,0.048,query_1,"['GO:0010975', 'GO:0031175', 'GO:0031345']"
REAC,REAC:R-HSA-1474228,Degradation of the extracellular matrix,0.009665576464462847,True,Degradation of the extracellular matrix,140,102,7,11056,0.06862745098039216,0.05,query_1,['REAC:R-HSA-1474244']
GO:BP,GO:0086001,cardiac muscle cell action potential,0.009867077682184953,True,"""An action potential that occurs in a cardiac muscle cell."" [GOC:BHF, GOC:mtg_cardiac_conduct_nov11]",83,172,5,20972,0.029069767441860465,0.060240963855421686,query_1,['GO:0001508']
GO:BP,GO:0099537,trans-synaptic signaling,0.010321227095840586,True,"""Cell-cell signaling in either direction across the synaptic cleft."" [GOC:dos]",772,172,16,20972,0.09302325581395349,0.02072538860103627,query_1,['GO:0099536']
GO:BP,GO:0050767,regulation of neurogenesis,0.010442692650054302,True,"""Any process that modulates the frequency, rate or extent of neurogenesis, the generation of cells in the nervous system."" [GOC:ai]",350,172,10,20972,0.05813953488372093,0.02857142857142857,query_1,"['GO:0022008', 'GO:0051960', 'GO:0060284']"
GO:BP,GO:0001992,regulation of systemic arterial blood pressure by vasopressin,0.010444959234832091,True,"""The regulation of blood pressure mediated by the signaling molecule vasopressin. Vasopressin is produced in the hypothalamus, and affects vasoconstriction, and renal water transport."" [GOC:mtg_cardio, ISBN:0721643949]",5,172,2,20972,0.011627906976744186,0.4,query_1,['GO:0001990']
GO:BP,GO:0048496,maintenance of animal organ identity,0.010444959234832091,True,"""The process in which the identity of an animal organ is maintained. Identity is considered to be the aggregate of characteristics by which a structure is recognized."" [GOC:tb]",5,172,2,20972,0.011627906976744186,0.4,query_1,"['GO:0045596', 'GO:0048513']"
GO:BP,GO:0086046,membrane depolarization during SA node cell action potential,0.010444959234832091,True,"""The process in which SA node cardiac muscle cell membrane potential changes in the depolarizing direction from the negative resting potential towards the positive membrane potential that will be the peak of the action potential."" [GOC:BHF, GOC:mtg_cardiac_conduct_nov11]",5,172,2,20972,0.011627906976744186,0.4,query_1,"['GO:0086012', 'GO:0086015']"
GO:BP,GO:0050768,negative regulation of neurogenesis,0.010904676760272064,True,"""Any process that stops, prevents, or reduces the frequency, rate or extent of neurogenesis, the generation of cells within the nervous system."" [GOC:ai]",129,172,6,20972,0.03488372093023256,0.046511627906976744,query_1,"['GO:0010721', 'GO:0022008', 'GO:0050767', 'GO:0051961']"
GO:BP,GO:1905314,semi-lunar valve development,0.010914646043457647,True,"""The process whose specific outcome is the progression of a semi-lunar valve over time, from its formation to the mature structure."" [GO_REF:0000094, GOC:BHF, GOC:rl, GOC:TermGenie, PMID:19409885]",49,172,4,20972,0.023255813953488372,0.08163265306122448,query_1,['GO:0003170']
GO:BP,GO:0003407,neural retina development,0.011162202731793596,True,"""The progression of the neural retina over time from its initial formation to the mature structure. The neural retina is the part of the retina that contains neurons and photoreceptor cells."" [GOC:ascb_2009, GOC:dph, GOC:tb]",86,172,5,20972,0.029069767441860465,0.05813953488372093,query_1,"['GO:0048856', 'GO:0060041']"
GO:BP,GO:0090596,sensory organ morphogenesis,0.011553726781546227,True,"""Morphogenesis of a sensory organ. A sensory organ is defined as a tissue or set of tissues that work together to receive and transmit signals from external or internal stimuli. Morphogenesis is the process in which anatomical structures are generated and organized. Organs are commonly observed as visibly distinct structures, but may also exist as loosely associated clusters of cells that work together to perform a specific function or functions."" [GOC:kmv, ISBN:978-0199210893]",294,172,9,20972,0.05232558139534884,0.030612244897959183,query_1,"['GO:0007423', 'GO:0009887']"
GO:BP,GO:0043583,ear development,0.011728913168379112,True,"""The process whose specific outcome is the progression of the ear over time, from its formation to the mature structure. The ear is the sense organ in vertebrates that is specialized for the detection of sound, and the maintenance of balance. Includes the outer ear and middle ear, which collect and transmit sound waves; and the inner ear, which contains the organs of balance and (except in fish) hearing. Also includes the pinna, the visible part of the outer ear, present in some mammals."" [GOC:jl, ISBN:0192801023]",236,172,8,20972,0.046511627906976744,0.03389830508474576,query_1,['GO:0007423']
GO:BP,GO:0031503,protein-containing complex localization,0.012089558081033517,True,"""A localization process that acts on a protein complex; the complex is transported to, or maintained in, a specific location."" [GOC:mah]",88,172,5,20972,0.029069767441860465,0.056818181818181816,query_1,['GO:0033036']
GO:BP,GO:0030030,cell projection organization,0.012089558081033517,True,"""A process that is carried out at the cellular level which results in the assembly, arrangement of constituent parts, or disassembly of a prolongation or process extending from a cell, e.g. a flagellum or axon."" [GOC:jl, GOC:mah, PMID:16318917]",1628,172,26,20972,0.1511627906976744,0.01597051597051597,query_1,['GO:0016043']
GO:BP,GO:0010232,vascular transport,0.012089558081033517,True,"""The directed movement of substances, into, out of or within a cell, either in a vascular tissue or in the vascular membrane."" [GOC:sm]",88,172,5,20972,0.029069767441860465,0.056818181818181816,query_1,"['GO:0003018', 'GO:0006810']"
GO:BP,GO:0150104,transport across blood-brain barrier,0.012089558081033517,True,"""The directed movement of substances (e.g. macromolecules, small molecules, ions) through the blood-brain barrier."" [GOC:aruk, GOC:bc, PMID:29377008]",88,172,5,20972,0.029069767441860465,0.056818181818181816,query_1,['GO:0010232']
GO:BP,GO:1901701,cellular response to oxygen-containing compound,0.012113438731346092,True,"""Any process that results in a change in state or activity of a cell (in terms of movement, secretion, enzyme production, gene expression, etc.) as a result of an oxygen-containing compound stimulus."" [GOC:pr, GOC:TermGenie]",1194,172,21,20972,0.12209302325581395,0.017587939698492462,query_1,"['GO:0070887', 'GO:1901700']"
REAC,REAC:R-HSA-1474244,Extracellular matrix organization,0.012282715659990603,True,Extracellular matrix organization,298,102,10,11056,0.09803921568627451,0.03355704697986577,query_1,['REAC:0000000']
GO:BP,GO:0042475,odontogenesis of dentin-containing tooth,0.01250791919417679,True,"""The process whose specific outcome is the progression of a dentin-containing tooth over time, from its formation to the mature structure. A dentin-containing tooth is a hard, bony organ borne on the jaw or other bone of a vertebrate, and is composed mainly of dentin, a dense calcified substance, covered by a layer of enamel."" [GOC:cjm, GOC:mah, GOC:mtg_sensu, PMID:10333884, PMID:15355794]",89,172,5,20972,0.029069767441860465,0.056179775280898875,query_1,['GO:0042476']
GO:BP,GO:0021872,forebrain generation of neurons,0.01250791919417679,True,"""The process in which nerve cells are generated in the forebrain. This includes the production of neuroblasts from and their differentiation into neurons."" [GO_REF:0000021, GOC:cls, GOC:dgh, GOC:dph, GOC:jid]",89,172,5,20972,0.029069767441860465,0.056179775280898875,query_1,"['GO:0030900', 'GO:0048699']"
GO:BP,GO:0048880,sensory system development,0.012801254813420836,True,"""The process whose specific outcome is the progression of a sensory system over time from its formation to the mature structure."" [GOC:dgh]",429,172,11,20972,0.06395348837209303,0.02564102564102564,query_1,['GO:0048731']
GO:BP,GO:0045595,regulation of cell differentiation,0.012870074433405737,True,"""Any process that modulates the frequency, rate or extent of cell differentiation, the process in which relatively unspecialized cells acquire specialized structural and functional features."" [GOC:go_curators]",1549,172,25,20972,0.14534883720930233,0.016139444803098774,query_1,"['GO:0030154', 'GO:0050793', 'GO:0050794']"
GO:BP,GO:0071320,cellular response to cAMP,0.012870074433405737,True,"""Any process that results in a change in state or activity of a cell (in terms of movement, secretion, enzyme production, gene expression, etc.) as a result of a cAMP (cyclic AMP, adenosine 3',5'-cyclophosphate) stimulus."" [GOC:mah]",52,172,4,20972,0.023255813953488372,0.07692307692307693,query_1,"['GO:0051591', 'GO:1901699', 'GO:1901701']"
GO:BP,GO:0051960,regulation of nervous system development,0.012870074433405737,True,"""Any process that modulates the frequency, rate or extent of nervous system development, the origin and formation of nervous tissue."" [GOC:ai]",430,172,11,20972,0.06395348837209303,0.02558139534883721,query_1,"['GO:0007399', 'GO:2000026']"
GO:BP,GO:1903539,protein localization to postsynaptic membrane,0.01372107210729795,True,"""A process in which a protein is transported to, or maintained in, a location within a postsynaptic membrane."" [GO_REF:0000087, GOC:kmv, GOC:TermGenie, PMID:9753322]",53,172,4,20972,0.023255813953488372,0.07547169811320754,query_1,"['GO:0062237', 'GO:0072657', 'GO:1990778']"
GO:BP,GO:0071503,response to heparin,0.013987476855638404,True,"""Any process that results in a change in state or activity of a cell or an organism (in terms of movement, secretion, enzyme production, gene expression, etc.) as a result of a heparin stimulus."" [GOC:mah, GOC:yaf]",6,172,2,20972,0.011627906976744186,0.3333333333333333,query_1,"['GO:1901698', 'GO:1901700']"
GO:BP,GO:0046533,negative regulation of photoreceptor cell differentiation,0.013987476855638404,True,"""Any process that stops, prevents, or reduces the frequency, rate or extent of photoreceptor cell differentiation. An example of this process is found in Drosophila melanogaster."" [GOC:go_curators]",6,172,2,20972,0.011627906976744186,0.3333333333333333,query_1,"['GO:0045665', 'GO:0046530', 'GO:0046532', 'GO:0051241']"
GO:BP,GO:0099536,synaptic signaling,0.013987476855638404,True,"""Cell-cell signaling to, from or within a synapse."" [GOC:dos]",803,172,16,20972,0.09302325581395349,0.019925280199252802,query_1,['GO:0007267']
GO:BP,GO:0001656,metanephros development,0.013987476855638404,True,"""The process whose specific outcome is the progression of the metanephros over time, from its formation to the mature structure. In mammals, the metanephros is the excretory organ of the fetus, which develops into the mature kidney and is formed from the rear portion of the nephrogenic cord. The metanephros is an endocrine and metabolic organ that filters the blood and excretes the end products of body metabolism in the form of urine."" [GOC:bf, ISBN:0192800752]",92,172,5,20972,0.029069767441860465,0.05434782608695652,query_1,['GO:0001822']
GO:BP,GO:0021800,cerebral cortex tangential migration,0.013987476855638404,True,"""The migration of cells in the cerebral cortex in which cells move orthogonally to the direction of radial migration and do not use radial glial cell processes as substrates for migration."" [GO_REF:0000021, GOC:cls, GOC:dgh, GOC:dph, GOC:jid, PMID:12626695]",6,172,2,20972,0.011627906976744186,0.3333333333333333,query_1,['GO:0021795']
GO:BP,GO:0050770,regulation of axonogenesis,0.013987476855638404,True,"""Any process that modulates the frequency, rate or extent of axonogenesis, the generation of an axon, the long process of a neuron."" [GOC:ai]",138,172,6,20972,0.03488372093023256,0.043478260869565216,query_1,"['GO:0007409', 'GO:0010975', 'GO:0022603']"
GO:BP,GO:0048638,regulation of developmental growth,0.013987476855638404,True,"""Any process that modulates the frequency, rate or extent of developmental growth."" [GOC:go_curators]",306,172,9,20972,0.05232558139534884,0.029411764705882353,query_1,"['GO:0040008', 'GO:0048589', 'GO:0050793']"
GO:BP,GO:0062237,protein localization to postsynapse,0.014156114949495634,True,"""Any process in which a protein is transported to, and/or maintained at the postsynapse, the part of a synapse that is part of the post-synaptic cell."" [PMID:31189538]",54,172,4,20972,0.023255813953488372,0.07407407407407407,query_1,['GO:0035418']
GO:BP,GO:0070169,positive regulation of biomineral tissue development,0.014156114949495634,True,"""Any process that activates or increases the frequency, rate or extent of biomineral tissue development, the formation of hard tissues that consist mainly of inorganic compounds."" [GOC:mah]",54,172,4,20972,0.023255813953488372,0.07407407407407407,query_1,"['GO:0031214', 'GO:0051094', 'GO:0070167']"
GO:BP,GO:0034329,cell junction assembly,0.014610864097645209,True,"""A cellular process that results in the aggregation, arrangement and bonding together of a set of components to form a cell junction."" [GOC:mah]",509,172,12,20972,0.06976744186046512,0.023575638506876228,query_1,"['GO:0022607', 'GO:0034330']"
REAC,REAC:R-HSA-3560782,Diseases associated with glycosaminoglycan metabolism,0.014764630241859058,True,Diseases associated with glycosaminoglycan metabolism,41,102,4,11056,0.0392156862745098,0.0975609756097561,query_1,['REAC:R-HSA-3781865']
GO:BP,GO:0021954,central nervous system neuron development,0.014916841781713732,True,"""The process whose specific outcome is the progression of a neuron whose cell body is located in the central nervous system, from initial commitment of the cell to a neuronal fate, to the fully functional differentiated neuron."" [GO_REF:0000021, GOC:cls, GOC:dgh, GOC:dph, GOC:jid]",94,172,5,20972,0.029069767441860465,0.05319148936170213,query_1,"['GO:0021953', 'GO:0048666']"
GO:BP,GO:0070848,response to growth factor,0.015101886374518248,True,"""Any process that results in a change in state or activity of a cell or an organism (in terms of movement, secretion, enzyme production, gene expression, etc.) as a result of a growth factor stimulus."" [GOC:BHF, GOC:mah]",734,172,15,20972,0.0872093023255814,0.020435967302452316,query_1,['GO:0009719']
GO:BP,GO:0042391,regulation of membrane potential,0.015400114928767064,True,"""Any process that modulates the establishment or extent of a membrane potential, the electric potential existing across any membrane arising from charges in the membrane itself and from the charges present in the media on either side of the membrane."" [GOC:jl, GOC:mtg_cardio, GOC:tb, ISBN:0198506732]",443,172,11,20972,0.06395348837209303,0.024830699774266364,query_1,['GO:0065008']
KEGG,KEGG:04820,Cytoskeleton in muscle cells,0.01620839769593975,True,Cytoskeleton in muscle cells,233,89,10,8716,0.11235955056179775,0.04291845493562232,query_1,['KEGG:00000']
GO:BP,GO:0060429,epithelium development,0.016702657450712873,True,"""The process whose specific outcome is the progression of an epithelium over time, from its formation to the mature structure. An epithelium is a tissue that covers the internal or external surfaces of an anatomical structure."" [GOC:dph, GOC:mtg_lung]",1234,172,21,20972,0.12209302325581395,0.017017828200972446,query_1,['GO:0009888']
GO:BP,GO:0086065,cell communication involved in cardiac conduction,0.016702657450712873,True,"""Any process that mediates interactions between a cell and its surroundings that contributes to the process of cardiac conduction. Encompasses interactions such as signaling or attachment between one cell and another cell, between a cell and an extracellular matrix, or between a cell and any other aspect of its environment."" [GOC:BHF, GOC:mtg_cardiac_conduct_nov11]",57,172,4,20972,0.023255813953488372,0.07017543859649122,query_1,"['GO:0007154', 'GO:0061337']"
GO:BP,GO:0009308,amine metabolic process,0.016702657450712873,True,"""The chemical reactions and pathways involving any organic compound that is weakly basic in character and contains an amino or a substituted amino group. Amines are called primary, secondary, or tertiary according to whether one, two, or three carbon atoms are attached to the nitrogen atom."" [GOC:jl, ISBN:0198506732]",97,172,5,20972,0.029069767441860465,0.05154639175257732,query_1,['GO:0008152']
GO:BP,GO:0050982,detection of mechanical stimulus,0.016702657450712873,True,"""The series of events by which a mechanical stimulus is received and converted into a molecular signal."" [GOC:ai, GOC:dos]",57,172,4,20972,0.023255813953488372,0.07017543859649122,query_1,"['GO:0009581', 'GO:0009582', 'GO:0009612']"
GO:BP,GO:0061387,regulation of extent of cell growth,0.016702657450712873,True,"""Any process that modulates the extent of cell growth."" [GOC:mah, GOC:vw]",97,172,5,20972,0.029069767441860465,0.05154639175257732,query_1,"['GO:0001558', 'GO:0008361']"
GO:BP,GO:0090287,regulation of cellular response to growth factor stimulus,0.017375641152429122,True,"""Any process that modulates the rate, frequency, or extent of a change in state or activity of a cell (in terms of movement, secretion, enzyme production, gene expression, etc.) as a result of a growth factor stimulus."" [GOC:tb]",318,172,9,20972,0.05232558139534884,0.02830188679245283,query_1,"['GO:0048583', 'GO:0071363']"
GO:BP,GO:0098900,regulation of action potential,0.017680247551972075,True,"""Any process that modulates the frequency, rate or extent of action potential creation, propagation or termination. This typically occurs via modulation of the activity or expression of voltage-gated ion channels."" [GOC:dos, GOC:dph, GOC:go_curators, GOC:tb, ISBN:978-0-07-139011-8]",58,172,4,20972,0.023255813953488372,0.06896551724137931,query_1,"['GO:0001508', 'GO:0042391', 'GO:0050789']"
GO:BP,GO:0034330,cell junction organization,0.01797295453218154,True,"""A process that is carried out at the cellular level which results in the assembly, arrangement of constituent parts, or disassembly of a cell junction. A cell junction is a specialized region of connection between two cells or between a cell and the extracellular matrix."" [GOC:dph, GOC:jl, GOC:mah]",829,172,16,20972,0.09302325581395349,0.019300361881785282,query_1,['GO:0016043']
GO:BP,GO:0050679,positive regulation of epithelial cell proliferation,0.01797295453218154,True,"""Any process that activates or increases the rate or extent of epithelial cell proliferation."" [GOC:ai]",200,172,7,20972,0.040697674418604654,0.035,query_1,"['GO:0008284', 'GO:0050673', 'GO:0050678']"
GO:BP,GO:0060710,chorio-allantoic fusion,0.018032075900816645,True,"""The cell-cell adhesion process in which the cells of the chorion fuse to the cells of the allantois."" [GOC:dph]",7,172,2,20972,0.011627906976744186,0.2857142857142857,query_1,"['GO:0060713', 'GO:0098609']"
GO:BP,GO:0002092,positive regulation of receptor internalization,0.018032075900816645,True,"""Any process that activates or increases the frequency, rate or extent of receptor internalization."" [GOC:hjd]",27,172,3,20972,0.01744186046511628,0.1111111111111111,query_1,"['GO:0002090', 'GO:0031623', 'GO:0048260']"
GO:BP,GO:0060740,prostate gland epithelium morphogenesis,0.018032075900816645,True,"""The process in which the anatomical structures of epithelia of the prostate gland are generated and organized. An epithelium consists of closely packed cells arranged in one or more layers, that covers the outer surfaces of the body or lines any internal cavity or tube."" [GOC:dph]",27,172,3,20972,0.01744186046511628,0.1111111111111111,query_1,"['GO:0002009', 'GO:0003006', 'GO:0060512']"
GO:BP,GO:0022028,tangential migration from the subventricular zone to the olfactory bulb,0.018032075900816645,True,"""The migration of cells in the telencephalon from the subventricular zone to the olfactory bulb in which cells move orthogonally to the direction of radial migration and do not use radial glial cell processes as substrates for migration."" [GO_REF:0000021, GOC:cls, GOC:dgh, GOC:dph, GOC:jid]",7,172,2,20972,0.011627906976744186,0.2857142857142857,query_1,"['GO:0021772', 'GO:0022029']"
GO:BP,GO:0070167,regulation of biomineral tissue development,0.01834314112866689,True,"""Any process that modulates the frequency, rate or extent of biomineral tissue development, the formation of hard tissues that consist mainly of inorganic compounds."" [GOC:mah]",100,172,5,20972,0.029069767441860465,0.05,query_1,"['GO:0031214', 'GO:2000026']"
GO:BP,GO:0072080,nephron tubule development,0.01834314112866689,True,"""The progression of a nephron tubule over time, from its initial formation to the mature structure. A nephron tubule is an epithelial tube that is part of the nephron, the functional part of the kidney."" [GOC:mtg_kidney_jan10]",100,172,5,20972,0.029069767441860465,0.05,query_1,"['GO:0061326', 'GO:0072009']"
GO:BP,GO:0008593,regulation of Notch signaling pathway,0.019096640925300057,True,"""Any process that modulates the frequency, rate or extent of the Notch signaling pathway."" [GOC:go_curators]",101,172,5,20972,0.029069767441860465,0.04950495049504951,query_1,"['GO:0007219', 'GO:0009966']"
GO:BP,GO:0002027,regulation of heart rate,0.01963932028734011,True,"""Any process that modulates the frequency or rate of heart contraction."" [GOC:dph, GOC:tb, PMID:10358008]",102,172,5,20972,0.029069767441860465,0.049019607843137254,query_1,"['GO:0008016', 'GO:0065008']"
GO:BP,GO:0006939,smooth muscle contraction,0.01963932028734011,True,"""A process in which force is generated within smooth muscle tissue, resulting in a change in muscle geometry. Force generation involves a chemo-mechanical energy conversion step that is carried out by the actin/myosin complex activity, which generates force through ATP hydrolysis. Smooth muscle differs from striated muscle in the much higher actin/myosin ratio, the absence of conspicuous sarcomeres and the ability to contract to a much smaller fraction of its resting length."" [GOC:ef, GOC:jl, GOC:mtg_muscle, ISBN:0198506732]",102,172,5,20972,0.029069767441860465,0.049019607843137254,query_1,['GO:0006936']
GO:BP,GO:0045987,positive regulation of smooth muscle contraction,0.01963932028734011,True,"""Any process that activates or increases the frequency, rate or extent of smooth muscle contraction."" [GOC:go_curators]",28,172,3,20972,0.01744186046511628,0.10714285714285714,query_1,"['GO:0006939', 'GO:0006940', 'GO:0045933']"
GO:BP,GO:0003272,endocardial cushion formation,0.01963932028734011,True,"""The developmental process pertaining to the initial formation of an endocardial cushion. The endocardial cushion is a specialized region of mesenchymal cells that will give rise to the heart septa and valves."" [GOC:mtg_heart, PMID:15797462]",28,172,3,20972,0.01744186046511628,0.10714285714285714,query_1,"['GO:0003203', 'GO:0048646']"
GO:BP,GO:0008284,positive regulation of cell population proliferation,0.020071712325249562,True,"""Any process that activates or increases the rate or extent of cell proliferation."" [GOC:go_curators]",923,172,17,20972,0.09883720930232558,0.018418201516793065,query_1,"['GO:0008283', 'GO:0042127', 'GO:0048522']"
GO:BP,GO:0003229,ventricular cardiac muscle tissue development,0.020101068920017198,True,"""The process whose specific outcome is the progression of ventricular cardiac muscle over time, from its formation to the mature structure."" [GOC:mtg_heart]",61,172,4,20972,0.023255813953488372,0.06557377049180328,query_1,['GO:0048738']
GO:BP,GO:0090288,negative regulation of cellular response to growth factor stimulus,0.02026989666569194,True,"""Any process that decreases the rate, frequency, or extent of a change in state or activity of a cell (in terms of movement, secretion, enzyme production, gene expression, etc.) as a result of a growth factor stimulus."" [GOC:BHF]",103,172,5,20972,0.029069767441860465,0.04854368932038835,query_1,"['GO:0048585', 'GO:0071363', 'GO:0090287']"
GO:BP,GO:0001658,branching involved in ureteric bud morphogenesis,0.020762319131704798,True,"""The process in which the branching structure of the ureteric bud is generated and organized. The ureteric bud is an epithelial tube that grows out from the metanephric duct. The bud elongates and branches to give rise to the ureter and kidney collecting tubules."" [GOC:dph, PMID:16916378]",62,172,4,20972,0.023255813953488372,0.06451612903225806,query_1,"['GO:0048754', 'GO:0060675']"
GO:BP,GO:0035108,limb morphogenesis,0.020762319131704798,True,"""The process in which the anatomical structures of a limb are generated and organized. A limb is a paired appendage of a tetrapod used for locomotion or grasping."" [UBERON:0002101]",153,172,6,20972,0.03488372093023256,0.0392156862745098,query_1,"['GO:0035107', 'GO:0060173']"
GO:BP,GO:0035107,appendage morphogenesis,0.020762319131704798,True,"""The process in which the anatomical structures of appendages are generated and organized. An appendage is an organ or part that is attached to the trunk of an organism, such as a limb or a branch."" [ISBN:0582227089]",153,172,6,20972,0.03488372093023256,0.0392156862745098,query_1,"['GO:0009653', 'GO:0048736']"
GO:BP,GO:0060512,prostate gland morphogenesis,0.020762319131704798,True,"""The process in which the anatomical structures of a prostate gland are generated and organized."" [GOC:dph, PMID:18977204]",29,172,3,20972,0.01744186046511628,0.10344827586206896,query_1,"['GO:0003006', 'GO:0022612', 'GO:0030850']"
GO:BP,GO:0043500,muscle adaptation,0.020762319131704798,True,"""A process in which muscle adapts, with consequent modifications to structural and/or functional phenotypes, in response to a stimulus. Stimuli include contractile activity, loading conditions, substrate supply, and environmental factors. These adaptive events occur in both muscle fibers and associated structures (motoneurons and capillaries), and they involve alterations in regulatory mechanisms, contractile properties and metabolic capacities."" [GOC:mtg_muscle, PMID:11181628, PMID:11449884, PMID:12605307]",104,172,5,20972,0.029069767441860465,0.04807692307692308,query_1,"['GO:0003012', 'GO:0050896']"
GO:BP,GO:0021952,central nervous system projection neuron axonogenesis,0.020762319131704798,True,"""Generation of a long process of a CNS neuron, that carries efferent (outgoing) action potentials from the cell body towards target cells in a different central nervous system region."" [GO_REF:0000021, GOC:cls, GOC:dgh, GOC:dph, GOC:jid]",29,172,3,20972,0.01744186046511628,0.10344827586206896,query_1,['GO:0021955']
GO:BP,GO:0014047,glutamate secretion,0.020762319131704798,True,"""The controlled release of glutamate by a cell. The glutamate is the most abundant excitatory neurotransmitter in the nervous system."" [GOC:ef]",29,172,3,20972,0.01744186046511628,0.10344827586206896,query_1,"['GO:0006835', 'GO:0015800', 'GO:0032940', 'GO:0071705']"
GO:BP,GO:0003401,axis elongation,0.020762319131704798,True,"""The developmental growth that results in the elongation of a line that defines polarity or symmetry in an anatomical structure."" [GOC:ascb_2009, GOC:dph, GOC:tb]",29,172,3,20972,0.01744186046511628,0.10344827586206896,query_1,['GO:0060560']
GO:BP,GO:0008585,female gonad development,0.02124997615950813,True,"""The process whose specific outcome is the progression of the female gonad over time, from its formation to the mature structure."" [GOC:dph, GOC:jid, GOC:tb]",105,172,5,20972,0.029069767441860465,0.047619047619047616,query_1,"['GO:0008406', 'GO:0046545']"
GO:BP,GO:0061326,renal tubule development,0.02124997615950813,True,"""The progression of the renal tubule over time from its formation to the mature form. A renal tubule is a tube that filters, re-absorbs and secretes substances to rid an organism of waste and to play a role in fluid homeostasis."" [GOC:dph, GOC:mtg_kidney_jan10]",105,172,5,20972,0.029069767441860465,0.047619047619047616,query_1,"['GO:0035295', 'GO:0060429', 'GO:0072001']"
GO:BP,GO:0032277,negative regulation of gonadotropin secretion,0.0215816038552117,True,"""Any process that stops, prevents, or reduces the frequency, rate or extent of the regulated release of a gonadotropin."" [GOC:mah]",8,172,2,20972,0.011627906976744186,0.25,query_1,"['GO:0032274', 'GO:0032276', 'GO:0046888', 'GO:0051241']"
GO:BP,GO:0021957,corticospinal tract morphogenesis,0.0215816038552117,True,"""Generation of a long process of a pyramidal cell, that carries efferent (outgoing) action potentials from the cell body in cerebral cortex layer V towards target cells in the gray matter of the spinal cord. This axonal process is a member of those that make up the corticospinal tract."" [GO_REF:0000021, GOC:cls, GOC:dgh, GOC:dph, GOC:jid, PMID:9878731]",8,172,2,20972,0.011627906976744186,0.25,query_1,['GO:0021952']
GO:BP,GO:0038134,ERBB2-EGFR signaling pathway,0.0215816038552117,True,"""The series of molecular signals initiated by binding of a ligand to an epidermal growth factor receptor (EGFR/ERBB1) on the surface of a cell, followed by transmission of the signal by a heterodimeric complex of ERBB2 and EGFR. ERBB2, which does not bind any known ligand, is activated through formation of a heterodimer with another ligand-activated ERBB family member such as EGFR."" [GOC:signaling, PMID:16460914]",8,172,2,20972,0.011627906976744186,0.25,query_1,"['GO:0007173', 'GO:0038128']"
GO:BP,GO:0001554,luteolysis,0.0215816038552117,True,"""The lysis or structural demise of the corpus luteum. During normal luteolysis, two closely related events occur. First, there is loss of the capacity to synthesize and secrete progesterone (functional luteolysis) followed by loss of the cells that comprise the corpus luteum (structural luteolysis). Preventing luteolysis is crucial to maintain pregnancy."" [PMID:10617764]",8,172,2,20972,0.011627906976744186,0.25,query_1,"['GO:0008585', 'GO:0022602']"
GO:BP,GO:0098909,regulation of cardiac muscle cell action potential involved in regulation of contraction,0.0215816038552117,True,"""Any process that modulates the frequency, rate or extent of action potential creation, propagation or termination in a cardiac muscle cell contributing to the regulation of its contraction."" [GOC:BHF, GOC:mtg_cardiac_conduct_nov11]",8,172,2,20972,0.011627906976744186,0.25,query_1,"['GO:0086004', 'GO:0098901']"
GO:BP,GO:0014827,intestine smooth muscle contraction,0.0215816038552117,True,"""A process in which force is generated within smooth muscle tissue, resulting in a change in muscle geometry. This process occurs in the intestine. Force generation involves a chemo-mechanical energy conversion step that is carried out by the actin/myosin complex activity, which generates force through ATP hydrolysis. The intestine is the section of the alimentary canal from the stomach to the anal canal. It includes the large intestine and small intestine."" [GOC:mtg_muscle, MA:0001539, MSH:D007422]",8,172,2,20972,0.011627906976744186,0.25,query_1,"['GO:0014821', 'GO:0014831']"
GO:BP,GO:0010810,regulation of cell-substrate adhesion,0.02203961572534906,True,"""Any process that modulates the frequency, rate or extent of cell-substrate adhesion. Cell-substrate adhesion is the attachment of a cell to the underlying substrate via adhesion molecules."" [GOC:dph, GOC:pf, GOC:tb]",212,172,7,20972,0.040697674418604654,0.0330188679245283,query_1,"['GO:0030155', 'GO:0031589']"
GO:BP,GO:0098901,regulation of cardiac muscle cell action potential,0.02203961572534906,True,"""Any process that modulates the frequency, rate or extent of action potential creation, propagation or termination in a cardiac muscle cell. This typically occurs via modulation of the activity or expression of voltage-gated ion channels."" [GOC:dos, GOC:mtg_cardiac_conduct_nov11]",30,172,3,20972,0.01744186046511628,0.1,query_1,"['GO:0086001', 'GO:0098900']"
GO:BP,GO:0060441,epithelial tube branching involved in lung morphogenesis,0.02203961572534906,True,"""The process in which a highly ordered sequence of patterning events generates the branched epithelial tubes of the lung, consisting of reiterated combinations of bud outgrowth, elongation, and dichotomous subdivision of terminal units."" [GOC:dph, GOC:mtg_lung]",30,172,3,20972,0.01744186046511628,0.1,query_1,"['GO:0048754', 'GO:0060425']"
GO:BP,GO:0001525,angiogenesis,0.022049115853385405,True,"""Blood vessel formation when new vessels emerge from the proliferation of pre-existing blood vessels."" [ISBN:0878932453]",546,172,12,20972,0.06976744186046512,0.02197802197802198,query_1,"['GO:0048514', 'GO:0048646']"
GO:BP,GO:0007043,cell-cell junction assembly,0.02221170264139952,True,"""The aggregation, arrangement and bonding together of a set of components to form a junction between cells."" [GOC:ai]",157,172,6,20972,0.03488372093023256,0.03821656050955414,query_1,"['GO:0034329', 'GO:0045216']"
GO:BP,GO:0010817,regulation of hormone levels,0.022227147277402635,True,"""Any process that modulates the levels of hormone within an organism or a tissue. A hormone is any substance formed in very small amounts in one specialized organ or group of cells and carried (sometimes in the bloodstream) to another organ or group of cells in the same organism, upon which it has a specific regulatory action."" [GOC:BHF, GOC:dph, GOC:tb]",547,172,12,20972,0.06976744186046512,0.021937842778793418,query_1,['GO:0065008']
GO:BP,GO:0009612,response to mechanical stimulus,0.022912922708300972,True,"""Any process that results in a change in state or activity of a cell or an organism (in terms of movement, secretion, enzyme production, gene expression, etc.) as a result of a mechanical stimulus."" [GOC:hb]",214,172,7,20972,0.040697674418604654,0.03271028037383177,query_1,"['GO:0009605', 'GO:0009628']"
GO:BP,GO:0072006,nephron development,0.023425014819183854,True,"""The process whose specific outcome is the progression of the nephron over time, from its formation to the mature structure. A nephron is the functional unit of the kidney."" [GOC:mtg_kidney_jan10]",159,172,6,20972,0.03488372093023256,0.03773584905660377,query_1,"['GO:0001822', 'GO:0048856']"
GO:BP,GO:0046545,development of primary female sexual characteristics,0.0237274580638836,True,"""The process whose specific outcome is the progression of the primary female sexual characteristics over time, from their formation to the mature structure. The primary female sexual characteristics are the ovaries, and they develop in response to sex hormone secretion."" [GOC:ai]",109,172,5,20972,0.029069767441860465,0.045871559633027525,query_1,"['GO:0045137', 'GO:0046660']"
GO:BP,GO:0071363,cellular response to growth factor stimulus,0.024073513684033637,True,"""Any process that results in a change in state or activity of a cell (in terms of movement, secretion, enzyme production, gene expression, etc.) as a result of a growth factor stimulus."" [GOC:mah]",706,172,14,20972,0.08139534883720931,0.019830028328611898,query_1,"['GO:0070848', 'GO:0071495']"
GO:BP,GO:1905330,regulation of morphogenesis of an epithelium,0.024271130320540346,True,"""Any process that modulates the frequency, rate or extent of morphogenesis of an epithelium."" [GO_REF:0000058, GOC:bhm, GOC:TermGenie, PMID:25745997]",66,172,4,20972,0.023255813953488372,0.06060606060606061,query_1,"['GO:0002009', 'GO:0022603']"
GO:BP,GO:0001655,urogenital system development,0.02538385331758663,True,"""The process whose specific outcome is the progression of the urogenital system over time, from its formation to the mature structure."" [GOC:go_curators]",67,172,4,20972,0.023255813953488372,0.05970149253731343,query_1,['GO:0048731']
GO:BP,GO:0060042,retina morphogenesis in camera-type eye,0.02538385331758663,True,"""The process in which the anatomical structure of the retina is generated and organized."" [GOC:bf, GOC:dph, GOC:mtg_sensu]",67,172,4,20972,0.023255813953488372,0.05970149253731343,query_1,"['GO:0009653', 'GO:0048593', 'GO:0060041']"
GO:BP,GO:0045600,positive regulation of fat cell differentiation,0.02538385331758663,True,"""Any process that activates or increases the frequency, rate or extent of adipocyte differentiation."" [GOC:go_curators]",67,172,4,20972,0.023255813953488372,0.05970149253731343,query_1,"['GO:0045444', 'GO:0045597', 'GO:0045598']"
GO:BP,GO:0045777,positive regulation of blood pressure,0.025492460901135196,True,"""Any process in which the force of blood traveling through the circulatory system is increased."" [GOC:go_curators, GOC:mtg_cardio]",32,172,3,20972,0.01744186046511628,0.09375,query_1,['GO:0008217']
GO:BP,GO:0098887,"neurotransmitter receptor transport, endosome to postsynaptic membrane",0.025820869591010202,True,"""The directed movement of neurotransmitter receptor from the postsynaptic endosome to the postsynaptic membrane in transport vesicles."" [GOC:dos]",9,172,2,20972,0.011627906976744186,0.2222222222222222,query_1,"['GO:0098969', 'GO:0099639']"
GO:BP,GO:0099639,"neurotransmitter receptor transport, endosome to plasma membrane",0.025820869591010202,True,"""The directed movement of neurotransmitter receptor from the endosome to the plasma membrane in transport vesicles."" [GOC:dos]",9,172,2,20972,0.011627906976744186,0.2222222222222222,query_1,"['GO:0098877', 'GO:0099638']"
GO:BP,GO:0072177,mesonephric duct development,0.025820869591010202,True,"""The process whose specific outcome is the progression of a mesonephric duct over time, from its initial formation to a mature structure. A mesonephric duct is a tube drains the mesonephros."" [GOC:mtg_kidney_jan10]",9,172,2,20972,0.011627906976744186,0.2222222222222222,query_1,"['GO:0072164', 'GO:0072176']"
GO:BP,GO:0051620,norepinephrine uptake,0.025820869591010202,True,"""The directed movement of norepinephrine into a cell, typically presynaptic neurons or glial cells. Norepinephrine (3,4-dihydroxyphenyl-2-aminoethanol) is a hormone secreted by the adrenal medulla and a neurotransmitter in the sympathetic peripheral nervous system and in some tracts of the CNS. It is also the biosynthetic precursor of epinephrine."" [GOC:ai]",9,172,2,20972,0.011627906976744186,0.2222222222222222,query_1,"['GO:0015874', 'GO:0090493']"
GO:BP,GO:0060541,respiratory system development,0.026252589663854797,True,"""The progression of the respiratory system over time from its formation to its mature structure. The respiratory system carries out respiratory gaseous exchange."" [GOC:dph]",221,172,7,20972,0.040697674418604654,0.03167420814479638,query_1,['GO:0048731']
GO:BP,GO:0099072,regulation of postsynaptic membrane neurotransmitter receptor levels,0.026649164289192874,True,"""Any process that regulates the the local concentration of neurotransmitter receptor at the postsynaptic membrane."" [GOC:dos]",113,172,5,20972,0.029069767441860465,0.04424778761061947,query_1,['GO:0065008']
GO:BP,GO:0031589,cell-substrate adhesion,0.026679508450527564,True,"""The attachment of a cell to the underlying substrate via adhesion molecules."" [GOC:mah, GOC:pf]",349,172,9,20972,0.05232558139534884,0.025787965616045846,query_1,['GO:0007155']
GO:BP,GO:0001654,eye development,0.026746125518537764,True,"""The process whose specific outcome is the progression of the eye over time, from its formation to the mature structure. The eye is the organ of sight."" [GOC:jid, GOC:jl]",418,172,10,20972,0.05813953488372093,0.023923444976076555,query_1,"['GO:0007423', 'GO:0150063']"
GO:BP,GO:0050891,multicellular organismal-level water homeostasis,0.026948005323082377,True,"""A chemical homeostatic process involved in the maintenance of a steady state level of water within extracellular body fluids, such as blood, xylem or phloem, of a multicellular organism. This is distinct from maintenance of cellular homeostasis, which occurs within a cell."" [GOC:dph, GOC:tb]",33,172,3,20972,0.01744186046511628,0.09090909090909091,query_1,"['GO:0050878', 'GO:0140962']"
GO:BP,GO:0048333,mesodermal cell differentiation,0.026948005323082377,True,"""The process in which a relatively unspecialized cell acquires the specialized features of a mesoderm cell."" [GOC:dgh]",33,172,3,20972,0.01744186046511628,0.09090909090909091,query_1,"['GO:0001707', 'GO:0030154']"
REAC,REAC:R-HSA-1793185,Chondroitin sulfate/dermatan sulfate metabolism,0.027478656352798784,True,Chondroitin sulfate/dermatan sulfate metabolism,49,102,4,11056,0.0392156862745098,0.08163265306122448,query_1,['REAC:R-HSA-1630316']
GO:BP,GO:0150063,visual system development,0.02835641227932693,True,"""The process whose specific outcome is the progression of the visual system over time, from its formation to the mature structure, including the eye, parts of the central nervous system (CNS) involved in processing of visual inputs, and connecting nerve pathways."" [GOC:aruk, GOC:bc, GOC:krc, PMID:15004427, PMID:20647017, PMID:22632727]",422,172,10,20972,0.05813953488372093,0.023696682464454975,query_1,['GO:0048880']
GO:BP,GO:0002090,regulation of receptor internalization,0.02851571018903767,True,"""Any process that modulates the frequency, rate or extent of receptor internalization."" [GOC:hjd]",70,172,4,20972,0.023255813953488372,0.05714285714285714,query_1,"['GO:0031623', 'GO:0048259']"
GO:BP,GO:0010765,positive regulation of sodium ion transport,0.028981351045923153,True,"""Any process that increases the frequency, rate or extent of the directed movement of sodium ions (Na+) into, out of or within a cell, or between cells, by means of some agent such as a transporter or pore."" [GOC:dph, GOC:tb]",34,172,3,20972,0.01744186046511628,0.08823529411764706,query_1,"['GO:0002028', 'GO:0006814', 'GO:0043270']"
GO:BP,GO:0018958,phenol-containing compound metabolic process,0.028981351045923153,True,"""The chemical reactions and pathways involving a phenol, any compound containing one or more hydroxyl groups directly attached to an aromatic carbon ring."" [ISBN:0198506732]",116,172,5,20972,0.029069767441860465,0.04310344827586207,query_1,['GO:0008152']
GO:BP,GO:0010464,regulation of mesenchymal cell proliferation,0.028981351045923153,True,"""Any process that modulates the frequency, rate or extent of mesenchymal cell proliferation. A mesenchymal cell is a cell that normally gives rise to other cells that are organized as three-dimensional masses, rather than sheets."" [GOC:dph, GOC:tb]",34,172,3,20972,0.01744186046511628,0.08823529411764706,query_1,"['GO:0010463', 'GO:0042127']"
GO:BP,GO:1990138,neuron projection extension,0.02939380822079535,True,"""Long distance growth of a single neuron projection involved in cellular development. A neuron projection is a prolongation or process extending from a nerve cell, e.g. an axon or dendrite."" [GOC:BHF, GOC:rl, PMID:22790009]",169,172,6,20972,0.03488372093023256,0.03550295857988166,query_1,"['GO:0048588', 'GO:0048812', 'GO:0060560']"
GO:BP,GO:0003208,cardiac ventricle morphogenesis,0.02944449839823945,True,"""The process in which the cardiac ventricle is generated and organized. A cardiac ventricle receives blood from a cardiac atrium and pumps it out of the heart."" [GOC:mtg_heart]",71,172,4,20972,0.023255813953488372,0.056338028169014086,query_1,"['GO:0003206', 'GO:0003231']"
GO:BP,GO:0050678,regulation of epithelial cell proliferation,0.02944449839823945,True,"""Any process that modulates the frequency, rate or extent of epithelial cell proliferation."" [GOC:ai]",356,172,9,20972,0.05232558139534884,0.025280898876404494,query_1,"['GO:0042127', 'GO:0050673']"
GO:BP,GO:0007165,signal transduction,0.030118100725759343,True,"""The cellular process in which a signal is conveyed to trigger a change in the activity or state of a cell. Signal transduction begins with reception of a signal (e.g. a ligand binding to a receptor or receptor activation by a stimulus such as light), or for signal transduction in the absence of ligand, signal-withdrawal or the activity of a constitutively active receptor. Signal transduction ends with regulation of a downstream cellular process, e.g. regulation of transcription or regulation of a metabolic process. Signal transduction covers signaling from receptors located on the surface of the cell and signaling via molecules located within the cell. For signaling between cells, signal transduction is restricted to events at and within the receiving cell."" [GOC:go_curators, GOC:mtg_signaling_feb11]",6063,172,67,20972,0.38953488372093026,0.011050634999175326,query_1,"['GO:0007154', 'GO:0009987', 'GO:0023052', 'GO:0050794', 'GO:0051716']"
GO:BP,GO:0072203,cell proliferation involved in metanephros development,0.030256291707826736,True,"""The multiplication or reproduction of cells, resulting in the expansion of the population in the metanephros."" [GOC:mtg_kidney_jan10]",10,172,2,20972,0.011627906976744186,0.2,query_1,"['GO:0001656', 'GO:0072111']"
GO:BP,GO:2001054,negative regulation of mesenchymal cell apoptotic process,0.030256291707826736,True,"""Any process that stops, prevents or reduces the frequency, rate or extent of mesenchymal cell apoptotic process."" [GOC:mtg_apoptosis, GOC:obol]",10,172,2,20972,0.011627906976744186,0.2,query_1,"['GO:0043066', 'GO:0097152', 'GO:2001053']"
GO:BP,GO:0014745,negative regulation of muscle adaptation,0.030256291707826736,True,"""Any process that stops, prevents, or reduces the frequency, rate, or extent of muscle adaptation."" [GOC:mtg_muscle]",10,172,2,20972,0.011627906976744186,0.2,query_1,"['GO:0043500', 'GO:0043502', 'GO:0048585', 'GO:0051241']"
GO:BP,GO:0071772,response to BMP,0.03036697509194662,True,"""Any process that results in a change in state or activity of a cell or an organism (in terms of movement, secretion, enzyme production, gene expression, etc.) as a result of a bone morphogenetic protein (BMP) stimulus."" [GOC:mah, GOC:yaf]",171,172,6,20972,0.03488372093023256,0.03508771929824561,query_1,['GO:0070848']
GO:BP,GO:0071773,cellular response to BMP stimulus,0.03036697509194662,True,"""Any process that results in a change in state or activity of a cell (in terms of movement, secretion, enzyme production, gene expression, etc.) as a result of a bone morphogenetic protein (BMP) stimulus."" [GOC:mah, GOC:yaf]",171,172,6,20972,0.03488372093023256,0.03508771929824561,query_1,"['GO:0071363', 'GO:0071772']"
REAC,REAC:R-HSA-388479,Vasopressin-like receptors,0.030441691967799132,True,Vasopressin-like receptors,6,102,2,11056,0.0196078431372549,0.3333333333333333,query_1,['REAC:R-HSA-375276']
GO:BP,GO:0048522,positive regulation of cellular process,0.031062326049486392,True,"""Any process that activates or increases the frequency, rate or extent of a cellular process, any of those that are carried out at the cellular level, but are not necessarily restricted to a single cell. For example, cell communication occurs among more than one cell, but occurs at the cellular level."" [GOC:jid]",5739,172,64,20972,0.37209302325581395,0.011151768600801533,query_1,"['GO:0009987', 'GO:0048518', 'GO:0050794']"
GO:BP,GO:0050804,modulation of chemical synaptic transmission,0.031062326049486392,True,"""Any process that modulates the frequency or amplitude of synaptic transmission, the process of communication from a neuron to a target (neuron, muscle, or secretory cell) across a synapse. Amplitude, in this case, refers to the change in postsynaptic membrane potential due to a single instance of synaptic transmission."" [GOC:ai]",503,172,11,20972,0.06395348837209303,0.02186878727634195,query_1,"['GO:0007268', 'GO:0099177']"
GO:BP,GO:0015695,organic cation transport,0.031139580519179033,True,"""The directed movement of organic cations into, out of or within a cell, or between cells, by means of some agent such as a transporter or pore. Organic cations are atoms or small molecules with a positive charge which contain carbon in covalent linkage."" [GOC:ai]",119,172,5,20972,0.029069767441860465,0.04201680672268908,query_1,['GO:0006810']
GO:BP,GO:0099177,regulation of trans-synaptic signaling,0.03133657109624527,True,"""Any process that modulates the frequency, rate or extent of trans-synaptic signaling."" [GOC:dos]",504,172,11,20972,0.06395348837209303,0.021825396825396824,query_1,"['GO:0010646', 'GO:0023051', 'GO:0099537']"
GO:BP,GO:0021884,forebrain neuron development,0.03247918357768709,True,"""The process whose specific outcome is the progression of a neuron that resides in the forebrain, from its initial commitment to its fate, to the fully functional differentiated cell."" [GO_REF:0000021, GOC:cls, GOC:dgh, GOC:dph, GOC:jid]",36,172,3,20972,0.01744186046511628,0.08333333333333333,query_1,"['GO:0021879', 'GO:0021954']"
GO:BP,GO:0033280,response to vitamin D,0.03247918357768709,True,"""Any process that results in a change in state or activity of a cell or an organism (in terms of movement, secretion, enzyme production, gene expression, etc.) as a result of a vitamin D stimulus."" [GOC:sl]",36,172,3,20972,0.01744186046511628,0.08333333333333333,query_1,"['GO:0033273', 'GO:0033993', 'GO:1901700']"
GO:BP,GO:0055117,regulation of cardiac muscle contraction,0.03283212255105395,True,"""Any process that modulates the frequency, rate or extent of cardiac muscle contraction."" [GOC:ecd]",74,172,4,20972,0.023255813953488372,0.05405405405405406,query_1,"['GO:0006942', 'GO:0008016', 'GO:0060048']"
GO:BP,GO:0030278,regulation of ossification,0.032936317474048224,True,"""Any process that modulates the frequency, rate or extent of ossification, the formation of bone or of a bony substance or the conversion of fibrous tissue or of cartilage into bone or a bony substance."" [GOC:go_curators]",121,172,5,20972,0.029069767441860465,0.04132231404958678,query_1,"['GO:0001503', 'GO:0051239']"
GO:BP,GO:0060041,retina development in camera-type eye,0.03309135588961754,True,"""The process whose specific outcome is the progression of the retina over time, from its formation to the mature structure. The retina is the innermost layer or coating at the back of the eyeball, which is sensitive to light and in which the optic nerve terminates."" [GOC:bf, GOC:dph, ISBN:0815340729]",175,172,6,20972,0.03488372093023256,0.03428571428571429,query_1,"['GO:0043010', 'GO:0048856']"
GO:BP,GO:0086018,SA node cell to atrial cardiac muscle cell signaling,0.03416166162571573,True,"""Any process that mediates the transfer of information from an SA node cardiomyocyte to an atrial cardiomyocyte."" [GOC:BHF, GOC:mtg_cardiac_conduct_nov11]",11,172,2,20972,0.011627906976744186,0.18181818181818182,query_1,['GO:0086070']
GO:BP,GO:0086015,SA node cell action potential,0.03416166162571573,True,"""An action potential that occurs in a sinoatrial node cardiac muscle cell."" [GOC:BHF, GOC:mtg_cardiac_conduct_nov11]",11,172,2,20972,0.011627906976744186,0.18181818181818182,query_1,"['GO:0086001', 'GO:0086018']"
GO:BP,GO:0003161,cardiac conduction system development,0.03416166162571573,True,"""The process whose specific outcome is the progression of the cardiac conduction system over time, from its formation to the mature structure. The cardiac conduction system consists of specialized cardiomyocytes that regulate the frequency of heart beat."" [GOC:mtg_heart]",37,172,3,20972,0.01744186046511628,0.08108108108108109,query_1,['GO:0048738']
GO:BP,GO:1905332,positive regulation of morphogenesis of an epithelium,0.03416166162571573,True,"""Any process that activates or increases the frequency, rate or extent of morphogenesis of an epithelium."" [GO_REF:0000058, GOC:bhm, GOC:TermGenie, PMID:25745997]",37,172,3,20972,0.01744186046511628,0.08108108108108109,query_1,"['GO:0002009', 'GO:0051094', 'GO:1905330']"
GO:BP,GO:0046532,regulation of photoreceptor cell differentiation,0.03416166162571573,True,"""Any process that modulates the frequency, rate or extent of photoreceptor cell differentiation. An example of this process is found in Drosophila melanogaster."" [GOC:go_curators]",11,172,2,20972,0.011627906976744186,0.18181818181818182,query_1,"['GO:0045664', 'GO:0046530']"
GO:BP,GO:0007610,behavior,0.03416166162571573,True,"""The internally coordinated responses (actions or inactions) of animals (individuals or groups) to internal or external stimuli, via a mechanism that involves nervous system activity."" [GOC:ems, GOC:jl, ISBN:0395448956, PMID:20160973]",665,172,13,20972,0.0755813953488372,0.019548872180451128,query_1,['GO:0032501']
GO:BP,GO:0072009,nephron epithelium development,0.03416166162571573,True,"""The process whose specific outcome is the progression of the nephron epithelium over time, from its formation to the mature structure. An epithelium is a tissue that covers the internal or external surfaces of an anatomical structure. The nephron epithelium is a tissue that covers the surface of a nephron."" [GOC:mtg_kidney_jan10]",123,172,5,20972,0.029069767441860465,0.04065040650406504,query_1,"['GO:0072006', 'GO:0072073']"
GO:BP,GO:0032276,regulation of gonadotropin secretion,0.03416166162571573,True,"""Any process that modulates the frequency, rate or extent of the regulated release of a gonadotropin."" [GOC:mah]",11,172,2,20972,0.011627906976744186,0.18181818181818182,query_1,"['GO:0032274', 'GO:0044060', 'GO:0046883']"
GO:BP,GO:0021892,cerebral cortex GABAergic interneuron differentiation,0.03416166162571573,True,"""The process in which a relatively unspecialized cell acquires specialized features of a GABAergic interneuron residing in the cerebral cortex."" [GO_REF:0000021, GOC:cls, GOC:dgh, GOC:dph, GOC:jid, PMID:12626695]",11,172,2,20972,0.011627906976744186,0.18181818181818182,query_1,"['GO:0021895', 'GO:0097154']"
GO:BP,GO:0048671,negative regulation of collateral sprouting,0.03416166162571573,True,"""Any process that stops, prevents, or reduces the frequency, rate or extent of collateral sprouting."" [GOC:dgh, GOC:dph, GOC:jid, GOC:lm]",11,172,2,20972,0.011627906976744186,0.18181818181818182,query_1,"['GO:0030308', 'GO:0048640', 'GO:0048668', 'GO:0048670', 'GO:0050771']"
GO:BP,GO:0035633,maintenance of blood-brain barrier,0.03416166162571573,True,"""Maintaining the structure and function of the blood-brain barrier, thus ensuring specific regulated transport of substances (e.g. macromolecules, small molecules, ions) into the brain, and out of the brain into the blood circulation."" [GOC:aruk, GOC:bc, GOC:bf, GOC:sl, PMID:20080302, PMID:30280653]",37,172,3,20972,0.01744186046511628,0.08108108108108109,query_1,['GO:0001894']
GO:BP,GO:0021955,central nervous system neuron axonogenesis,0.03416166162571573,True,"""Generation of a long process from a neuron whose cell body resides in the central nervous system. The process carries efferent (outgoing) action potentials from the cell body towards target cells."" [GO_REF:0000021, GOC:cls, GOC:dgh, GOC:dph, GOC:jid]",37,172,3,20972,0.01744186046511628,0.08108108108108109,query_1,"['GO:0007409', 'GO:0021954']"
GO:BP,GO:0014831,gastro-intestinal system smooth muscle contraction,0.03416166162571573,True,"""A process in which force is generated within smooth muscle tissue, resulting in a change in muscle geometry. This process occurs in the gastro-intestinal system. Force generation involves a chemo-mechanical energy conversion step that is carried out by the actin/myosin complex activity, which generates force through ATP hydrolysis. The gastro-intestinal system generally refers to the digestive structures stretching from the mouth to anus, but does not include the accessory glandular organs (liver, pancreas and biliary tract)."" [GOC:mtg_muscle, MA:0001523, MSH:D041981]",11,172,2,20972,0.011627906976744186,0.18181818181818182,query_1,['GO:0006939']
GO:BP,GO:0048608,reproductive structure development,0.03442217255471484,True,"""The reproductive developmental process whose specific outcome is the progression of somatic structures that will be used in the process of creating new individuals from one or more parents, from their formation to the mature structures."" [GOC:dph, GOC:isa_complete, GOC:jid]",302,172,8,20972,0.046511627906976744,0.026490066225165563,query_1,"['GO:0003006', 'GO:0048856', 'GO:0061458']"
GO:BP,GO:0031345,negative regulation of cell projection organization,0.03442217255471484,True,"""Any process that stops, prevents, or reduces the frequency, rate or extent of a process involved in the formation, arrangement of constituent parts, or disassembly of cell projections."" [GOC:mah]",178,172,6,20972,0.03488372093023256,0.033707865168539325,query_1,"['GO:0030030', 'GO:0031344', 'GO:0051129']"
GO:BP,GO:0030326,embryonic limb morphogenesis,0.03575298512975078,True,"""The process, occurring in the embryo, by which the anatomical structures of the limb are generated and organized. A limb is an appendage of an animal used for locomotion or grasping."" [GOC:bf, GOC:jl, ISBN:0395825172]",125,172,5,20972,0.029069767441860465,0.04,query_1,"['GO:0035108', 'GO:0035113']"
GO:BP,GO:0097120,receptor localization to synapse,0.03575298512975078,True,"""Any process in which a receptor is transported to, and/or maintained at the synapse, the junction between a nerve fiber of one neuron and another neuron or muscle fiber or glial cell."" [GOC:BHF, GOC:sjp, PMID:21525273]",77,172,4,20972,0.023255813953488372,0.05194805194805195,query_1,['GO:0051179']
GO:BP,GO:0035113,embryonic appendage morphogenesis,0.03575298512975078,True,"""The process, occurring in the embryo, by which the anatomical structures of the appendage are generated and organized. An appendage is an organ or part that is attached to the trunk of an organism, such as a limb or a branch."" [ISBN:0582227089]",125,172,5,20972,0.029069767441860465,0.04,query_1,"['GO:0035107', 'GO:0048598']"
GO:BP,GO:1901700,response to oxygen-containing compound,0.03601932641017527,True,"""Any process that results in a change in state or activity of a cell or an organism (in terms of movement, secretion, enzyme production, gene expression, etc.) as a result of an oxygen-containing compound stimulus."" [GOC:pr, GOC:TermGenie]",1632,172,24,20972,0.13953488372093023,0.014705882352941176,query_1,['GO:0042221']
GO:BP,GO:0048562,embryonic organ morphogenesis,0.03601932641017527,True,"""Morphogenesis, during the embryonic phase, of a tissue or tissues that work together to perform a specific function or functions. Morphogenesis is the process in which anatomical structures are generated and organized. Organs are commonly observed as visibly distinct structures, but may also exist as loosely associated clusters of cells that work together to perform a specific function or functions."" [GOC:jid]",305,172,8,20972,0.046511627906976744,0.02622950819672131,query_1,"['GO:0009887', 'GO:0048568', 'GO:0048598']"
GO:BP,GO:0001667,ameboidal-type cell migration,0.03636238941786307,True,"""Cell migration that is accomplished by extension and retraction of a pseudopodium."" [GOC:dph]",241,172,7,20972,0.040697674418604654,0.029045643153526972,query_1,['GO:0016477']
GO:BP,GO:0061458,reproductive system development,0.03650238583642986,True,"""The progression of the reproductive system over time from its formation to the mature structure. The reproductive system consists of the organs that function in reproduction."" [GOC:dph]",306,172,8,20972,0.046511627906976744,0.026143790849673203,query_1,['GO:0048731']
GO:BP,GO:1901699,cellular response to nitrogen compound,0.03688019638214728,True,"""Any process that results in a change in state or activity of a cell (in terms of movement, secretion, enzyme production, gene expression, etc.) as a result of a nitrogen compound stimulus."" [GOC:pr, GOC:TermGenie]",676,172,13,20972,0.0755813953488372,0.019230769230769232,query_1,"['GO:0070887', 'GO:1901698']"
REAC,REAC:R-HSA-3595174,"Defective CHST14 causes EDS, musculocontractural type",0.037428843818672605,True,"Defective CHST14 causes EDS, musculocontractural type",8,102,2,11056,0.0196078431372549,0.25,query_1,['REAC:R-HSA-3560782']
REAC,REAC:R-HSA-3595177,Defective CHSY1 causes TPBS,0.037428843818672605,True,Defective CHSY1 causes TPBS,8,102,2,11056,0.0196078431372549,0.25,query_1,['REAC:R-HSA-3560782']
REAC,REAC:R-HSA-3595172,Defective CHST3 causes SEDCJD,0.037428843818672605,True,Defective CHST3 causes SEDCJD,8,102,2,11056,0.0196078431372549,0.25,query_1,['REAC:R-HSA-3560782']
REAC,REAC:R-HSA-5638303,Inhibition of Signaling by Overexpressed EGFR,0.037428843818672605,True,Inhibition of Signaling by Overexpressed EGFR,8,102,2,11056,0.0196078431372549,0.25,query_1,['REAC:R-HSA-5638302']
REAC,REAC:R-HSA-5638302,Signaling by Overexpressed Wild-Type EGFR in Cancer,0.037428843818672605,True,Signaling by Overexpressed Wild-Type EGFR in Cancer,8,102,2,11056,0.0196078431372549,0.25,query_1,['REAC:R-HSA-1643713']
REAC,REAC:R-HSA-9759475,Regulation of CDH11 Expression and Function,0.037428843818672605,True,Regulation of CDH11 Expression and Function,27,102,3,11056,0.029411764705882353,0.1111111111111111,query_1,['REAC:R-HSA-9764260']
REAC,REAC:R-HSA-1638091,Heparan sulfate/heparin (HS-GAG) metabolism,0.037428843818672605,True,Heparan sulfate/heparin (HS-GAG) metabolism,57,102,4,11056,0.0392156862745098,0.07017543859649122,query_1,['REAC:R-HSA-1630316']
REAC,REAC:R-HSA-418990,Adherens junctions interactions,0.037428843818672605,True,Adherens junctions interactions,55,102,4,11056,0.0392156862745098,0.07272727272727272,query_1,['REAC:R-HSA-421270']
REAC,REAC:R-HSA-9833576,CDH11 homotypic and heterotypic interactions,0.037428843818672605,True,CDH11 homotypic and heterotypic interactions,7,102,2,11056,0.0196078431372549,0.2857142857142857,query_1,['REAC:R-HSA-9762292']
GO:BP,GO:0045761,regulation of adenylate cyclase activity,0.03766463211387732,True,"""Any process that modulates the frequency, rate or extent of adenylate cyclase activity."" [GOC:go_curators]",39,172,3,20972,0.01744186046511628,0.07692307692307693,query_1,['GO:0050790']
GO:BP,GO:0030500,regulation of bone mineralization,0.03832596812632734,True,"""Any process that modulates the frequency, rate or extent of bone mineralization."" [GOC:go_curators]",79,172,4,20972,0.023255813953488372,0.05063291139240506,query_1,"['GO:0030278', 'GO:0030282', 'GO:0070167']"
GO:BP,GO:1900747,negative regulation of vascular endothelial growth factor signaling pathway,0.038925628940534265,True,"""Any process that stops, prevents or reduces the frequency, rate or extent of vascular endothelial growth factor signaling pathway."" [GOC:TermGenie]",12,172,2,20972,0.011627906976744186,0.16666666666666666,query_1,"['GO:0009968', 'GO:0038084', 'GO:1900746', 'GO:1902548']"
GO:BP,GO:0006814,sodium ion transport,0.038925628940534265,True,"""The directed movement of sodium ions (Na+) into, out of or within a cell, or between cells, by means of some agent such as a transporter or pore."" [GOC:ai]",245,172,7,20972,0.040697674418604654,0.02857142857142857,query_1,['GO:0030001']
GO:BP,GO:0014733,regulation of skeletal muscle adaptation,0.038925628940534265,True,"""Any process in which skeletal muscle adapts, with consequent modifications to structural and/or functional phenotypes, in response to a stimulus. Stimuli include contractile activity, loading conditions, substrate supply, and environmental factors. These adaptive events occur in both muscle fibers and associated structures (motoneurons and capillaries), and they involve alterations in regulatory mechanisms, contractile properties and metabolic capacities."" [GOC:mtg_muscle]",12,172,2,20972,0.011627906976744186,0.16666666666666666,query_1,"['GO:0043501', 'GO:0043502']"
GO:BP,GO:0030948,negative regulation of vascular endothelial growth factor receptor signaling pathway,0.038925628940534265,True,"""Any process that stops, prevents, or reduces the frequency, rate or extent of vascular endothelial growth factor receptor signaling pathway activity."" [GOC:dgh]",12,172,2,20972,0.011627906976744186,0.16666666666666666,query_1,"['GO:0009968', 'GO:0030947', 'GO:0048010', 'GO:0090288']"
GO:BP,GO:0015800,acidic amino acid transport,0.039301016135743216,True,"""The directed movement of acidic amino acids, amino acids with a pH below 7, into, out of or within a cell, or between cells, by means of some agent such as a transporter or pore."" [GOC:ai]",80,172,4,20972,0.023255813953488372,0.05,query_1,['GO:0006865']
GO:BP,GO:0046660,female sex differentiation,0.039301016135743216,True,"""The establishment of the sex of a female organism by physical differentiation."" [GOC:bf]",129,172,5,20972,0.029069767441860465,0.03875968992248062,query_1,"['GO:0007275', 'GO:0007548']"
GO:BP,GO:0051591,response to cAMP,0.039301016135743216,True,"""Any process that results in a change in state or activity of a cell or an organism (in terms of movement, secretion, enzyme production, gene expression, etc.) as a result of a cAMP (cyclic AMP, adenosine 3',5'-cyclophosphate) stimulus."" [GOC:ai]",80,172,4,20972,0.023255813953488372,0.05,query_1,"['GO:0014074', 'GO:0046683', 'GO:1901700']"
GO:BP,GO:0045746,negative regulation of Notch signaling pathway,0.03945534716111384,True,"""Any process that stops, prevents, or reduces the frequency, rate or extent of the Notch signaling pathway."" [GOC:go_curators]",40,172,3,20972,0.01744186046511628,0.075,query_1,"['GO:0007219', 'GO:0008593', 'GO:0009968']"
REAC,REAC:R-HSA-9759476,Regulation of Homotypic Cell-Cell Adhesion,0.03954735147311276,True,Regulation of Homotypic Cell-Cell Adhesion,30,102,3,11056,0.029411764705882353,0.1,query_1,['REAC:R-HSA-418990']
REAC,REAC:R-HSA-9764260,Regulation of Expression and Function of Type II Classical Cadherins,0.03954735147311276,True,Regulation of Expression and Function of Type II Classical Cadherins,30,102,3,11056,0.029411764705882353,0.1,query_1,['REAC:R-HSA-9759476']
GO:BP,GO:0051716,cellular response to stimulus,0.04012442437424908,True,"""Any process that results in a change in state or activity of a cell (in terms of movement, secretion, enzyme production, gene expression, etc.) as a result of a stimulus. The process begins with detection of the stimulus by a cell and ends with a change in state or activity or the cell."" [GOC:bf, GOC:jl]",7425,172,78,20972,0.45348837209302323,0.010505050505050505,query_1,"['GO:0009987', 'GO:0050896']"
GO:BP,GO:0042476,odontogenesis,0.04012442437424908,True,"""The process whose specific outcome is the progression of a tooth or teeth over time, from formation to the mature structure(s). A tooth is any hard bony, calcareous, or chitinous organ found in the mouth or pharynx of an animal and used in procuring or masticating food."" [GOC:jl, GOC:mah]",130,172,5,20972,0.029069767441860465,0.038461538461538464,query_1,['GO:0009887']
GO:BP,GO:0043270,positive regulation of monoatomic ion transport,0.04012442437424908,True,"""Any process that activates or increases the frequency, rate or extent of the directed movement of charged atoms or small charged molecules into, out of or within a cell, or between cells, by means of some agent such as a transporter or pore."" [GOC:jl]",186,172,6,20972,0.03488372093023256,0.03225806451612903,query_1,"['GO:0006811', 'GO:0043269', 'GO:0051050']"
GO:BP,GO:0009966,regulation of signal transduction,0.04028962070951362,True,"""Any process that modulates the frequency, rate or extent of signal transduction."" [GOC:sm]",3031,172,38,20972,0.22093023255813954,0.012537116463213462,query_1,"['GO:0007165', 'GO:0010646', 'GO:0023051', 'GO:0048583']"
GO:BP,GO:0033273,response to vitamin,0.04040164570868516,True,"""Any process that results in a change in state or activity of a cell or an organism (in terms of movement, secretion, enzyme production, gene expression, etc.) as a result of a vitamin stimulus."" [GOC:sl]",81,172,4,20972,0.023255813953488372,0.04938271604938271,query_1,['GO:0007584']
GO:BP,GO:0045597,positive regulation of cell differentiation,0.04069857474716577,True,"""Any process that activates or increases the frequency, rate or extent of cell differentiation."" [GOC:go_curators]",852,172,15,20972,0.0872093023255814,0.017605633802816902,query_1,"['GO:0030154', 'GO:0045595', 'GO:0048522', 'GO:0051094']"
GO:BP,GO:0007219,Notch signaling pathway,0.04070769463486015,True,"""The series of molecular signals initiated by an extracellular ligand binding to the receptor Notch on the surface of a target cell, and ending with the regulation of a downstream cellular process, e.g. transcription."" [GOC:go_curators, GOC:signaling]",187,172,6,20972,0.03488372093023256,0.03208556149732621,query_1,['GO:0007166']
GO:BP,GO:0050890,cognition,0.041136827185571524,True,"""The operation of the mind by which an organism becomes aware of objects of thought or perception; it includes the mental activities associated with thinking, learning, and memory."" [ISBN:0721619908]",315,172,8,20972,0.046511627906976744,0.025396825396825397,query_1,['GO:0050877']
GO:BP,GO:0021543,pallium development,0.041542334064115255,True,"""The process whose specific outcome is the progression of the pallium over time, from its formation to the mature structure. The pallium is the roof region of the telencephalon."" [GO_REF:0000021, GOC:cls, GOC:dgh, GOC:dph, GOC:jid, PMID:12626695]",188,172,6,20972,0.03488372093023256,0.031914893617021274,query_1,"['GO:0021537', 'GO:0048856']"
GO:BP,GO:0009967,positive regulation of signal transduction,0.04253593811286881,True,"""Any process that activates or increases the frequency, rate or extent of signal transduction."" [GOC:sm]",1569,172,23,20972,0.13372093023255813,0.014659018483110261,query_1,"['GO:0007165', 'GO:0009966', 'GO:0010647', 'GO:0023056', 'GO:0048584']"
GO:BP,GO:0045916,negative regulation of complement activation,0.0430319344194152,True,"""Any process that stops, prevents, or reduces the frequency, rate or extent of complement activation."" [GOC:go_curators]",13,172,2,20972,0.011627906976744186,0.15384615384615385,query_1,"['GO:0002698', 'GO:0002921', 'GO:0006956', 'GO:0030449']"
GO:BP,GO:0060485,mesenchyme development,0.0430319344194152,True,"""The process whose specific outcome is the progression of a mesenchymal tissue over time, from its formation to the mature structure. A mesenchymal tissue is made up of loosely packed stellate cells."" [GOC:dph]",319,172,8,20972,0.046511627906976744,0.025078369905956112,query_1,"['GO:0009888', 'GO:0048513']"
GO:BP,GO:0042417,dopamine metabolic process,0.0430319344194152,True,"""The chemical reactions and pathways involving dopamine, a catecholamine neurotransmitter and a metabolic precursor of noradrenaline and adrenaline."" [GOC:jl, ISBN:0198506732]",42,172,3,20972,0.01744186046511628,0.07142857142857142,query_1,['GO:0006584']
GO:BP,GO:2001053,regulation of mesenchymal cell apoptotic process,0.0430319344194152,True,"""Any process that modulates the frequency, rate or extent of mesenchymal cell apoptotic process."" [GOC:mtg_apoptosis, GOC:obol]",13,172,2,20972,0.011627906976744186,0.15384615384615385,query_1,"['GO:0042981', 'GO:0097152']"
GO:BP,GO:0098969,neurotransmitter receptor transport to postsynaptic membrane,0.0430319344194152,True,"""The directed movement of neurotransmitter receptor to the postsynaptic membrane in transport vesicles."" [GOC:dos]",13,172,2,20972,0.011627906976744186,0.15384615384615385,query_1,"['GO:0097120', 'GO:0098877', 'GO:0099072', 'GO:1903539', 'GO:1903540']"
GO:BP,GO:0086091,regulation of heart rate by cardiac conduction,0.0430319344194152,True,"""A cardiac conduction process that modulates the frequency or rate of heart contraction."" [GOC:BHF, GOC:mtg_cardiac_conduct_nov11]",42,172,3,20972,0.01744186046511628,0.07142857142857142,query_1,"['GO:0002027', 'GO:0061337']"
GO:BP,GO:0030001,metal ion transport,0.0430319344194152,True,"""The directed movement of metal ions, any metal ion with an electric charge, into, out of or within a cell, or between cells, by means of some agent such as a transporter or pore."" [GOC:ai]",860,172,15,20972,0.0872093023255814,0.01744186046511628,query_1,['GO:0006812']
GO:BP,GO:0086070,SA node cell to atrial cardiac muscle cell communication,0.0430319344194152,True,"""The process that mediates interactions between an SA node cardiomyocyte and its surroundings that contributes to the process of the SA node cardiomyocyte communicating with an atrial cardiomyocyte in cardiac conduction. Encompasses interactions such as signaling or attachment between one cell and another cell, between a cell and an extracellular matrix, or between a cell and any other aspect of its environment."" [GOC:BHF, GOC:mtg_cardiac_conduct_nov11]",13,172,2,20972,0.011627906976744186,0.15384615384615385,query_1,['GO:0086065']
GO:BP,GO:0007512,adult heart development,0.0430319344194152,True,"""The process whose specific outcome is the progression of the adult heart over time, from its formation to the mature structure."" [GOC:bf]",13,172,2,20972,0.011627906976744186,0.15384615384615385,query_1,['GO:0007507']
REAC,REAC:R-HSA-212718,EGFR interacts with phospholipase C-gamma,0.043050400710116524,True,EGFR interacts with phospholipase C-gamma,9,102,2,11056,0.0196078431372549,0.2222222222222222,query_1,['REAC:R-HSA-177929']
GO:BP,GO:0048565,digestive tract development,0.04342373811151687,True,"""The process whose specific outcome is the progression of the digestive tract over time, from its formation to the mature structure. The digestive tract is the anatomical structure through which food passes and is processed."" [GOC:go_curators]",134,172,5,20972,0.029069767441860465,0.03731343283582089,query_1,"['GO:0035295', 'GO:0055123']"
GO:BP,GO:0045667,regulation of osteoblast differentiation,0.04342373811151687,True,"""Any process that modulates the frequency, rate or extent of osteoblast differentiation."" [GOC:go_curators]",134,172,5,20972,0.029069767441860465,0.03731343283582089,query_1,"['GO:0001649', 'GO:0045595']"
REAC,REAC:R-HSA-8957275,Post-translational protein phosphorylation,0.043850632959969445,True,Post-translational protein phosphorylation,107,102,5,11056,0.049019607843137254,0.04672897196261682,query_1,['REAC:R-HSA-597592']
GO:BP,GO:0014897,striated muscle hypertrophy,0.04391481414023852,True,"""The enlargement or overgrowth of all or part of an organ due to an increase in size of muscle cells without cell division. In the case of striated muscle, this happens due to the additional synthesis of sarcomeric proteins and assembly of myofibrils."" [GOC:mtg_muscle]",84,172,4,20972,0.023255813953488372,0.047619047619047616,query_1,['GO:0014896']
GO:BP,GO:0030155,regulation of cell adhesion,0.04394303961125999,True,"""Any process that modulates the frequency, rate or extent of attachment of a cell to another cell or to the extracellular matrix."" [GOC:mah]",780,172,14,20972,0.08139534883720931,0.017948717948717947,query_1,"['GO:0007155', 'GO:0050794']"
GO:BP,GO:0048736,appendage development,0.04404937987136289,True,"""The process whose specific outcome is the progression of an appendage over time, from its formation to the mature structure. An appendage is an organ or part that is attached to the trunk of an organism, such as a limb or a branch."" [GOC:jid, GOC:rc]",192,172,6,20972,0.03488372093023256,0.03125,query_1,"['GO:0007275', 'GO:0048856']"
GO:BP,GO:0060173,limb development,0.04404937987136289,True,"""The process whose specific outcome is the progression of a limb over time, from its formation to the mature structure. A limb is an appendage of an animal used for locomotion or grasping. Examples include legs, arms or some types of fin."" [GOC:dgh, GOC:dph, PMID:11487378]",192,172,6,20972,0.03488372093023256,0.03125,query_1,['GO:0048736']
GO:BP,GO:0071456,cellular response to hypoxia,0.04410111516741997,True,"""Any process that results in a change in state or activity of a cell (in terms of movement, secretion, enzyme production, gene expression, etc.) as a result of a stimulus indicating lowered oxygen tension. Hypoxia, defined as a decline in O2 levels below normoxic levels of 20.8 - 20.95%, results in metabolic adaptation at both the cellular and organismal level."" [GOC:mah]",135,172,5,20972,0.029069767441860465,0.037037037037037035,query_1,"['GO:0001666', 'GO:0033554', 'GO:0036294']"
GO:BP,GO:0048519,negative regulation of biological process,0.04410111516741997,True,"""Any process that stops, prevents, or reduces the frequency, rate or extent of a biological process. Biological processes are regulated by many means; examples include the control of gene expression, protein modification or interaction with a protein or substrate molecule."" [GOC:jid]",5753,172,63,20972,0.36627906976744184,0.01095080827394403,query_1,"['GO:0008150', 'GO:0050789']"
GO:BP,GO:0048593,camera-type eye morphogenesis,0.04525150533413766,True,"""The process in which the anatomical structures of the eye are generated and organized. The camera-type eye is an organ of sight that receives light through an aperture and focuses it through a lens, projecting it on a photoreceptor field."" [GOC:jid, GOC:mtg_sensu]",136,172,5,20972,0.029069767441860465,0.03676470588235294,query_1,"['GO:0043010', 'GO:0048592']"
GO:BP,GO:0007498,mesoderm development,0.04525150533413766,True,"""The process whose specific outcome is the progression of the mesoderm over time, from its formation to the mature structure. The mesoderm is the middle germ layer that develops into muscle, bone, cartilage, blood and connective tissue."" [GOC:dph, GOC:tb]",136,172,5,20972,0.029069767441860465,0.03676470588235294,query_1,['GO:0009888']
GO:BP,GO:0030324,lung development,0.04569532087404482,True,"""The process whose specific outcome is the progression of the lung over time, from its formation to the mature structure. In all air-breathing vertebrates the lungs are developed from the ventral wall of the oesophagus as a pouch which divides into two sacs. In amphibians and many reptiles the lungs retain very nearly this primitive sac-like character, but in the higher forms the connection with the esophagus becomes elongated into the windpipe and the inner walls of the sacs become more and more divided, until, in the mammals, the air spaces become minutely divided into tubes ending in small air cells, in the walls of which the blood circulates in a fine network of capillaries. In mammals the lungs are more or less divided into lobes, and each lung occupies a separate cavity in the thorax."" [GOC:jid, UBERON:0002048]",194,172,6,20972,0.03488372093023256,0.030927835051546393,query_1,"['GO:0030323', 'GO:0048513', 'GO:0060541']"
KEGG,KEGG:04519,Cadherin signaling,0.04597383001152485,True,Cadherin signaling,399,89,12,8716,0.1348314606741573,0.03007518796992481,query_1,['KEGG:00000']
GO:BP,GO:0040013,negative regulation of locomotion,0.04614327826148064,True,"""Any process that stops, prevents, or reduces the frequency, rate or extent of locomotion of a cell or organism."" [GOC:go_curators]",325,172,8,20972,0.046511627906976744,0.024615384615384615,query_1,"['GO:0040011', 'GO:0040012', 'GO:0048519']"
GO:BP,GO:0006576,biogenic amine metabolic process,0.04614327826148064,True,"""The chemical reactions and pathways occurring at the level of individual cells involving any of a group of naturally occurring, biologically active amines, such as norepinephrine, histamine, and serotonin, many of which act as neurotransmitters."" [GOC:jl, ISBN:0395825172]",86,172,4,20972,0.023255813953488372,0.046511627906976744,query_1,['GO:0009308']
GO:BP,GO:0001523,retinoid metabolic process,0.04614327826148064,True,"""The chemical reactions and pathways involving retinoids, any member of a class of isoprenoids that contain or are derived from four prenyl groups linked head-to-tail. Retinoids include retinol and retinal and structurally similar natural derivatives or synthetic compounds, but need not have vitamin A activity."" [ISBN:0198506732]",86,172,4,20972,0.023255813953488372,0.046511627906976744,query_1,['GO:0016101']
GO:BP,GO:0032456,endocytic recycling,0.04614327826148064,True,"""The directed movement of membrane-bounded vesicles from endosomes back to the plasma membrane, a trafficking pathway that promotes the recycling of internalized transmembrane proteins."" [PMID:16473635, PMID:23563491]",86,172,4,20972,0.023255813953488372,0.046511627906976744,query_1,"['GO:0016197', 'GO:0098876']"
GO:BP,GO:0014896,muscle hypertrophy,0.04614327826148064,True,"""The muscle system process that results in enlargement or overgrowth of all or part of a muscle organ due to an increase in the size of its muscle cells. Physiological hypertrophy is a normal process during development (it stops in cardiac muscle after adolescence) and can also be brought on in response to demand. In athletes cardiac and skeletal muscles undergo hypertrophy stimulated by increasing muscle activity on exercise. Smooth muscle cells in the uterus undergo hypertrophy during pregnancy."" [GOC:mtg_muscle]",86,172,4,20972,0.023255813953488372,0.046511627906976744,query_1,['GO:0003012']
GO:BP,GO:0030501,positive regulation of bone mineralization,0.04691000182023087,True,"""Any process that activates or increases the frequency, rate or extent of bone mineralization."" [GOC:go_curators]",44,172,3,20972,0.01744186046511628,0.06818181818181818,query_1,"['GO:0030282', 'GO:0030500', 'GO:0045778', 'GO:0070169']"
GO:BP,GO:1903540,establishment of protein localization to postsynaptic membrane,0.04721090504306323,True,"""The directed movement of a protein to a specific location in a postsynaptic membrane."" [GO_REF:0000087, GOC:kmv, GOC:TermGenie, PMID:9753322]",14,172,2,20972,0.011627906976744186,0.14285714285714285,query_1,['GO:0090150']
GO:BP,GO:1902548,negative regulation of cellular response to vascular endothelial growth factor stimulus,0.04721090504306323,True,"""Any process that stops, prevents or reduces the frequency, rate or extent of cellular response to vascular endothelial growth factor stimulus."" [GOC:BHF, GOC:rl, GOC:TermGenie, PMID:17895370]",14,172,2,20972,0.011627906976744186,0.14285714285714285,query_1,"['GO:0035924', 'GO:0090288', 'GO:1902547']"
GO:BP,GO:0048715,negative regulation of oligodendrocyte differentiation,0.04721090504306323,True,"""Any process that stops, prevents, or reduces the frequency, rate or extent of oligodendrocyte differentiation."" [GOC:vp, PMID:15139015]",14,172,2,20972,0.011627906976744186,0.14285714285714285,query_1,"['GO:0045686', 'GO:0048709', 'GO:0048713']"
GO:BP,GO:0003084,positive regulation of systemic arterial blood pressure,0.04721090504306323,True,"""The process that increases the force with which blood travels through the systemic arterial circulatory system."" [GOC:mtg_cardio]",14,172,2,20972,0.011627906976744186,0.14285714285714285,query_1,"['GO:0003073', 'GO:0045777']"
GO:BP,GO:0035418,protein localization to synapse,0.04733872829058259,True,"""Any process in which a protein is transported to, and/or maintained at the synapse, the junction between a nerve fiber of one neuron and another neuron or muscle fiber or glial cell."" [GOC:bf]",87,172,4,20972,0.023255813953488372,0.04597701149425287,query_1,['GO:1902414']
GO:BP,GO:0030323,respiratory tube development,0.048857019492709916,True,"""The process whose specific outcome is the progression of the respiratory tube over time, from its formation to the mature structure. The respiratory tube is assumed to mean any tube in the respiratory tract."" [GOC:jid]",198,172,6,20972,0.03488372093023256,0.030303030303030304,query_1,"['GO:0035295', 'GO:0048513']"
GO:BP,GO:0014888,striated muscle adaptation,0.04908731078209365,True,"""Any process in which striated muscle adapts, with consequent modifications to structural and/or functional phenotypes, in response to a stimulus. Stimuli include contractile activity, loading conditions, substrate supply, and environmental factors. These adaptive events occur in both muscle fibers and associated structures (motoneurons and capillaries), and they involve alterations in regulatory mechanisms, contractile properties and metabolic capacities."" [GOC:mtg_muscle]",45,172,3,20972,0.01744186046511628,0.06666666666666667,query_1,['GO:0043500']
